sourceKeyword,sourceKeywords,PRDLST_NM,PRDLST_DCNM,POG_DAYCNT,QLITY_MNTNC_TMLMT_DAYCNT,BSSH_NM,PRDLST_REPORT_NO,PRMS_DT,LAST_UPDT_DTM
오리,오리,!페스츄리 호두과자-오리지널,과자,12개월,,(주)더베이커리랩 제2공장,20130355300939,20230828,20230831
스테이크소스,스테이크소스,?스테이크소스,소스,6개월,,(주)시아스,200504150201401,20120516,20181130
귤,귤,'깔' 좋은 여성 귤피차,침출차,제조일부터 2년 까지,,금향다원,2008062105113,20150326,20160706
초장,초장,'더' 맛있는 양념초장,소스,제조일로부터 12개월까지,,(주)호반식품,201604150511516,20250811,20250812
식초,식초,'쓴맛'없는여주천연발효식초,발효식초,24개월,24개월,시내들,201906171748,20240712,20240713
수박,수박,'얼린' 생 수박주스,과.채주스,제조일로부터 3년 이내,,건강한사람들 주식회사,201904773393175,20230127,20230927
수박,수박,'얼린' 생 수박주스,과.채주스,24개월,,(주)우양 청송공장,2013056400127,20170111,20210105
수박,수박,'얼린' 생 수박주스,과.채주스,제조일로부터 24개월,,(주)흥국에프엔비,20110445292373,20170613,20170701
수박,수박,'얼린' 생 수박주스,과.채주스,제조일로부터 3년까지,,넥스트바이오 주식회사,20170395062272,20241217,20250627
당근,당근,'얼린' 에이비씨주스 사과&비트&당근,과.채주스,제조일로부터 3년까지,,(주)우양 청송공장,2013056400169,20200424,20230317
당근,당근,'얼린' 에이비씨주스 사과&비트&당근,과.채주스,제조일로부터 3년까지,,넥스트바이오 주식회사,20170395062179,20250320,20250322
주스,주스,'얼린' 패션프루츠주스,과.채주스,제조일로부터 3년까지,,(주)우양 청송공장,2013056400179,20210104,20230317
귤,귤,'얼린' 폰칸 감귤주스,과.채주스,제조일로부터 3년까지,,넥스트바이오 주식회사,20170395062298,20250612,20250627
주스,주스,'얼린' 폰칸주스,과.채주스,제조일로부터 3년까지,,(주)우양 청송공장,2013056400172,20200615,20230317
죽,죽,'정깊은' 오디죽염 청국장,청국장,,해당없음,삼보식품 주식회사,2007050101425,20150527,20240117
딸기,딸기,"""딸기콩포트""",잼,제조일부터 3개월,,(주)프레시코,19910464049539,20250707,20251204
낙지,낙지,"""맛돌""낙지 복음 양념장",복합조미식품,제조일로부터 90일,,청호식품,199304730954,19940526,20160707
차,차,"""오늘맑음""부드러운 결명자차",침출차,제조일로부터 24개월,제조일로부터 24개월,부엉이네 오솔길,2020047733044,20240920,20240924
새우,새우,"""외갓집 곳간"" 갓 잡아올린 국내산 싱싱 새우젓",젓갈,12개월,,(주)산마루식품,201705430166,20260520,20260606
바나나,바나나,"""찐""바나나칩",과.채가공품,제조일로부터 12개월,,다산명작협동조합,2018052600219,20200806,20200808
새우,새우,"""THE바삭""깐쇼새우",기타 수산물가공품,제조일로부터 12개월,,대인에프앤씨 주식회사,19660202002131,20240418,20250917
고구마,고구마,(900달러피자)고구마피자소스,소스,제조일로부터 12개월까지,,주식회사 혜성식품,20010263055980,20250219,20250226
피자,피자,(900달러피자)냉동볼도우,빵류,제조일로부터 9개월(냉동),제조일로부터 9개월,(주)호밀,20200389589134,20250319,20250401
토마토,토마토,(900달러피자)토마토소스,소스,제조일로부터 12개월까지,,주식회사 혜성식품,20010263055981,20250219,20250226
피자,피자,(91컴퍼니)디트로이트 피자도우,빵류,제조일로부터 9개월 까지,,그린식품(주),19900364031708,20240131,20260201
치즈,치즈,(99핫도그)크리스피 치즈 반반 핫도그,빵류,제조일로부터 9개월,,주식회사키큰아이,20170549035216,20230313,20241218
핫도그,핫도그,(99핫도그)크리스피핫도그,빵류,제조일로부터 9 개월,,주식회사키큰아이,20170549035215,20230313,20240605
딸기,딸기,(가또)가나슈 딸기초코 케이크,빵류,제조일로부터 12개월,,(주)가또케익,20040347013432,20250824,20260411
치즈,치즈,(가또)뉴욕치즈케익,빵류,제조일로부터 12개월,,(주)가또케익,20040347013431,20250813,20251002
생크림,생크림,(가또)딸기생크림 케이크,빵류,제조일로부터 12개월,,(주)가또케익,20040347013434,20250827,20251002
딸기,딸기,(가또)딸기포레누아 라운드 케이크,빵류,제조일로부터 12개월,,(주)가또케익,20040347013425,20250703,20250719
우유,우유,(가또)미니우유케이크,빵류,제조일로부터 12개월,,(주)가또케익,20040347013423,20250630,20250719
치즈,치즈,(가또)수플레치즈 케이크,빵류,제조일로부터12개월,,(주)가또케익,20040347013428,20250703,20250719
블루베리,블루베리,(가칭) 파이토레시피 올크치 (블루베리),모조치즈,제조일로부터 6개월,,주식회사 플랜트팻,202503730438,20260423,20260425
간장,간장,(간장)깐풍기소스,소스,제조일로부터 6개월까지,,엠지푸드솔루션 주식회사,200100535801830,20230404,20230406
갈치,갈치,(갈치)연육,연육,제조일로부터 24개월,,제일식품,200301444135,20200610,20201217
갈치,갈치,(갈치)연육,연육,제조일로부터 2년까지,,남해씨푸드(주),202308684062,20231128,20231205
갈치,갈치,(갈치)연육A,연육,제조일로부터 2년까지,,남해씨푸드(주),202308684063,20231220,20231222
갈치,갈치,(갈치)연육B,연육,제조일로부터 2년까지,,남해씨푸드(주),202308684065,20241021,20241030
갈치,갈치,(갈치)연육C,연육,제조일로부터 2년까지,,남해씨푸드(주),202308684066,20250203,20250213
감자,감자,(감자핫도그),빵류,제조일로부터 9개월까지,,(주)명품푸드,20160364601128,20190902,20260201
소스,소스,(갓잇) 비건 트러플향 마요소스,소스,제조일로부터3개월까지,,(주)대유푸드,200904150481066,20240403,20240404
소스,소스,(갓잇)보울소스,소스,제조일로부터 3개월,,(주)대유푸드,20090415048980,20230603,20230606
소스,소스,(갓잇)불닭렌치소스,소스,제조일로부터 3개월까지,,(주)대유푸드,200904150481138,20241023,20250326
소스,소스,(갓잇)불닭엔칠소스,소스,제조일로부터 12개월까지,,(주)대유푸드,200904150481174,20241206,20241210
소스,소스,(갓잇)엔칠크림소스,소스,제조일로부터 12개월까지,,(주)대유푸드,200904150481190,20250131,20260530
소스,소스,(갓잇)치미추리소스,소스,제조일로부터 12개월까지,,(주)대유푸드,200904150481242,20250530,20250628
소스,소스,(갓잇)치폴레렌치소스,소스,제조일로부터 3개월,,(주)대유푸드,20090415048981,20230603,20230606
소스,소스,(갓잇)칠리콘카르네소스,소스,제조일로부터 12개월,,(주)대유푸드,20090415048942,20230417,20241106
무,무,(개두릅)음나무순장아찌,절임식품,,제조일로부터 12개월,수림원 농업회사법인 주식회사,201004640703,20130128,20161011
고등어,고등어,(건)고구마순고등어조림,조림류,제조일로부터 6일,,라임에프앤비(주),20210222240448,20221209,20240201
된장,된장,(고궁)집된장,된장,1년,,고궁,2003037607095,20180109,20180120
새우,새우,(고메)깐쇼새우,기타 수산물가공품,제조일로 부터 12개월까지,,초산씨푸드(주),2019014484099,20221219,20260207
간장,간장,(고베규카츠)간장소스,소스,냉장6개월,,(주)다미푸드텍,200204451302150,20250519,20250523
소스,소스,(고베규카츠)단호박크림소스,소스,냉장2개월,,(주)다미푸드텍,200204451302170,20250604,20260203
소스,소스,(고베규카츠)매콤불닭소스,소스,냉장6개월,,(주)다미푸드텍,200204451302155,20250519,20250521
고추,고추,(고추장)깐풍기소스,소스,제조일로부터 6개월까지,,엠지푸드솔루션 주식회사,200100535801831,20230404,20230406
고추,고추,(고추장)찌개용진양념,소스,제조일로부터 9개월,,매일식품주식회사,19550509001438,20180416,20241213
국수,국수,(고향보쌈칼국수) 파전믹스,곡류가공품,제조일로부터 12개월까지,,주식회사 제이푸드서비스,20110360063503,20260112,20260206
국수,국수,(고향보쌈칼국수)김치다대기,소스,제조일부터 9개월까지,,성신푸드,20050360078184,20260205,20260207
국수,국수,(고향보쌈칼국수)생칼국수면대,생면,제조이로부터 60일,,성신푸드,20050360078183,20260205,20260207
국수,국수,(고향보쌈칼국수)얼큰해물육수원액,소스,제조일로부터 9개월 냉동보관,,성신푸드,20050360078185,20260205,20260207
국수,국수,(고향보쌈칼국수)칼국수면대,생면,제조일부터 9개월까지,,성신푸드,20050360078186,20260213,20260217
김,김,(교동면옥)나박물김치,김치,제조일로부터60일,,(주)원정푸드,2021015701931,20220209,20230623
무,무,(교동면옥)냉면무김치,김치,제조일로부터 180일,,(주)원정푸드,2021015701927,20220209,20220212
김,김,(교동면옥)백김치,김치,제조일로부터 45일,,(주)원정푸드,2021015701930,20220209,20230623
무,무,(교동면옥)열무물김치,김치,제조일로부터60일,,(주)원정푸드,2021015701932,20220209,20240112
김,김,(교동면옥)포기김치,김치,제조일로부터90일,,(주)원정푸드,2021015701929,20220209,20260108
소스,소스,(국)쭈꾸미소스,소스,제조일로부터 12개월,생략,주식회사 태범프레시,2021039820737,20231117,20260207
낙지,낙지,(국내산 채소로 만든)얼큰낙지김치죽,즉석조리식품,제조일로부터 9개월까지,,주식회사 동방푸드마스타,1991044507710215,20260528,20260529
소스,소스,(국내산 채소로 만든)하이라이스 덮밥 소스,소스,제조일로부터 9개월까지,,주식회사 동방푸드마스타,1991044507710198,20260528,20260603
멸치,멸치,(국내산) 멸치무침,절임식품,제조일로부터 180일,,(주)순할머니반찬,19910042026108,20120220,20221023
무,무,(국내산)홍가리비초무침,절임식품,제조일로부터 7일,,라임에프앤비(주),20210222240614,20241216,20241219
깻잎,깻잎,(국산)간장깻잎,절임식품,제조일로부터180일까지,,(주)순할머니반찬,19910042026142,20180116,20221007
고추,고추,(국산)고추무침,절임식품,제조일로부터 180일,,(주)순할머니반찬,19910042026103,20120220,20221010
고추,고추,(국산)고추양념무침,절임식품,제조일로부터 180일,생략,농업회사법인 소생로컬푸드 주식회사 제2공장,20210559160376,20240613,20240615
깻잎,깻잎,(국산)깻잎무침,절임식품,제조일로부터180일까지,,(주)순할머니반찬,19910042026141,20180116,20221010
고추,고추,(국산)된장고추,절임식품,제조일로부터 180일,,(주)순할머니반찬,1991004202699,20120220,20201224
깻잎,깻잎,(국산)된장깻잎,절임식품,제조일로부터 180일까지,,(주)순할머니반찬,19910042026143,20180118,20221010
무,무,(국산)무말랭이,절임식품,제조일로부터 180일,,(주)순할머니반찬,19910042026100,20120220,20221023
오이,오이,(국산)오이무침,절임식품,제조일로부터180일까지,,(주)순할머니반찬,19910042026144,20180123,20221007
김,김,(군)갓김치,김치,제조일로부터 90일,,(주)동심,19820433005198,20200110,20230119
김,김,(군)김장김치,김치,제조일로부터 90일,,(주)동심,19820433005188,20200110,20230120
김,김,(군)막김치,김치,제조일로부터 90일,,(주)동심,19820433005190,20200110,20230119
김,김,(군)물김치,김치,제조일로부터 90일,,(주)동심,19820433005199,20200110,20230119
배추,배추,(군)배추김치,김치,제조일로부터 90일,,(주)동심,19820433005189,20200110,20230119
김,김,(군)백김치,김치,제조일로부터 90일,,(주)동심,19820433005197,20200110,20230119
배추,배추,(군)양배추김치,김치,제조일로부터 90일,,(주)동심,19820433005192,20200110,20230119
무,무,(군)열무김치,김치,제조일로부터 90일,,(주)동심,19820433005193,20200110,20230119
오이,오이,(군)오이김치,김치,제조일로부터 90일,,(주)동심,19820433005195,20200110,20230119
오이,오이,(군)오이소박이,김치,제조일로부터 90일,,(주)동심,19820433005196,20200110,20230119
김,김,(군)총각김치,김치,제조일로부터 90일,,(주)동심,19820433005194,20200110,20230119
김,김,(군)파김치,김치,제조일로부터 90일,,(주)동심,19820433005200,20200110,20230120
바나나,바나나,(굿푸드)바나나베이스,음료베이스,제조일부터 6개월 (냉장보관),,(주)동원홈푸드,2002046107315368,20241125,20241126
소스,소스,(굿푸드)제육볶음소스,소스,제조일부터 6개월 (냉장보관),,(주)동원홈푸드,2002046107315529,20250122,20250123
소스,소스,(굿푸드)제육볶음소스,소스,제조일부터 6개월 (냉장보관),,(주)동원홈푸드,201904421492511,20250122,20250201
소스,소스,(깻떡)달콤소스,소스,제조일로부터 12개월,,주식회사 혜성식품,20010263055914,20240715,20240719
꿀,꿀,"(꽃)꿀,바람떡",떡류,제조일로부터 3일,,노아외식산업 주식회사,20160237183256,20220805,20241105
꿀,꿀,(꽃)꿀떡,떡류,제조일로부터 3일,,노아외식산업 주식회사,20160237183199,20210506,20260324
꿀,꿀,(꽃)꿀떡(궁),떡류,제조일로부터 12개월,,노아외식산업 주식회사,20160237183180,20200604,20260324
소스,소스,(나나방콕)?얌소스,소스,제조일로부터 6개월까지,,(주)에프앤에스식품,202103521781954,20251120,20251220
소스,소스,(나나방콕)고기양념소스,소스,제조일로부터 4개월,,태원식품산업(주),1985031100114831,20240813,20241008
소스,소스,(나나방콕)느억맘소스,소스,제조일로부터 6개월까지,,(주)에프앤에스식품,202103521781947,20251117,20251120
볶음밥,볶음밥,(나나방콕)볶음밥소스,소스,제조일로부터 6개월까지,,(주)에프앤에스식품,202103521781953,20251118,20251220
볶음밥,볶음밥,(나나방콕)볶음밥소스(조리용),소스,제조일로부터 6개월,,태원식품산업(주),1985031100115285,20241219,20241228
볶음밥,볶음밥,(나나방콕)볶음밥소스(조리용),소스,제조일로부터 6개월까지,,(주)에프앤에스식품,202103521781948,20251120,20260123
불고기,불고기,(나나방콕)불고기소스,소스,제조일로부터 5개월,,태원식품산업(주),1985031100114833,20240813,20241008
불고기,불고기,(나나방콕)불고기소스,소스,제조일로부터 6개월까지,,(주)에프앤에스식품,202103521781938,20251110,20251120
양파,양파,(나나방콕)양파절임소스,소스,제조일로부터 6개월까지,,(주)에프앤에스식품,202103521781950,20251117,20251127
양파,양파,(나나방콕)양파절임소스,소스,제조일로부터 6개월,,태원식품산업(주),1985031100114832,20240813,20240820
치킨,치킨,(나나방콕)타이캐슈넛치킨소스,소스,제조일로부터 6개월까지,,주식회사 동방푸드마스타,199104450779435,20240822,20240823
쿠키,쿠키,(냉)모카쿠키찰빵,빵류,제조일로부터 9개월까지,,(주)굿투베이크,20100275218399,20240416,20240427
블루베리,블루베리,(냉)블루베리베이글F,빵류,제조일부터 6개월까지(-18℃ 이하),,(주)에이비피홀딩스,20050275198430,20221013,20221019
사과,사과,(냉)사과파이,빵류,제조일로부터 12개월까지 (냉동보관 -18℃이하),,(주)닥터브레드,20230501149195,20240823,20251119
소시지,소시지,(냉)소시지롤,빵류,제조일로부터 6개월까지,,화이트도우,2009027510493,20180725,20220819
치즈,치즈,(냉)찹쌀치즈볼,빵류,제조일로부터 6개월까지,,(주)굿투베이크,20100275218294,20190614,20250524
치즈,치즈,(냉)치즈볼,빵류,제조일로부터 6개월까지,,(주)굿투베이크,20100275218291,20190427,20250527
쿠키,쿠키,(냉)쿠키찰빵,빵류,제조일로부터 9개월까지,,(주)굿투베이크,20100275218346,20210602,20240403
우유,우유,(냉)탕종우유식빵,빵류,제조일부터 9개월까지(-18℃ 이하),,(주)비씨2000,20120275156162,20220119,20230824
우유,우유,(냉)통밀우유식빵,빵류,제조일로부터 9개월까지,,(주)비씨2000,20120275156241,20250507,20250509
쿠키,쿠키,(냉)통밀쿠키,빵류,제조일로부터 6개월까지,,(주)에이비피홀딩스,20050275198390,20190520,20220619
쿠키,쿠키,(냉)플레인쿠키,빵류,제조일로부터 6개월까지,,(주)굿투베이크,20100275218285,20190415,20220618
치즈,치즈,(냉)흑미치즈볼,빵류,제조일로부터 6개월까지,,(주)굿투베이크,20100275218303,20191016,20250524
어묵,어묵,"(냉동, 쿠팡)바른어묵 얇은사각",어묵,제조일로부터 12개월 까지,,(주)동원에프앤비 진천2공장,2025067241124,20260505,20260507
케이크,케이크,(냉동) 초코크런치 팝시클케이크,빵류,제조일로부터 냉동 9개월,제조일로부터 냉동 9개월,(주)대하,202205292164,20220726,20221111
고구마,고구마,(냉동)고구마무스,빵류,제조일로부터 180 일,,(주)현대그린푸드 베이커리공장,2016027538810,20161226,20241102
불고기,불고기,(냉동)고기듬뿍 서울식 버섯 불고기,즉석조리식품,제조일로부터 12개월,,주식회사제일씨엔에프(C&F),2021021229899,20220328,20250424
버터,버터,(냉동)고메 버터 크루아상,빵류,냉동보관(-18℃이하) / 제조일로부터 9개월,,주식회사 더블스윗,2023048916890,20250723,20250807
샌드위치,샌드위치,(냉동)깜빠뉴샌드위치빵,빵류,제조일로부터 90일,,(주)현대그린푸드 베이커리공장,20160275388217,20200320,20240813
볶음밥,볶음밥,(냉동)나나네 볶음밥 야채,과.채가공품,제조일로 24개월,,(주)케이푸드,20040614770306,20240131,20240208
카레,카레,(냉동)나나네 카레 야채,과.채가공품,제조일로 24개월,,(주)케이푸드,20040614770309,20240131,20240208
차,차,(냉동)녹차롤,빵류,제조일로부터 90일,,(주)현대그린푸드 베이커리공장,20160275388139,20170621,20250730
무,무,(냉동)녹차무스케익,빵류,제조일로부터 6개월까지,-18℃이하 냉동보관시 제조일로부터 6개월,(주)북해도스위트코리아,2014045904050,20240807,20251014
차,차,(냉동)녹차휘낭시에,빵류,제조일로부터 90일,,(주)현대그린푸드 베이커리공장,20160275388353,20210728,20240327
치즈,치즈,(냉동)뉴욕치즈,빵류,90일,,(주)현대그린푸드 베이커리공장,2016027538812,20161226,20250726
치즈,치즈,(냉동)뉴욕치즈,빵류,제조일로부터 6개월까지,-18℃이하 냉동보관시 제조일로부터 6개월,(주)북해도스위트코리아,2014045904048,20240805,20250709
치즈,치즈,(냉동)뉴욕치즈타르트,빵류,제조일로부터 90일,,(주)현대그린푸드 베이커리공장,20160275388178,20181001,20240326
떡볶이,떡볶이,(냉동)담짜 떡볶이,즉석조리식품,제조일로부터 12개월,,주식회사제일씨엔에프(C&F),20210212298174,20260323,20260326
떡볶이,떡볶이,(냉동)담짜 로제 떡볶이,즉석조리식품,제조일로부터 12개월,,주식회사제일씨엔에프(C&F),20210212298175,20260323,20260326
당근,당근,(냉동)당근시트,빵류,제조일로부터 180일,,(주)현대그린푸드 베이커리공장,20160275388457,20240314,20240321
당근,당근,(냉동)당근케익,빵류,제조일로부터 90일,,(주)현대그린푸드 베이커리공장,20160275388197,20190909,20240327
쿠키,쿠키,(냉동)더블퍼지쿠키,과자,제조일로부터 180일,,(주)현대그린푸드 베이커리공장,20160275388497,20250226,20250304
무,무,(냉동)라즈베리무스케익,빵류,제조일로부터 6개월까지,-18℃이하 냉동보관시 제조일로부터 6개월,(주)북해도스위트코리아,2014045904051,20240807,20251014
갈비,갈비,(냉동)마블킹 갈비살 스테이크,즉석조리식품,제조일로부터 12개월,,주식회사제일씨엔에프(C&F),2021021229895,20220328,20231213
차,차,(냉동)마차 쿠키,과자,냉동보관(-18℃이하) / 제조일로부터 12개월,,주식회사 더블스윗,2023048916893,20250909,20260529
쿠키,쿠키,(냉동)마카다미아 쿠키,과자,냉동보관(-18℃이하) / 제조일로부터 12개월,,주식회사 더블스윗,2023048916892,20250909,20260529
파스타,파스타,(냉동)매콤 빠네 크림파스타,즉석조리식품,제조일로부터 12개월,,주식회사제일씨엔에프(C&F),2021021229897,20220328,20231213
떡볶이,떡볶이,(냉동)매콤한 우삼겹 즉석 떡볶이,즉석조리식품,제조일로부터 12개월,,주식회사제일씨엔에프(C&F),20210212298110,20220329,20231213
치즈,치즈,(냉동)무화과크림치즈휘낭시에,빵류,제조일로부터 180일,,(주)현대그린푸드 베이커리공장,20160275388547,20251010,20251014
딸기,딸기,(냉동)미니딸기맛도넛,빵류,냉동 9개월,,SM푸드(에스엠푸드),2019035848282,20240622,20240625
소금,소금,(냉동)바게트 소금빵,빵류,냉동보관(-18℃이하) / 제조일로부터 9개월,,주식회사 더블스윗,2023048916889,20250723,20250819
빵,빵,(냉동)바게트빵(슬라이스),빵류,냉동 200일,,(주)신라명과,19930618060967,20220608,20260530
어묵,어묵,(냉동)바른어묵 국탕용종합,어묵,제조일로부터 12개월 까지,,(주)동원에프앤비 진천2공장,2025067241135,20260518,20260520
케이크,케이크,(냉동)바스크케이크,빵류,제조일부터 180일,,(주)현대그린푸드 베이커리공장,20160275388496,20250221,20250726
소금,소금,(냉동)바질소금빵,빵류,냉동 6개월,,달콤한위로,202200602959,20230824,20230826
토마토,토마토,(냉동)바질토마토스콘,빵류,제조일로부터 90일,,(주)현대그린푸드 베이커리공장,20160275388348,20210712,20250206
버터,버터,(냉동)버터떡,빵류,제조일로부터 180일,,(주)현대그린푸드 베이커리공장,20160275388586,20260401,20260404
블루베리,블루베리,(냉동)블루베리롤,빵류,제조일로부터 90일,,(주)현대그린푸드 베이커리공장,20160275388140,20170621,20250730
치즈,치즈,(냉동)빅불고기치즈벅,즉석조리식품,제조일로부터 12개월까지,,주식회사 대신에프에스,20160501105244,20251217,20251225
새우,새우,(냉동)새우몽땅 감바스 알아히요,즉석조리식품,제조일로부터 12개월,,주식회사제일씨엔에프(C&F),2021021229898,20220328,20231213
소금,소금,(냉동)소금빵 생지,빵류,제조일로부터 180일,,달콤한위로,202200602958,20230821,20230824
치즈,치즈,(냉동)수플레치즈케이크,빵류,제조일로부터 180일,,(주)현대그린푸드 베이커리공장,20160275388281,20200730,20260407
쌀,쌀,(냉동)쌀치아바타,빵류,제조일부터 90일,,(주)현대그린푸드 베이커리공장,20160275388553,20251024,20251030
쌀,쌀,(냉동)쌀케이크,빵류,제조일부터 6개월 냉동,,틔움직업재활센터,20090221004153,20200406,20220305
치즈,치즈,(냉동)아메리칸치즈케익,빵류,90일,,(주)현대그린푸드 베이커리공장,20160275388234,20200513,20230825
무,무,(냉동)얼그레이무화과스콘,빵류,제조일로부터 90일,,(주)현대그린푸드 베이커리공장,20160275388350,20210712,20240327
연어,연어,(냉동)연어,기타 수산물가공품,제조일로부터 1년까지,,(주)부일,20160368033141,20230920,20230927
연어,연어,(냉동)연어살,기타수산물냉동,제조일로부터 1년까지,,(주)부일,20160368033123,20220329,20230915
오렌지,오렌지,(냉동)오렌지시트,빵류,제조일로부터 90일,,(주)현대그린푸드 베이커리공장,20160275388187,20190326,20230926
오렌지,오렌지,(냉동)오렌지위크엔드,빵류,제조일로부터 90일,,(주)현대그린푸드 베이커리공장,20160275388215,20200221,20250213
차,차,(냉동)우리밀 말차 초코파이,빵류,냉동 365일,-,주식회사강동오케익1공장,2018048518319,20220811,20240117
오리,오리,(냉동)우리밀 오리지널 초코파이,빵류,냉동 365일,―,주식회사강동오케익1공장,2018048518315,20220811,20240117
치즈,치즈,(냉동)우리밀 치즈 초코파이,빵류,냉동 365일,-,주식회사강동오케익1공장,2018048518318,20220811,20240117
블루베리,블루베리,(냉동)우리쌀 수제 블루베리 시나몬 초코파이,빵류,제조일로부터 12개월,제조일로부터 12개월,주식회사강동오케익1공장,2018048518370,20260413,20260416
쌀,쌀,(냉동)우리쌀 수제 얼그레이 초코파이,빵류,제조일로부터 12개월,제조일로부터 12개월,주식회사강동오케익1공장,2018048518398,20260415,20260416
쌀,쌀,(냉동)우리쌀 수제 제주 말차 초코파이,빵류,제조일로부터 12개월,제조일로부터 12개월,주식회사강동오케익1공장,2018048518325,20260413,20260415
유정란,유정란,(냉동)유정란카스테라,빵류,냉동 90일,,(주)신라명과,198402880181966,20190409,20190416
파스타,파스타,(냉동)이탈리안 쉬림프 로제파스타,즉석조리식품,제조일로부터 12개월,,주식회사제일씨엔에프(C&F),20210212298111,20220329,20231213
쿠키,쿠키,(냉동)잉글리쉬토피쿠키,과자,제조일로부터 180일,,(주)현대그린푸드 베이커리공장,20160275388499,20250226,20250304
샌드위치,샌드위치,(냉동)잡곡샌드위치빵,빵류,제조일로부터 90일,,(주)현대그린푸드 베이커리공장,20160275388218,20200320,20250402
감자,감자,(냉동)정통 통뼈 우거지 가득 감자탕,즉석조리식품,제조일로부터 12개월,,주식회사제일씨엔에프(C&F),20210212298114,20220329,20231213
무,무,(냉동)초코무스케익,빵류,제조일로부터 6개월까지,-18℃이하 냉동보관시 제조일로부터 6개월,(주)북해도스위트코리아,2014045904049,20240807,20251014
케이크,케이크,(냉동)초코수플레케이크,빵류,제조일로부터 180일,,(주)현대그린푸드 베이커리공장,20160275388456,20240314,20240321
쿠키,쿠키,(냉동)초코쿠키머핀,빵류,제조일로 부터 90일,,(주)현대그린푸드 베이커리공장,20160275388126,20170417,20241205
쿠키,쿠키,(냉동)초콜릿 칩 쿠키,과자,냉동보관(-18℃이하) / 제조일로부터 12개월,,주식회사 더블스윗,2023048916894,20250909,20260529
떡볶이,떡볶이,(냉동)추억의 쟁반 떡볶이,즉석조리식품,제조일로부터 12개월,,주식회사제일씨엔에프(C&F),20210212298113,20220329,20231201
치즈,치즈,(냉동)치즈브레드,빵류,제조일로부터12개월,,주식회사 대신에프에스,20160501105242,20251021,20251024
치즈,치즈,(냉동)치즈케이크,빵류,제조일로부터 180일,,(주)현대그린푸드 베이커리공장,20160275388381,20211209,20231026
케이크,케이크,(냉동)케이크오랑쥬,빵류,90일,,(주)현대그린푸드 베이커리공장,2016027538866,20161227,20250213
쿠키,쿠키,(냉동)크랜베리월넛쿠키,과자,제조일로부터 180일,,(주)현대그린푸드 베이커리공장,20160275388498,20250226,20250304
치즈,치즈,(냉동)크림치즈머핀,빵류,제조일로 부터 90일,,(주)현대그린푸드 베이커리공장,20160275388127,20170417,20240327
케이크,케이크,(냉동)클래식 너티 초코케이크,빵류,제조일로부터 6개월까지,해당없음.,(주)북해도스위트코리아,2014045904047,20240711,20240716
무,무,(냉동)통밀무화과빵,빵류,제조일로부터 90일,,(주)현대그린푸드 베이커리공장,20160275388392,20220516,20220520
치즈,치즈,(냉동)파치즈스콘,빵류,제조일로부터 90일,,(주)현대그린푸드 베이커리공장,20160275388347,20210712,20240327
치즈,치즈,(냉동)허니치즈카스테라,빵류,제조일로부터 90일,,(주)현대그린푸드 베이커리공장,20160275388162,20180525,20260407
쌀,쌀,(냉동)홍국쌀휘낭시에,빵류,제조일로부터 90일,,(주)현대그린푸드 베이커리공장,20160275388354,20210727,20240327
쿠키,쿠키,(냉동)흑임자 쿠키,과자,냉동보관(-18℃이하) / 제조일로부터 12개월,,주식회사 더블스윗,2023048916895,20250909,20260529
떡볶이,떡볶이,(냉동)CB떡볶이스프,복합조미식품,제조일로부터 18개월,,(주)송림에프에스,20180450029976,20211019,20211022
감자,감자,(냉동생)감자떡,떡류,제조일로부터 2년,,다복솔식품,200604941366,20061220,20240611
감자,감자,(냉동생)백련초감자떡,떡류,제조일로부터 2년,,다복솔식품,200604941365,20061220,20240611
감자,감자,(냉동생)호박감자떡,떡류,제조일로부터 2년,,다복솔식품,200604941363,20061220,20240611
소금,소금,(냉동생지) 수제 소금빵 (80g),빵류,별도 표기일까지,-18℃이하 냉동 보관시 6개월,주식회사 해든,20200600351117,20251208,20251211
갈치,갈치,(냉장) 손질갈치,기타 수산물가공품,제조일로부터 5일,,(주)대풍수산식품,20130128263110,20211202,20211207
갈비,갈비,(냉장)수원왕갈비맛소스,소스,"냉장, 6개월",,(주)시아스,200504150203300,20190227,20190301
쿠키,쿠키,(냉장)아몬드쿠키,과자,제조일로부터 30일까지,,서울식품공업(주),198504330151904,20180201,20260203
떡볶이,떡볶이,(놀숲)떡볶이소스TH(아주순한맛),복합조미식품,제조일로부터 12개월,,그린식품 2공장,2024053020365,20241030,20250115
고구마,고구마,(농림)고구마전분(덩어리),전분가공품,2년,,대진식품,1994046703545,20080617,20160706
고구마,고구마,(농림)고구마전분1(덩어리),전분가공품,2년,,대진식품,1994046703544,20080617,20160706
갈비,갈비,(농축)갈비탕,기타가공품,제조일로부터12개월(냉동보관),,젤존푸드(주),20000368362340,20080528,20160706
감자,감자,(농축)뼈다귀감자탕,기타가공품,제조일로부터12개월(냉동보관),,젤존푸드(주),20000368362339,20080528,20160706
소고기,소고기,(농축)소고기무국,기타가공품,제조일로부터1년(냉동보관),,젤존푸드(주),20000368362337,20080528,20160706
빵,빵,(뉴)맛있는 단팥빵,빵류,제조일로부터6개월,,(주)유로베이크,20150347299164,20161007,20220217
빵,빵,(뉴)맛있는 슈크림빵,빵류,제조일로부터 6개월,,(주)유로베이크,20150347299162,20161010,20230511
빵,빵,(뉴)맛있는 완두앙금빵,빵류,제조일로부터 6개월,,(주)유로베이크,20150347299163,20161010,20211020
죽,죽,(뉴)모카피 냉동반죽,빵류,냉동 200일,,(주)신라명과,19930618060494,20081105,20250708
버터,버터,(뉴)허니버터카스텔라(냉동),빵류,9개월(냉동),,홈플러스 주식회사,200803602841144,20210823,20231104
쌀,쌀,(다복솔) 영양멥쌀밥,떡류,제조일로부터 24시간,,다복솔식품,20060494136115,20160312,20240117
감자,감자,(다복솔)감자떡,떡류,24시간,,다복솔식품,2006049413695,20160220,20250730
감자,감자,(다복솔)감자떡(진공),떡류,제조일로부터 2일,,다복솔식품,20060494136155,20180126,20250730
딸기,딸기,(다복솔)딸기찹쌀떡,떡류,제조일부터  7일(실온보관),,다복솔식품,20060494136101,20160223,20240117
쌀,쌀,(다복솔)멥쌀밥,떡류,제조일로부터 24시간,,다복솔식품,20060494136116,20160312,20240117
감자,감자,(다복솔)백련초감자떡,떡류,제조일로부터 24시간,,다복솔식품,2006049413698,20160220,20250730
감자,감자,(다복솔)백련초감자떡(진공),떡류,제조일로부터 2일,,다복솔식품,20060494136154,20180126,20250730
쌀,쌀,(다복솔)빵찹쌀떡,떡류,제조일부터  7일(실온보관),,다복솔식품,20060494136108,20160223,20240117
쌀,쌀,(다복솔)쌀떡볶이떡,떡류,제조일로부터 24시간,,다복솔식품,2006049413693,20160220,20240117
쌀,쌀,(다복솔)쌀떡볶이떡(진공),떡류,제조일로부터 2일,,다복솔식품,20060494136148,20180124,20240117
쌀,쌀,(다복솔)쑥빵찹쌀떡,떡류,제조일부터  7일,,다복솔식품,20060494136111,20160223,20240117
쌀,쌀,(다복솔)쑥찹쌀떡,떡류,제조일부터  7일(실온보관),,다복솔식품,20060494136106,20160223,20240430
쌀,쌀,(다복솔)찹쌀떡,떡류,제조일부터  7일(실온보관),,다복솔식품,2006049413669,20160130,20240117
감자,감자,(다복솔)호박감자떡,떡류,24시간,,다복솔식품,2006049413697,20160220,20250730
감자,감자,(다복솔)호박감자떡(진공),떡류,제조일로부터 2일,,다복솔식품,20060494136156,20180126,20250730
쌀,쌀,(다복솔)흑미찹쌀떡,떡류,제조일부터  7일,,다복솔식품,20060494136126,20160324,20250730
김,김,(다빈)금수강산 김치,김치,,12개월,부안서해안유한회사농업회사법인,2012050112610,20160323,20240117
갈비,갈비,(닭강정)수원왕갈비맛소스,소스,"냉장, 6개월",,(주)시아스,200504150203337,20190422,20190424
치즈,치즈,(당치땡)콘앤치즈볼(냉동),빵류,제조일로부터 12개월까지,,위버멘쉬코리아 주식회사,20160181137195,20240927,20241009
치킨,치킨,(대세)치킨파우더,기타가공품,제조일로부터 12개월까지,,(주)에프앤에스식품,20210352178833,20220711,20220722
국수,국수,(대전큰집칼국수)고기왕만두,만두,제조일로부터 -18℃이하 냉동에서 12개월,,(주)한끼식품,2022052028557,20250522,20250523
치즈,치즈,(대한항공)먹물롤치즈 베이글,빵류,제조일로부터 6개월,,주식회사 와밀,20250555139100,20260107,20260110
쌀,쌀,(댓잎)찹쌀꽈베기,빵류,제조일로부터 180일,,빚고담고자연그대로영농조합법인(짱아식품),20090522038122,20220413,20220416
차,차,(더베이크)쌍화차파우더,고형차,제조일로부터 24개월,없음,(주)베오베,20170347016331,20260204,20260211
버터,버터,(더베이크)허니버터토핑물,빵류,제조일로부터 9개월까지,,(주)굿투베이크,20100275218430,20260204,20260207
스테이크소스,스테이크소스,(델리스코)스테이크소스,소스,제조일로부터 4개월,,태원식품산업(주),1985031100115851,20250602,20250603
간장,간장,(동원)절임용간장소스 20K,소스,제조일부터  12개월 (냉장보관),,(주)동원홈푸드,2002046107316113,20250715,20250716
간장,간장,(든든)가다랑어간장소스,소스,제조일로부터12개월,,주식회사 혜성식품,200102630551152,20260609,20260612
사과,사과,(든든)사과숙성초장,소스,제조일로부터 12개월,,주식회사 혜성식품,200102630551141,20260610,20260612
고추,고추,(든든)숙성고추다대기,소스,제조일로부터 12개월,,주식회사 혜성식품,200102630551142,20260610,20260613
마늘,마늘,(든든)황금마늘소스,소스,제조일로부터12개월,,주식회사 혜성식품,200102630551140,20260610,20260612
딸기,딸기,(딸기)딸기마블샌드용냉동반죽,빵류,180일,,씨제이푸드빌주식회사,199704451444922,20251215,20260122
샌드위치,샌드위치,(라바게트)샌드위치소스,소스,6개월(냉장),,세원푸드(주),201003682491925,20240723,20240906
버터,버터,(로아)크림버터혼합분말,유함유가공품,12개월,,(주)희창유업,19790614008435,20200901,20240515
된장,된장,(롯데GRS)된장찌개,즉석조리식품,제조일로부터 9개월,,(주)아워홈,200206141791123,20250226,20250228
죽,죽,(리)갈릭퐁당브레드용냉동반죽,빵류,12개월,,씨제이푸드빌주식회사,199704451442429,20181112,20260327
버터,버터,(리)소금버터식빵용냉동반죽,빵류,12개월,,씨제이푸드빌주식회사,199704451444228,20240823,20260327
죽,죽,(리)프랑스바게트냉동반죽,빵류,6월(냉동 -18),,씨제이푸드빌주식회사,19970445144978,20101013,20250205
죽,죽,(리)호두바게트냉동반죽,빵류,12개월,,씨제이푸드빌주식회사,19970445144210,20000509,20260327
죽,죽,(리뉴얼)단팥빵냉동반죽,빵류,12개월,,씨제이푸드빌주식회사,1997044514412,19971029,20260430
참치,참치,(리들)참치마요주먹밥용소스,소스,4개월/ 냉장,,(주)시아스,200504150205218,20260330,20260401
참치,참치,(리들)참치마요필링,즉석섭취식품,45일/ 냉장,,(주)시아스,200504150205219,20260327,20260331
갈비,갈비,(마늘)돼지갈비소스,소스,제조일로부터12개월,,국민푸드스토어,202202643722,20220415,20250705
불고기,불고기,(마늘)뚝배기불고기소스,소스,제조일로부터12개월,,국민푸드스토어,2022026437211,20220416,20231125
갈비,갈비,(마늘)소갈비소스,소스,제조일로부터12개월,,국민푸드스토어,2022026437212,20220416,20250705
떡볶이,떡볶이,(마미떡)떡볶이분말소스 -순한맛-,복합조미식품,제조일로부터 12개월,,주식회사 제이와이에프,20240635028311,20251118,20251120
김,김,(마음모음)김치전골소스,소스,제조일로부터 12개월까지,,주식회사 바로에프에스,20150149277364,20221114,20221116
간장,간장,(만만)간장소스,소스,제조일부터 180일,,(주)미식주,2015018806970,20190416,20210709
갈비,갈비,(만만)갈비양념,소스,제조 가공일로부터 180일,,(주)미식주,2015018806981,20200204,20210224
고추,고추,(만배)고추장육회소스,소스,제조일로부터 12개월까지,,(주)청우에프엔씨,201301605661095,20250806,20250807
고추,고추,(맘마미야)고추장양념,소스,제조일로부터 냉장6개월,,태원식품산업(주),198503110016066,20161128,20170428
불고기,불고기,(맘마미야)소불고기용양념소스,소스,제조일로부터 냉장4개월,,태원식품산업(주),198503110016026,20161109,20161117
김,김,(맛)김가루,조미김,제조일로부터 실온 12개월,,세창식품,200303724095,20031217,20160706
김,김,"(매운,클로렐라)꽃김",조미김,제조일로부터6개월,,세창식품,2003037240918,20080711,20160706
김,김,(매운맛)불타김치,김치,제조일로부터 60일,제조일로부터 60일,주식회사 오웬푸드셰프애찬,2024032616744,20250224,20260326
김,김,(매운맛)불타파김치,김치,제조일로부터 60일,제조일로부터 60일,주식회사 오웬푸드셰프애찬,2024032616745,20250224,20250426
감자,감자,(맥)모듬감자,기타가공품,제조일로부터 9개월까지,,(주)청우푸드,20080372417116,20230630,20250716
멸치,멸치,(멸치/들깨)반반수제비,간편조리세트,제조일로부터 12개월,,(주)삼청골명가에프앤비,2025058636514,20260327,20260331
멸치,멸치,(멸치랑 새우랑 다시마) 해물멸치다시팩,기타 수산물가공품,1년,,(주)석하,2003015617267,20151008,20190516
멸치,멸치,(멸치랑다시마) 멸치다시팩,기타 수산물가공품,1년,,(주)석하,2003015617268,20151008,20190123
김,김,(몰로키아)간장김,조미김,제조일로부터12개월,,세창식품,2003037240920,20090323,20211214
김,김,(몰로키아)웰빙김,가공김(조미김 또는 구운김),제조일로부터6개월,,세창식품,2003037240921,20090323,20260424
무,무,(무(無)가미)구운곱창김,가공김(조미김 또는 구운김),제조일로부터 6개월,신선도유지,(주)대명건해,2009052507342,20220530,20250815
무,무,(무(無)가미)구운돌김,가공김(조미김 또는 구운김),제조일로부터 6개월,,(주)대명건해,2009052507314,20100927,20260602
무,무,(무(無)가미)구운파래김,가공김(조미김 또는 구운김),제조일로부터 6개월,,(주)대명건해,2009052507315,20100927,20250412
무,무,(무뚝)된장찌개소스,소스,제조일로부터 5개월,,태원식품산업(주),1985031100114972,20240930,20241008
무,무,(무무옥)진국다시분말,복합조미식품,12개월(실온),,주식회사 세원프레쉬,201503686511308,20250520,20250528
무,무,(무색)명란젓,양념젓갈,제조일로부터 6개월,,(주)유양,1994045922557,20200623,20210402
라면,라면,(미국용) 불소라면 액상스프,소스,제조일로부터 18개월까지,,(주)하림산업 함열식품1공장,20200491392602,20250812,20260613
치즈,치즈,(미니)바스크치즈케익,빵류,제조일로부터 12개월,,빵터지는집,20170208080177,20260209,20260212
쌀,쌀,(미분) 쌀떡국떡,떡류,실온보관시 90일,,(주)맛찬들백미식품,20120372367278,20240930,20241003
쌀,쌀,(미분) 쌀떡볶이떡,떡류,실온보관시 90일,,(주)맛찬들백미식품,20120372367277,20240930,20241003
김치,김치,(밀키트)김치찜양념,소스,제조일로부터 3개월,,태원식품산업(주),1985031100112194,20220609,20220615
떡볶이,떡볶이,(밀키트)까르보나라떡볶이소스,소스,제조일로부터 3개월까지,,(주)에프앤에스식품,202103521781509,20240621,20240703
두부,두부,(밀키트)마파두부소스,소스,제조일로부터 4개월,,태원식품산업(주),1985031100111657,20220119,20220128
젤리,젤리,(밀키트)민트젤리소스,소스,제조일로부터 6개월,,태원식품산업(주),1985031100111653,20220118,20220126
불고기,불고기,(밀키트)분짜 불고기양념,소스,제조일로부터  6개월,,태원식품산업(주),1985031100112209,20220621,20241014
꿀,꿀,(밀키트)애슐리 꿀소스,소스,제조일부터 18개월 (냉동보관),,(주)동원홈푸드,20190442149930,20211201,20211203
갈비,갈비,(밀키트)양갈비시즈닝,복합조미식품,제조일로부터 12개월,,태원식품산업(주),1985031100111655,20220119,20220127
멸치,멸치,(밀키트)어묵탕멸치육수,소스,제조일로부터  18개월,,태원식품산업(주),1985031100112543,20220927,20221007
오징어,오징어,(밀키트)오징어짬뽕용소스,소스,제조일로부터 6개월,,태원식품산업(주),1985031100112560,20221005,20221013
소금,소금,(밀키트)조미소금,가공소금,제조일로부터 24개월,,태원식품산업(주),198503110019630,20200803,20241011
파스타,파스타,(밀키트)크림파스타소스_380g,소스,제조일로부터 3개월,,태원식품산업(주),1985031100110546,20210323,20220401
스테이크소스,스테이크소스,(밀키트)클래식스테이크소스,소스,제조일로부터 6개월,,태원식품산업(주),1985031100111094,20210729,20220401
과자,과자,(바로가)단과자생지,빵류,제조일로부터 6개월,,유한회사 바로가,2025054252683,20250617,20250620
버터,버터,(바로가)소금버터빵생지,빵류,제조일로부터 6개월,,유한회사 바로가,2025054252684,20250617,20250620
간장,간장,(바로샤브)간장소스,소스,"냉장보관,제조일로부터 6개월까지",,다솔푸드테크 주식회사,201102571531047,20231030,20231213
오렌지,오렌지,(반) 쁘띠 오렌지파운드,빵류,제조일로부터 냉동 6개월까지,,(주)한스제과,20100288523226,20200511,20230228
케이크,케이크,(반) The 마롱케이크,빵류,제조일로부터 30일까지,,(주)한스제과,20100288523257,20220926,20220930
고구마,고구마,(반)고구마케익,빵류,제조일로부터 냉동30일,,(주)한스제과,2010028852310,20101104,20160926
당근,당근,(반)당근 케이크_23,빵류,제조일로부터 7일,,(주)보나비 아티지움,20090036325303,20230308,20250411
쿠키,쿠키,(반)두바이 쫀득 쿠키_26,빵류,제조일로부터 7일,,(주)보나비 아티지움,20090036325394,20260203,20260205
딸기,딸기,(반)딸기꿀리 갸또,빵류,제조일로부터 12개월,,주식회사 케이크로,2023010744454,20260312,20260314
딸기,딸기,(반)딸기샌드초코,초콜릿가공품,제조일로부터 12개월,,에스지베이커리,202405230537,20240729,20240926
차,차,(반)말차샌드초코,초콜릿가공품,제조일로부터 12개월,,에스지베이커리,2024052305315,20240911,20240920
케이크,케이크,(반)머스코바도 쇼트케이크 시트_24,빵류,제조일로부터 7일,,(주)보나비 아티지움,20090036325358,20240812,20240814
케이크,케이크,(반)모카쉬폰케이크,빵류,제조일로부터 7일,,(주)보나비 아티지움,20090036325337,20240116,20240118
블루베리,블루베리,(반)블루베리머핀,빵류,제조일로부터냉동30일,,(주)한스제과,2010028852327,20101104,20160926
무,무,(반)쁘띠 무화과 살구 파운드,빵류,제조일로부터 냉동 6개월까지,,(주)한스제과,20100288523225,20200511,20200514
무,무,(반)산딸기바바로아무스케익,빵류,제조일로부터 냉동30일,,(주)한스제과,2010028852320,20101104,20160926
생크림,생크림,(반)생크림케이크,빵류,제조일로부터 9개월,,(주)에스베이커리,20210360193203,20260325,20260403
케이크,케이크,(반)스트로베리 쉬폰 케이크 시트,빵류,제조일로부터 7일,,(주)보나비 아티지움,20090036325282,20221025,20230512
케이크,케이크,(반)스트로베리 컵케이크_26,빵류,제조일로부터 7일,,(주)보나비 아티지움,20090036325391,20251127,20260425
케이크,케이크,(반)시그니처 망고 케이크_26,빵류,제조일로부터 180일,,(주)보나비 아티지움,20090036325425,20260422,20260605
케이크,케이크,(반)시그니처 스트로베리 케이크_26,빵류,제조일로부터 180일,,(주)보나비 아티지움,20090036325423,20260407,20260605
케이크,케이크,(반)시그니처 스트로베리 케이크_26(냉장),빵류,제조일로부터 7일,,(주)보나비 아티지움,20090036325424,20260408,20260410
케이크,케이크,(반)시그니처 프로마쥬 멜론 케이크_26,빵류,제조일로부터 180일,,(주)보나비 아티지움,20090036325426,20260608,20260610
쿠키,쿠키,(반)아티제 쿠키슈,빵류,제조일로부터 180일,,(주)보나비 아티지움,20090036325334,20231227,20260521
케이크,케이크,(반)얼그레이 쉬폰 케이크 시트,빵류,제조일로부터 7일,,(주)보나비 아티지움,20090036325280,20221023,20241217
오렌지,오렌지,(반)오렌지머핀,빵류,제조일로부터냉동30일,,(주)한스제과,2010028852328,20101104,20160926
요구르트,요구르트,(반)요구르트케익,빵류,제조일로부터 30일까지,,(주)한스제과,20100288523129,20170406,20170410
케이크,케이크,(반)초코 쉬폰 케이크 시트,빵류,제조일로부터 7일,,(주)보나비 아티지움,20090036325279,20221023,20241123
바나나,바나나,(반)초코바나나샌드초코,초콜릿가공품,제조일로부터 12개월,,에스지베이커리,2024052305314,20240911,20240920
케이크,케이크,(반)초코쉬폰 케이크,빵류,제조일로부터 7일,,(주)보나비 아티지움,20090036325336,20240116,20240117
치즈,치즈,(반)치즈롤케익,빵류,제조일로부터냉동30일,,(주)한스제과,2010028852335,20101104,20160926
치즈,치즈,(반)치즈수플레,빵류,제조일로부터 30일까지,,(주)한스제과,20100288523144,20170927,20171001
치즈,치즈,(반)치즈케익,빵류,제조일로부터 냉동30일,,(주)한스제과,2010028852312,20101104,20160926
낙지,낙지,(반가공)낙지,기타 수산물가공품,제조일로부터 12개월,,해담인 2공장,201905100735,20200630,20200701
낙지,낙지,(반가공)낙지,기타 수산물가공품,제조일부터12개월,,(주)그린씨푸드,1994050624042,20140709,20180519
토마토,토마토,(반제품)다이스드 토마토,과.채가공품,냉동 24개월,,(주)제이엔제이푸드,201504430301346,20241230,20250101
무,무,(반제품)무화과절임,당절임,제조일로부터 1개월까지,,주식회사이학순베이커리,20170304739368,20250826,20250830
토마토,토마토,(반제품)크러쉬드 토마토,과.채가공품,냉동 24개월,,(주)제이엔제이푸드,201504430301550,20260115,20260117
토마토,토마토,(반제품)토마토페이스트,과.채가공품,냉동 24개월,,(주)제이엔제이푸드,201504430301345,20241230,20250101
버터,버터,(발효)미니버터크로와상냉동생지,빵류,9개월(냉동보관),,서울식품공업(주),198504330151089,20111229,20221214
버터,버터,(발효)버터크로와상냉동생지,빵류,9개월(냉동보관),,서울식품공업(주),198504330151090,20111229,20190126
커피,커피,(발효)커피데니쉬냉동생지,빵류,9개월(냉동보관),,서울식품공업(주),198504330151088,20111229,20180215
볶음밥,볶음밥,(밥두)김치볶음밥용분말,복합조미식품,제조일로부터 12개월까지,,(주)에프앤에스식품,202103521781191,20230912,20231215
갈비,갈비,(밥두)닭갈비소스,소스,제조일로부터 6개월까지,,(주)에프앤에스식품,202103521781270,20231213,20231227
배,배,(배고픈덮밥)특제마라소스,소스,제조일로부터  4개월,,태원식품산업(주),1985031100113596,20230901,20231229
갈비,갈비,(배고픈덮밥이)간장닭갈비용소스,소스,제조일로부터 6개월 까지,,주식회사 동방푸드마스타,199104450778652,20220509,20220510
갈비,갈비,(배고픈덮밥이)닭갈비용소스,소스,제조일로부터 6개월 까지,,주식회사 동방푸드마스타,199104450778653,20220509,20220510
불고기,불고기,(배고픈덮밥이)불고기소스,소스,제조일로부터 6개월 까지,,주식회사 동방푸드마스타,199104450778649,20220506,20220507
배,배,(배고픈덮밥이)제육소스,소스,제조일로부터 6개월 까지,,주식회사 동방푸드마스타,199104450778650,20220506,20220507
배,배,(배고픈덮밥이)항정살용소스,소스,제조일로부터 6개월 까지,,주식회사 동방푸드마스타,199104450778651,20220509,20240309
치킨,치킨,(백)메카치킨파우더,곡류가공품,제조일로부터 1년,,한주푸드,1990005015758,20170106,20220827
김밥,김밥,(벌크2)맵땡제육김밥,즉석섭취식품,제조시부터 72 시간,,(주)대정,20190545009450,20221115,20230112
베이컨,베이컨,(벌크2)베이컨참치마요김밥,즉석섭취식품,제조시부터 72 시간,,(주)대정,20190545009451,20221115,20221117
참치,참치,(벌크2)속이꽉찬참치마요김밥,즉석섭취식품,제조시부터 72 시간,,(주)대정,20190545009453,20221115,20240403
김밥,김밥,(벌크2)통스팸김치김밥,즉석섭취식품,제조시부터 72 시간,,(주)대정,20190545009456,20221115,20221117
김밥,김밥,(벌크2)통스팸마요김밥,즉석섭취식품,제조시부터 72 시간,,(주)대정,20190545009455,20221115,20221117
햄,햄,(벌크용)가득햄맛살샌드,즉석섭취식품,제조시부터 96시간,,(주)대정,20190545009416,20220919,20220920
배,배,(벌크용)간편한 조각배,신선편의식품,제조일로부터 10일간,,행복한200프로주식회사,2022077703914,20221107,20230103
사과,사과,(벌크용)간편한 조각사과,신선편의식품,제조일로부터 10일간,,행복한200프로주식회사,2022077703913,20221107,20230103
치즈,치즈,(벌크용)베이컨치즈샌드위치,즉석섭취식품,제조시부터  96 시간,,(주)대정,20190545009421,20220920,20240406
햄,햄,(벌크용)아삭햄야채샌드위치,즉석섭취식품,제조시부터  96 시간,,(주)대정,20190545009418,20220919,20240330
햄,햄,(벌크용)치킨&햄,즉석섭취식품,제조시부터  96 시간,,(주)대정,20190545009417,20220919,20220920
햄,햄,(벌크용)햄&참치샐러드샌드,즉석섭취식품,제조시부터  96 시간,,(주)대정,20190545009399,20220810,20230531
햄,햄,(벌크용)햄에그 샌드위치,즉석섭취식품,제조시부터  96 시간,,(주)대정,20190545009393,20220729,20240403
치즈,치즈,(벌크용)햄치즈샌드,즉석섭취식품,제조시부터  96 시간,,(주)대정,20190545009400,20220810,20220811
햄,햄,(벌크용햄감자샐러드,즉석섭취식품,제조시부터  96 시간,,(주)대정,20190545009394,20220729,20220802
쌀,쌀,"(별,사랑,행복)우리쌀모양떡",떡류,제조일로부터 130일,,주식회사 뻐꾸기,20180451047502,20241115,20241120
죽,죽,(보리죽)포기김치,김치,제조일로 부터 120일,,농업회사법인 주식회사 땅끝마을 쌍둥이네김치,2024080412017,20250630,20260318
갈비,갈비,(복잡할땐볶음밥)닭갈비소스,소스,제조일로부터 6개월까지,,(주)에프앤에스식품,202103521781145,20230804,20230824
양파,양파,(볶음)양파분,과.채가공품,제조일로부터 12개월,,일우식품(주) 제2공장,2019039158145,20200831,20200912
양파,양파,(볶음)양파분,과.채가공품,제조일로부터 실온 12개월,,일우식품(주),20060372311190,20150813,20160706
볶음밥,볶음밥,(볶음밥용)김치볶음밥용분말,복합조미식품,제조일로부터 12개월까지,,(주)에프앤에스식품,202103521781146,20230807,20241104
볶음밥,볶음밥,(볶음밥용)돼지불판소스,소스,제조일로부터 6개월까지,,(주)에프앤에스식품,202103521781144,20230804,20240905
낙지,낙지,(볶음용) 낙지,기타 수산물가공품,7,,잠수기중매인40(JSG SEAFOOD),2013012618045,20180418,20180419
시금치,시금치,(본)시금치나물,조림류,제조일로부터 12개월까지,,농업회사법인 한울팜스주식회사,20080440082340,20210105,20250621
고추,고추,(본)우엉홍고추볶음,조림류,제조일로부터 12개월까지,,농업회사법인 한울팜스주식회사,20080440082341,20210105,20211228
나물,나물,(본)유채나물,조림류,제조일로부터 12개월까지,,농업회사법인 한울팜스주식회사,20080440082425,20230221,20230325
국수,국수,(봉평촌) 메밀막국수,건면,2년,,효천푸드,1986037205083,20160624,20210107
국수,국수,(봉평촌)메밀국수,건면,실온에서  2년,,효천푸드,1986037205062,20130618,20210106
간장,간장,(빈쿨룸)간장양념소스,소스,제조일로부터6개월,,주식회사 푸드베이스,20250543200119,20260406,20260428
김치,김치,(빈쿨룸)김치볶음분말,복합조미식품,제조일로부터 12개월,,주식회사 푸드베이스,20250543200226,20260426,20260428
김치,김치,(빈쿨룸)김치찌개분말,복합조미식품,제조일로부터 12개월,,주식회사 푸드베이스,20250543200224,20260406,20260422
국수,국수,(빈쿨룸)비빔국수양념,소스,제조일로부터6개월,,주식회사 푸드베이스,20250543200122,20260426,20260428
소고기,소고기,(사골이들어간)소고기우거지국,즉석조리식품,제조일로부터 4일,,라임에프앤비(주),20210222240398,20220612,20240201
소고기,소고기,(사골이들어간)소고기우거지국(냉동),즉석조리식품,제조일로부터 12개월(냉동),,라임에프앤비(주),20210222240655,20250123,20250124
무,무,(사과나무)양념치킨소스,소스,제조일로부터 실온4개월,,태원식품산업(주),198503110016274,20170309,20170701
무,무,(사과나무주식회사)타르소스,소스,제조일로부터 냉장3개월,,태원식품산업(주),198503110016619,20170420,20170501
치즈,치즈,(삼동)치즈돈까스,식육함유가공품,제조일로부터 12개월까지,,지푸드,2019032433689,20250306,20260611
무,무,(삼첩)꼬마김밥단무지,절임식품,제조일로부터 6개월,,주식회사 케이그린푸드,20210617192105,20230706,20230707
딸기,딸기,(삼화) 딸기향,혼합제제,,18개월,(주)삼화에프앤에프,199903090942108,20150709,20161130
딸기,딸기,(삼화) 딸기향 SHI-021,향료,,제조일로부터 18개월,(주)삼화에프앤에프,199903090942430,20180312,20220709
딸기,딸기,(삼화) 딸기향 SHI-022,향료,,제조일로부터 18개월,(주)삼화에프앤에프,199903090942431,20180312,20220725
딸기,딸기,(삼화) 딸기향-IN,혼합제제,,18개월,(주)삼화에프앤에프,199903090942238,20160729,20161130
바나나,바나나,(삼화) 바나나 오일향,혼합제제,,제조일로부터 18개월,(주)삼화에프앤에프,199903090942236,20160714,20170622
바나나,바나나,(삼화) 바나나향,혼합제제,,18개월,(주)삼화에프앤에프,199903090942104,20150709,20161130
바나나,바나나,(삼화) 바나나향 SHI-031,향료,,제조일로부터 18개월,(주)삼화에프앤에프,199903090944800,20190910,20220819
복숭아,복숭아,(삼화) 복숭아향 SHI-027,혼합제제,,제조일로부터 18개월,(주)삼화에프앤에프,199903090942448,20180409,20180616
블루베리,블루베리,(삼화) 블루베리향,혼합제제,,18개월,(주)삼화에프앤에프,199903090942280,20161129,20170422
블루베리,블루베리,(삼화) 블루베리향 SHI-005,향료,,제조일로부터 18개월,(주)삼화에프앤에프,199903090942426,20180312,20220819
사과,사과,(삼화) 사과향,혼합제제,,18개월,(주)삼화에프앤에프,199903090942240,20160729,20180313
사과,사과,(삼화) 사과향 SHI-001,향료,,제조일로부터 18개월,(주)삼화에프앤에프,199903090942425,20180312,20220725
사과,사과,(삼화) 사과향 SHI-001 (2),향료제제,,해당없음.,(주)삼화에프앤에프,199903090948723,20230120,20230126
오렌지,오렌지,(삼화) 오렌지향,혼합제제,,18개월,(주)삼화에프앤에프,199903090942115,20150723,20161201
오렌지,오렌지,(삼화) 오렌지향 SHI-037 (1),향료,해당없음.,,(주)삼화에프앤에프,1999030909410197,20250812,20250819
차,차,(삼화) 차향 SHI-033 (5),향료,,해당없음,(주)삼화에프앤에프,199903090949686,20240813,20240820
포도,포도,(삼화) 청포도향 SHI-028,향료,,제조일로부터 18개월,(주)삼화에프앤에프,199903090942890,20181010,20220709
딸기,딸기,(삼화)딸기향분말,혼합제제,,18개월,(주)삼화에프앤에프,199903090942134,20150903,20161202
바나나,바나나,(삼화)바나나향분말,혼합제제,,18개월,(주)삼화에프앤에프,199903090942132,20150903,20161201
복숭아,복숭아,(삼화)복숭아향분말,혼합제제,,18개월,(주)삼화에프앤에프,199903090942136,20150903,20161202
김치,김치,(상)김장김치속,김칫속,제조일로부터 30일,,농업회사법인주식회사담채원,20000475069401,20191017,20211113
김치,김치,(상)포기김치,김치,제조일로부터365일,제조일로부터110일,농업회사법인주식회사담채원,2000047506979,20151106,20240109
고추,고추,(샐바)고추장소스,소스,제조일로부터 6개월 까지,,주식회사 동방푸드마스타,199104450779248,20240313,20240314
드레싱,드레싱,(샐바)레몬드레싱,소스,제조일로부터 6개월까지,,주식회사 동방푸드마스타,199104450779299,20240422,20240423
참깨,참깨,(샐바)참깨드레싱,소스,제조일로부터 6개월 까지,,주식회사 동방푸드마스타,199104450779213,20240207,20240208
파스타,파스타,(샐바)파스타소스,소스,제조일로부터 6개월 까지,,주식회사 동방푸드마스타,199104450779218,20240214,20240215
간장,간장,(샐바)포케간장소스,소스,제조일로부터 6개월 까지,,주식회사 동방푸드마스타,199104450779249,20240313,20240314
드레싱,드레싱,(샐바)흑임자드레싱,소스,제조일로부터 6개월 까지,,주식회사 동방푸드마스타,199104450779214,20240207,20240208
배,배,(생)꽈배기 페이스트리,빵류,제조일로부터 9개월까지,,(주)블랑제리 김영모,2015027531637,20150825,20241205
과자,과자,(생)단과자,빵류,제조일로부터 냉동 6개월,,나폴레옹베이커리,2018010887610,20181227,20200625
과자,과자,(생)단과자빵,빵류,제조일로부터 9개월 까지,,(주)블랑제리 김영모,201502753163,20150817,20250704
과자,과자,(생)단과자빵(초코),빵류,제조일로부터 9개월까지,,(주)블랑제리 김영모,2015027531652,20150826,20250704
빵,빵,(생)덴마크모닝빵,빵류,제조일로부터 9개월까지,,(주)블랑제리 김영모,2015027531629,20150824,20250704
빵,빵,(생)명장 생식빵,빵류,제조일로부터 9개월까지,,(주)블랑제리 김영모,201502753167,20150820,20250704
빵,빵,(생)모카빵,빵류,제조일로부터 냉동 6개월,,나폴레옹베이커리,2018010887632,20190517,20201018
치즈,치즈,(생)미니크림치즈,빵류,제조일로부터 냉동 6개월,,나폴레옹베이커리,2018010887615,20181227,20200513
빵,빵,(생)바이킹 식빵,빵류,제조일로부터 9개월까지,,(주)블랑제리 김영모,201502753168,20150820,20250704
버터,버터,(생)버터롤,빵류,제조일로부터 9개월까지,,(주)블랑제리 김영모,2015027531617,20150821,20250710
버터,버터,(생)버터롤,빵류,제조일로부터 냉동 6개월,,나폴레옹베이커리,201801088767,20181226,20200513
빵,빵,(생)부드러운 연유빵,빵류,제조일로부터 9개월까지,,(주)블랑제리 김영모,2015027531611,20150820,20250704
블루베리,블루베리,(생)블루베리 베이글,빵류,제조일로부터 9개월,,(주)블랑제리 김영모,20150275316117,20230408,20250704
치즈,치즈,(생)쁘띠치즈,빵류,제조일로부터 6개월,,(주)블랑제리 김영모,20150275316136,20260102,20260104
우유,우유,(생)성이시돌우유식빵,빵류,제조일로부터 냉동 180일,,나폴레옹베이커리,2018010887636,20200616,20200622
소금,소금,(생)소금빵,빵류,제조일로부터 9개월,,(주)블랑제리 김영모,20150275316119,20230906,20250704
소금,소금,(생)소금빵,빵류,제조일로부터 냉동 180일까지,,나폴레옹베이커리,2018010887653,20220511,20220518
우유,우유,(생)우유식빵,빵류,제조일로부터 9개월까지,,(주)블랑제리 김영모,201502753169,20150820,20240806
빵,빵,(생)조리빵,빵류,제조일로부터 9개월까지,,(주)블랑제리 김영모,2015027531622,20150824,20250704
토마토,토마토,(생)크루와글(토마토),빵류,제조일로부터 9개월,,(주)블랑제리 김영모,20150275316139,20260425,20260502
치즈,치즈,(생)크림치즈크라상,빵류,제조일로부터 냉동 6개월,,나폴레옹베이커리,201801088762,20181221,20200316
토마토,토마토,(생)토마토 베이글,빵류,제조일로부터 9개월,,(주)블랑제리 김영모,20150275316116,20230408,20250704
빵,빵,(생)통밀식빵,빵류,제조일로부터 9개월까지,,(주)블랑제리 김영모,201502753166,20150820,20241207
쿠키,쿠키,(생)파이쿠키,빵류,제조일로부터 냉동 6개월,,나폴레옹베이커리,2018010887620,20190111,20250328
빵,빵,(생)하이토스트식빵,빵류,제조일로부터 9개월까지,,(주)블랑제리 김영모,2015027531612,20150821,20240802
빵,빵,(생)호밀식빵,빵류,제조일로부터 9개월까지,,(주)블랑제리 김영모,2015027531613,20150821,20260111
버터,버터,(생)후렌치버터식빵,빵류,제조일로부터 9개월까지,-,(주)블랑제리 김영모,2015027531610,20150820,20260111
빵,빵,(생)흑임자 호두식빵,빵류,제조일로부터 9개월까지,,(주)블랑제리 김영모,2015027531616,20150821,20250704
쌀,쌀,(생지)단호박 쌀브라운드,빵류,냉동(영하 18도 이하) 170일,냉동(영하 18도 이하)  170일,코코베이커리,2010012022429,20230613,20230701
쌀,쌀,(생지)라즈베리 쌀 브라운드,빵류,냉동(영하 18도 이하) 170일,냉동(영하 18도 이하)  170일,코코베이커리,2010012022430,20230613,20230701
치즈,치즈,(생지)모짜 쫀득 치즈볼,빵류,제조일로부터 9개월,,주식회사에이앤인니푸드,20060364111315,20260226,20260312
쌀,쌀,(생지)우리쌀링츄러스,빵류,제조일로부터 9개월까지,,주식회사에이앤인니푸드,20060364111354,20260319,20260331
쌀,쌀,(생지)찹쌀페스츄리,빵류,냉동 6개월,,(주)좋은아침,2015031113498,20220705,20251217
치킨,치킨,(샤이바나)네슈빌핫치킨소스,소스,제조일부터 6개월 (냉장보관),,(주)동원홈푸드,201904421491446,20230328,20230401
치킨,치킨,(샤이바나)네슈빌핫치킨소스,소스,제조일부터 6개월 (냉장보관),,(주)동원홈푸드,2002046107313664,20230328,20230330
떡볶이,떡볶이,(샵인샵)떡볶이분말소스,복합조미식품,제조일로부터 18개월까지,,(주)은산푸드,20060375174479,20220922,20241010
돈까스,돈까스,(샵인샵)양념등심돈까스,식육함유가공품,제조일로부터 9개월,,(주)싸롱컴퍼니,2014033284338,20250508,20260123
돈까스,돈까스,(샵인샵)전용돈까스소스,소스,6개월,,담원푸드(주),200403421721554,20231206,20231215
간장,간장,(서울바쿠테)고기간장소스,소스,제조일로부터 12개월,,주식회사 혜성식품,200102630551128,20260515,20260528
드레싱,드레싱,(서울바쿠테)로작드레싱,소스,제조일로부터 12개월,,주식회사 혜성식품,200102630551149,20260601,20260603
양파,양파,(서울바쿠테)양파절임소스,소스,제조일로부터 12개월,,주식회사 혜성식품,200102630551147,20260528,20260602
딸기,딸기,(성말)딸기가나슈스콘,빵류,제조일로부터 냉동 9개월,,오늘디저트,20220505149135,20241218,20250101
치즈,치즈,(성말)라즈베리크림치즈스콘,빵류,제조일로부터 냉동 9개월,,오늘디저트,20220505149125,20241217,20241220
치즈,치즈,(성말)블루베리크림치즈스콘,빵류,제조일로부터 냉동 9개월,,오늘디저트,20220505149112,20240702,20241220
치즈,치즈,(성말)올리브치즈스콘,빵류,제조일로부터 냉동 9개월,,오늘디저트,20220505149126,20241217,20241220
버터,버터,(성말)카라멜버터스콘,빵류,제조일로부터 냉동 9개월,,오늘디저트,20220505149131,20241218,20241221
쌀,쌀,(송학)찹쌀만두피,만두피,제조일로부터 냉동12개월,,(주)산돌식품,2003039415944,20101105,20250924
무,무,(수) CJ 비비고 열무김치 R,김치,수출용 : 6개월,6개월,씨제이제일제당(주)진천 BLOSSOM CAMPUS 4동,2019045020754,20231121,20231221
딸기,딸기,"(수)고후르츠믹스껌(애플,블루베리,자몽,딸기)",추잉껌,포장일로부터 12개월,,대영식품(주),19930439002656,20190509,20190523
무,무,(수)무설탕초코볼카카오70 36g,초콜릿가공품,포장일로부터 12개월,,대영식품(주),19930439002639,20190213,20190528
오렌지,오렌지,(수)POP오렌지봉봉(러시아),과.채음료,24개월(실온),,해태에이치티비주식회사,19980449002307,20130627,20170210
배,배,(수제)옛날꽈배기,빵류,냉동 9개월,,SM푸드(에스엠푸드),2019035848287,20240721,20240726
차,차,(수출)녹차롤,빵류,"15일(실온),20일(냉장),6월(냉동)",,씨제이푸드빌주식회사,19970445144334,20021029,20241015
무,무,(수출)떠먹는티라미스무스케익용냉동반죽,빵류,180일(냉동),,씨제이푸드빌주식회사,199704451441490,20150724,20200424
케이크,케이크,(수출)띠띠뽀띠띠뽀케이크,빵류,180일(냉동),,씨제이푸드빌주식회사,19970445144956,20100920,20200207
커피,커피,(수출)커피향가득한카페티라미수,빵류,180일(냉동),,씨제이푸드빌주식회사,199704451441658,20161101,20200123
치즈,치즈,(수출)크림치즈호두과자빵용토핑물,기타가공품,제조일로부터 180일,,씨제이푸드빌주식회사,199704451444055,20240126,20240130
피자,피자,(수출용)김치 미니 피자,빵류,제조일로부터 12개월,제조일로부터 12개월,(주)지지푸드,20080294280387,20230202,20230316
차,차,(수출용)복음자리 유자차,액상차,제조일로부터 24개월,,주식회사 대상다이브스,20060464021273,20180306,20190713
들깨,들깨,(순)들깨가루,기타가공품,제조일로부터 1년,,풍년마을,1999015235926,20090409,20160706
낙지,낙지,(순)비빔낙지젓,양념젓갈,1년,,(주)유양,1994045922543,20130121,20260107
오징어,오징어,(순)비빔오징어젓,양념젓갈,1년,,(주)유양,1994045922544,20130121,20260107
쌀,쌀,(순)찹쌀가루,곡류가공품,제조일로부터 1년,,풍년마을,1999015235927,20090409,20160706
쌀,쌀,(순)찹쌀유과,과자,1년,,정우식품,200806071923,20080320,20201113
두부,두부,(순두부용)닭개장고기양념,식육함유가공품,제조일로부터 12개월까지,,석호네푸드 주식회사,2024063508523,20250518,20250520
두부,두부,(순두부용)닭곰탕고기양념,식육함유가공품,제조일로부터 12개월까지,,석호네푸드 주식회사,2024063508525,20250623,20250625
배추,배추,(순한)알배추물김치,김치,제조일로부터 60일,,라임에프앤비(주),20210222240547,20231201,20240201
감자,감자,(신)감자탕베이스소스-2,소스,제조일로부터 6개월,,(주)소스플러스,20180374830332,20230819,20251202
드레싱,드레싱,(신)고마드레싱B-2,소스,제조일로부터 6개월,,(주)소스플러스,20180374830341,20230829,20251202
마늘,마늘,(신)길상다진마늘,천연향신료,30일까지,,동명농산,200801681113,20151221,20160706
김치,김치,(신)김치찌개용분말,복합조미식품,제조일로부터 24개월 까지,,(주)바른푸드,2020045006071,20220204,20231206
된장,된장,(신)된장찌개용분말,복합조미식품,제조일로부터 24개월 까지,,(주)바른푸드,2020045006072,20220204,20231206
명란,명란,(新)명란젓,양념젓갈,제조일로부터 6개월,,삼양씨푸드주식회사,2003012836159,20170607,20260227
배,배,(신)배터용밀가루,밀가루,제조일로부터 12개월까지,,(주)삼양사 아산공장,199404611513513,20250626,20250628
무,무,(新)신 맛단무지,절임식품,제조일로부터 6개월,,주식회사 일미농수산,19980257052605,20210625,20210629
된장,된장,(신)양된장소스-2,소스,제조일로부터 6개월,,(주)소스플러스,20180374830330,20230818,20251202
돈까스,돈까스,(신)왕돈까스소스,소스,3개월,해당없음,(주)일승식품,20090285997200,20241118,20241122
토마토,토마토,(신)토마토스파게티소스,소스,제조일로부터 4월(냉장),,(주)일승식품,20090285997111,20200111,20250704
치킨,치킨,(신)투홀릭 숯불바베큐치킨양념,소스,제조일부터 6개월 (냉장보관),,(주)동원홈푸드,201904421492259,20240731,20241218
치킨,치킨,(신)투홀릭 숯불바베큐치킨양념,소스,제조일부터 6개월 (냉장보관),,(주)동원홈푸드,2002046107315045,20240729,20241217
치킨,치킨,(신)투홀릭K바베큐치킨소스,소스,제조일부터 6개월 (냉장보관),,(주)동원홈푸드,2002046107315046,20240801,20241214
치킨,치킨,(신)투홀릭K바베큐치킨소스,소스,제조일부터 6개월 (냉장보관),,(주)동원홈푸드,201904421492260,20240801,20241217
드레싱,드레싱,(신선식탁)케이준드레싱,소스,제조일로부터12개월,,주식회사 혜성식품,200102630551056,20251209,20251210
드레싱,드레싱,(신선식탁)크리미어니언드레싱,소스,제조일로부터12개월,,주식회사 혜성식품,200102630551057,20251209,20251211
만두,만두,(신세계푸드) 교자만두,만두,9개월,,(주)취영루,19920355173299,20190916,20190920
빵,빵,(신푸)모닝빵,빵류,제조일로부터 7일까지,,(주)바로군 2공장,2022048119450,20250404,20250409
핫도그,핫도그,(실온)핫도그빵,빵류,제조일로부터 실온5일,없음,(주)감성베이크,2014003651585,20190625,20251128
딸기,딸기,(아워밀)리얼딸기 쉬폰케익,빵류,9개월,,(주)달그래,20130333299314,20260331,20260407
딸기,딸기,(아워밀)말!달리자딸기케익,빵류,9개월,,(주)달그래,20130333299305,20251209,20251210
스낵,스낵,(알찬) 아몬드 스낵김,조미김,제조일로부터 12개월(실온),,주식회사 태산알엔디,201502882048,20160229,20160706
낙지,낙지,(압도)낙지소스,소스,제조일로부터 6개월,,파인쿡(Fine cook),2024072233780,20250618,20250802
마늘,마늘,(압도)마늘소스,소스,제조일로부터 6개월,,파인쿡(Fine cook),2024072233735,20250619,20250802
국수,국수,(압도)막국수소스,소스,제조일로부터 6개월,,파인쿡(Fine cook),2024072233784,20250618,20250802
무,무,(압도)무침소스,소스,제조일로부터 6개월,,파인쿡(Fine cook),2024072233783,20250619,20250627
빵,빵,(야미)생빵가루,곡류가공품,제조일로부터 냉장보관시(0℃~5℃)20일,,(주)이지아이,2007036463170,20160120,20260201
소금,소금,(야키토리소비)만능소금분말,복합조미식품,12개월(실온),,주식회사 세원프레쉬,201503686511391,20250925,20250927
국수,국수,(언양닭칼국수)전용면,숙면,제조일로부터 12개월,,(주)아워홈,200206141791151,20260317,20260318
국수,국수,(언양닭칼국수)초계육수,소스,제조일로부터 12개월,,(주)아워홈,200206141791166,20260522,20260523
무,무,(업무슈퍼수출) 크리미파우더,식물성크림,24개월,,(주)에이치씨글로벌,2006061413138,20200813,20200825
된장,된장,(업소용)된장타래소스,소스,제조일로부터 12개월,제조일로부터 12개월,주식회사 히즈테이블,2020026957045,20240718,20240723
국수,국수,(엉클인더키친)쌀국수소스,소스,제조일로부터 12개월까지,,(주)신정에프앤비,20200424007735,20251223,20251224
베이컨,베이컨,(에그셀런트) 감자베이컨스프,즉석조리식품,냉장.4개월,,(주)시아스,200504150204347,20211217,20211221
커피,커피,(에스프레소)디카페인커피추출액,커피,제조일로부터 36개월 까지,,주식회사 삼정,2022061927186,20240328,20240329
연어,연어,(연어)연육,연육,제조일로부터 24개월,,제일식품,200301444136,20230805,20230810
핫도그,핫도그,(연잎핫도그),빵류,제조일로부터 9개월까지,,(주)명품푸드,20160364601124,20190827,20260201
식초,식초,"(英洋)
영양식초",발효식초,3년,,천우식품제조장,2009056702052,20160129,20161031
새우,새우,(오늘도사시미)간장새우용소스,소스,제조일로부터 4개월,,주식회사 푸드에스엠,20230501071547,20241204,20241211
사과,사과,(오늘도사시미)사과소스,소스,제조일로부터 18개월,,주식회사 푸드에스엠,20230501071545,20241203,20241207
묵,묵,(오늘초밥)묵은지김치양념소스,소스,제조일로부터 6개월까지,,(주)은산푸드,20060375174552,20240227,20240228
사과,사과,(오늘초밥)사과소스,소스,제조일로부터 12개월까지,,(주)은산푸드,20060375174608,20250314,20250315
새우,새우,(오늘초밥)양념새우소스,소스,제조일로부터 6개월까지,,(주)은산푸드,20060375174554,20240227,20240228
당면,당면,(오뚜기)옛날당면,건면,36개월,,의남식품(주),1985046700951,20130624,20210410
당면,당면,(오뚜기)옛날사리당면,건면,제조일로부터 3년,,의남식품(주),1985046700953,20160518,20210410
당면,당면,(오뚜기)옛날자른당면,건면,36개월,,의남식품(주),1985046700950,20130624,20210410
오리,오리,(오리지널) 김피탕 원팩김치볶음,즉석조리식품,제조일로 부터 12개월,,(주)신사강,2021038325831,20241106,20260201
스낵,스낵,(오물조물얌얌) 아몬드 스낵김,조미김,제조일로부터 12개월(실온),,주식회사 태산알엔디,201502882043,20151201,20161214
스낵,스낵,(오물조물얌얌) 칠리 해바라기 스낵김,조미김,제조일로부터 12개월(실온),,주식회사 태산알엔디,201502882041,20151201,20160706
스낵,스낵,(오물조물얌얌)허니코코넛 스낵김,조미김,제조일로부터 12개월(실온),,주식회사 태산알엔디,201502882042,20151201,20160706
피자,피자,(오븐전용)고품격 반달 피자 통등심카츠,식육함유가공품,제조일로부터 12개월까지,,지푸드(2공장),2021032427634,20250401,20250405
떡볶이,떡볶이,(온더고용)떡볶이소스,소스,"냉장(0~10 ℃), 3개월",,(주)아워홈,200604452191194,20230724,20230725
연어,연어,(올레팜)생연어 필렛,기타 수산물가공품,제조일로부터 10일,냉장보관시 제조일로부터 10일,주식회사 태승글로벌 트레이딩,2021034896919,20230420,20230527
딸기,딸기,(완제품) 납작쫀득쿠키 딸기,과자,제조일로부터 12개월,,나눔베이커리 협동조합,20210398767174,20250225,20250905
쿠키,쿠키,(완제품) 납작쫀득쿠키 멜론,과자,제조일로부터 12개월,,나눔베이커리 협동조합,20210398767173,20250225,20250905
쿠키,쿠키,(완제품) 납작쫀득쿠키 솔티카라멜,과자,제조일로부터 12개월,,나눔베이커리 협동조합,20210398767179,20250228,20250903
쿠키,쿠키,(완제품) 납작쫀득쿠키 코코아,과자,제조일로부터 12개월,,나눔베이커리 협동조합,20210398767177,20250225,20250905
쿠키,쿠키,(완제품) 납작쫀득쿠키 플레인,과자,제조일로부터 12개월,,나눔베이커리 협동조합,20210398767175,20250225,20250905
치즈,치즈,(완제품) 납작쫀득쿠키 황치즈,과자,제조일로부터 12개월,,나눔베이커리 협동조합,20210398767176,20250225,20250905
쿠키,쿠키,(완제품) 밤 티라미수 쿠키,과자,제조일로부터 12개월,제조일로부터 12개월,나눔베이커리 협동조합,20210398767192,20241030,20250825
차,차,(완제품)녹차르뱅쿠키,과자,제조일로부터 40일,,나눔베이커리 협동조합,20210398767131,20231121,20260516
차,차,(완제품)녹차스콘,과자,제조일로부터 9개월,,나눔베이커리 협동조합,20210398767224,20231205,20260516
딸기,딸기,(완제품)딸기크럼블,과자,제조일로부터 40일,,나눔베이커리 협동조합,20210398767134,20231121,20231123
쿠키,쿠키,(완제품)레드벨벳르뱅쿠키,과자,제조일로부터 40일,,나눔베이커리 협동조합,20210398767135,20231121,20231123
차,차,(완제품)르뱅 녹차쿠키,과자,제조일로부터 냉동 6개월,,나눔베이커리 협동조합,20210398767127,20230127,20260516
쿠키,쿠키,(완제품)르뱅 레드벨벳쿠키,과자,제조일로부터 냉동 6개월,,나눔베이커리 협동조합,20210398767126,20230127,20250522
쿠키,쿠키,(완제품)르뱅 우베쿠키,과자,제조일로부터 6개월,,나눔베이커리 협동조합,20210398767278,20260526,20260530
쿠키,쿠키,(완제품)르뱅 코코아쿠키,과자,제조일로부터 냉동 6개월,,나눔베이커리 협동조합,20210398767129,20230127,20250522
쿠키,쿠키,(완제품)르뱅 플레인 쿠키,과자,제조일로부터 6개월,,나눔베이커리 협동조합,20210398767265,20260407,20260507
쿠키,쿠키,(완제품)르뱅 플레인쿠키,과자,제조일로부터 냉동 6개월,,나눔베이커리 협동조합,20210398767130,20230127,20250522
치즈,치즈,(완제품)르뱅 황치즈쿠키,과자,제조일로부터 냉동 6개월,,나눔베이커리 협동조합,20210398767128,20230127,20250522
무,무,(완제품)무화과스콘,과자,제조일로부터 9개월,,나눔베이커리 협동조합,20210398767222,20231205,20250522
블루베리,블루베리,(완제품)블루베리크럼블,과자,제조일로부터 40일,,나눔베이커리 협동조합,20210398767143,20231121,20231123
쿠키,쿠키,(완제품)코코아르뱅쿠키,과자,제조일로부터 40일,,나눔베이커리 협동조합,20210398767148,20231121,20231123
쿠키,쿠키,(완제품)플레인르뱅쿠키,과자,제조일로부터 40일,,나눔베이커리 협동조합,20210398767150,20231121,20231123
치즈,치즈,(완제품)황치즈르뱅쿠키,과자,제조일로부터 40일,,나눔베이커리 협동조합,20210398767154,20231121,20231125
된장,된장,(외식)된장찌개육수,기타가공품,제조일로부터12개월(냉동보관),,젤존푸드(주),20000368362329,20080528,20160706
목살,목살,(외식)목살김치찌개,기타가공품,제조일로부터12개월(냉동보관),,젤존푸드(주),20000368362333,20080528,20160706
요거트,요거트,(요아정)요거트파우더,당류가공품,제조일로부터 2년,,주식회사 컵풀,20130345125362,20250825,20250925
멸치,멸치,(용범이네)멸치베이스,소스,6개월(냉장),,주식회사 세원프레쉬,20150368651927,20221123,20221126
고추,고추,(우각집)고추장육회소스,소스,6개월(냉장),,주식회사 세원프레쉬,201503686511272,20250220,20250222
무,무,(우각집)무국용베이스,소스,6개월(냉장),,주식회사 세원프레쉬,201503686511271,20250228,20250305
스낵,스낵,(우리반) 아몬드 스낵김,조미김,제조일로부터 12개월(실온),,주식회사 태산알엔디,2015028820411,20160623,20160706
된장,된장,(우정)된장찌개베이스,소스,제조일부터 6개월 (냉장보관),,(주)동원홈푸드,201904421492213,20240708,20240716
된장,된장,(우정)된장찌개베이스,소스,제조일부터 6개월 (냉장보관),,(주)동원홈푸드,2002046107314961,20240708,20240710
오이,오이,(우정)오이냉국베이스,소스,제조일부터 6개월 (냉장보관),,(주)동원홈푸드,2002046107314995,20240717,20240718
오이,오이,(우정)오이냉국베이스,소스,제조일부터 6개월 (냉장보관),,(주)동원홈푸드,201904421492229,20240717,20240723
소금,소금,(울금)강황발효소금,가공소금,5년,,농업회사법인 유한회사 슬지제빵소,2007050102824,20170920,20240117
차,차,(유)삼향골 비지차(가루),즉석섭취식품,180,,(유)삼향골,201805075424,20191022,20191024
고구마,고구마,(유기농)고구마 설기 (가열하여 섭취하는 냉동식품),떡류,제조일부터180일,,(주)떡과풍경,2010041501320,20110427,20230622
현미,현미,(유기농)누룽지 현미 가래떡 (냉동식품),떡류,제조일호부터6개월,,(주)떡과풍경,20100415013182,20211221,20230907
떡볶이,떡볶이,(유기농)떡볶이,떡류,제조일로부터180일,,(주)떡과풍경,20100415013185,20220602,20230731
떡볶이,떡볶이,(유기농)풍경떡볶이,떡류,"제조일부터    -18℃이하  180일(월, 년)",,(주)떡과풍경,20100415013198,20231123,20231125
현미,현미,(유기농)현미가래떡,떡류,제조일로부터6개월,생략,(주)떡과풍경,20100415013181,20211104,20230907
현미,현미,(유기농)현미떡국떡,떡류,제조일로부터 20일 (냉장),,(주)떡과풍경,201004150131,20100211,20230627
현미,현미,(유기농)현미설기떡,떡류,제조일로부터 (-18℃이하 냉동) 180일로,,(주)떡과풍경,20100415013189,20220610,20230907
고등어,고등어,(유동)고등어보일드,기타 수산물가공품,제조일로부터 3년,,(주)동림식품,19730618007112,20121005,20230817
명란,명란,(유색)명란젓,양념젓갈,제조일로부터 6개월,,(주)유양,1994045922558,20200623,20210402
쌀,쌀,(유탕완제)우리쌀찰츄러스,빵류,제조일로부터 9개월까지,,주식회사에이앤인니푸드,20060364111316,20260226,20260310
파스타,파스타,(이름없는파스타)앙카케소스,소스,제조일로부터 12개월,,태원식품산업(주),1985031100116289,20251017,20251021
계란,계란,(이오김밥)계란물용믹스,소스,제조일로부터 12개월까지,,주식회사 혜성식품,20010263055995,20250324,20250410
마늘,마늘,(이오김밥)마늘쫑소스,소스,제조일로부터 12개월까지,,주식회사 혜성식품,20010263055986,20250314,20250325
김밥,김밥,(이오김밥)크리미어니언드레싱,소스,제조일로부터 12개월까지,,주식회사 혜성식품,20010263055994,20250320,20250321
계란,계란,(일식)부드러운계란찜,즉석조리식품,제조일로부터 7일,,라임에프앤비(주),20210222240526,20231110,20240201
치즈,치즈,(잇모닝)더블치즈군고구마케이크,빵류,제조일로부터 12개월까지,,(주)데이드림,202504083468,20250731,20260609
바나나,바나나,(잇모닝)딸기바나나 딜라이트 케이크,빵류,제조일로부터 12개월까지,,(주)데이드림,202504083464,20250724,20260205
케이크,케이크,(잇모닝)초코크런키케이크,빵류,제조일로부터 12개월까지,,(주)데이드림,2025040834610,20250801,20260416
요거트,요거트,(잇모닝)포시즌딸기요거트케이크,빵류,제조일로부터 12개월까지,,(주)데이드림,202504083469,20250731,20260416
차,차,(자사)녹차까눌레,빵류,제조일로부터 4개월,,해누리기업 주식회사,20240542624102,20240917,20250114
치즈,치즈,(자사)치즈케이크,빵류,제조일로부터 6개월,,해누리기업 주식회사,20240542624106,20240917,20250118
간장,간장,(자연솜씨) 간장소스-1,소스,제조일로부터 6개월까지,,(주)에프앤에스식품,202103521781760,20250401,20250408
드레싱,드레싱,(저당) 레몬허브 드레싱,소스,제조일부터 6개월 (냉장보관),,(주)동원홈푸드,2002046107315391,20241226,20241227
드레싱,드레싱,(저당) 발사믹 드레싱,소스,제조일부터 6개월 (냉장보관),,(주)동원홈푸드,2002046107316086,20250729,20250731
드레싱,드레싱,(저당) 스리라차소이 드레싱,소스,제조일부터 6개월 (냉장보관),,(주)동원홈푸드,2002046107316910,20260609,20260611
참깨,참깨,(저당) 참깨소이 드레싱,소스,제조일부터 9개월 (냉장보관),,(주)동원홈푸드,2002046107315389,20241230,20250416
참깨,참깨,(저당) 참깨소이 드레싱,소스,제조일부터 9개월 (냉장보관),,(주)동원홈푸드,201904421492418,20241230,20250415
드레싱,드레싱,(저당)랜치드레싱,소스,제조일부터 5개월 (냉장보관),,(주)동원홈푸드,2002046107316558,20260112,20260127
볶음밥,볶음밥,(전국대패)볶음밥용소스,소스,제조일로부터 6개월 까지,,주식회사 동방푸드마스타,199104450779132,20231208,20231209
숙주,숙주,(전국대패)숙주볶음용소스,소스,제조일로부터 6개월 까지,,주식회사 동방푸드마스타,199104450779133,20231208,20231209
전복,전복,(전복)슬라이스,기타 수산물가공품,제조일로부터 24개월까지,,(주)오션스코리아,2014012801299,20181030,20181031
갈비,갈비,(전통)갈비탕,기타가공품,제조일로부터12개월(냉장보관),,젤존푸드(주),20000368362344,20081006,20160706
소고기,소고기,(전통)소고기메추리알장조림,기타가공품,제조일로부터12개월(냉장보관),,젤존푸드(주),20000368362345,20081006,20160706
된장,된장,(전통)우가지된장찌개,기타가공품,제조일로부터1년(냉장보관),,젤존푸드(주),20000368362342,20081006,20160706
차,차,(전통)차례상탕국,기타가공품,제조일로부터12개월(냉장보관),,젤존푸드(주),20000368362347,20081006,20160706
낙지,낙지,(절단)낙지,기타 수산물가공품,24개월,,씨스카이푸드,2008014405921,20130326,20160706
된장,된장,(정)오구만능된장소스,소스,제조일로부터 12개월,,오구당당푸드,202002034594,20210429,20240803
김밥,김밥,(정읍옛날김밥)떡볶이소스,소스,제조일로부터 12개월까지,,(주)다경푸드시스템,20220617001181,20250115,20250118
갈비,갈비,(정통)닭갈비 양념장,소스,제조일로부터 6개월,,에스엠케이푸드,2017024237699,20250623,20250703
된장,된장,(정희) 강된장소스,소스,제조일로부터 9개월까지,,(주)대유푸드,200904150481440,20260309,20260310
깻잎,깻잎,(정희) 깻잎페스토소스,소스,제조일로부터 12개월까지,,(주)대유푸드,200904150481441,20260313,20260318
마늘,마늘,(정희) 마늘쫑 고추지 장아찌,절임식품,제조일로부터 60일까지,,농업회사법인(주)승화푸드,200700565442450,20260225,20260430
간장,간장,(정희) 맛간장소스,소스,제조일로부터 9개월까지,,(주)대유푸드,200904150481429,20260209,20260306
감자,감자,(정희)감자전소스,소스,제조일로부터6개월까지,,(주)대유푸드,200904150481346,20251124,20251126
두부,두부,(정희)잣두부티라미수,빵류,제조일로부터 냉동6개월,,오늘디저트,20220505149148,20250928,20251209
두부,두부,(정희)잣두부홀케이크,빵류,제조일로부터 냉동 6개월,,오늘디저트,20220505149149,20251124,20251209
우유,우유,(조각케익)우유생크림,빵류,제조일로부터 9개월까지 (냉동),,(주)샤니,197102750035479,20240528,20260101
국수,국수,(조은)막국수소스,소스,제조일부터 6개월 (냉장보관),,(주)동원홈푸드,2002046107315055,20240816,20250212
국수,국수,(조은)막국수소스,소스,제조일부터 6개월 (냉장보관),,(주)동원홈푸드,201904421492265,20240816,20250212
무,무,(조은)무침만두소스,소스,제조일부터 6개월 (냉장보관),,(주)동원홈푸드,2002046107315893,20250502,20250722
무,무,(조은)무침만두소스,소스,제조일부터 6개월 (냉장보관),,(주)동원홈푸드,201904421492673,20250502,20250508
어묵,어묵,(종합)9가지 모둠어묵 국탕용,어묵,제조일로부터 60일까지,,(주)늘푸른바다,19960144406802,20210615,20260105
어묵,어묵,(종합)가쓰오 여섯가지 국탕용 어묵(대용량),어묵,제조일로부터 12일까지,,(주)늘푸른바다,19960144406805,20210727,20211026
간장,간장,(주)귀남 간장소스,소스,6개월(냉장),,금양식품(주),19950449004556,20150306,20181221
드레싱,드레싱,(주)귀남 드레싱소스,소스,6개월(냉장),,금양식품(주),19950449004604,20150424,20250429
마늘,마늘,(주)귀남 마늘데리야끼소스,소스,냉장 6개월,,금양식품(주),19950449004633,20150805,20200101
무,무,(주)그린엔푸드치킨무,절임식품,제조일로부터 30일,,아산영농조합법인,2003050010151,20120801,20240117
돈까스,돈까스,(주)깜장수레푸드 돈까스소스,소스,제조일로부터 12개월,,푸른식품주식회사,20080211050435,20200909,20240806
떡볶이,떡볶이,(주)깜장수레푸드 떡볶이소스,소스,제조일로부터 12개월,,푸른식품주식회사,20080211050569,20230424,20230428
치킨,치킨,(주)깜장수레푸드 치킨양념소스,소스,제조일로부터 18개월,,푸른식품주식회사,20080211050609,20240123,20240124
피자,피자,(주)나눔피자소스,소스,제조일로부터 6개월까지,없음,주식회사조흥,19970311100589,20190131,20250523
무,무,(주)무진 식빵용 프리믹스,곡류가공품,제조일로부터 1년,,대한제분(주),198301900201005,20221206,20221207
소금,소금,(주)범코리아 트러플소금,가공소금,제조일부터 12개월 (실온보관),,(주)동원홈푸드,2002046107314133,20230921,20230925
차,차,(주)보성다원 가루녹차,고형차,제조일로부터 30개월까지,,(주)보성다원,200305190657,20050415,20160706
차,차,(주)보성다원 유기농가루녹차,고형차,제조일로부터 30개월까지,,(주)보성다원,2003051906512,20051201,20160706
무,무,(주)비에스비푸드 슈퍼아삭무,절임식품,제조일로부터 3개월,,(주)하나에프앤드엘,2010036527248,20210201,20260201
간장,간장,(주)씨맨소울팩토리 간장게장용소스,소스,제조일로부터 12개월까지,,(주)한국소스,19960257034731,20210812,20210814
간장,간장,(주)아앤유디벨롭 간장 탕수육소스,소스,"냉장보관,제조일로부터 6개월까지",,다솔푸드테크 주식회사,20110257153634,20210827,20210925
갈비,갈비,(주)아앤유디벨롭 갈비천왕소스,소스,제조일로부터 6개월까지,,다솔푸드테크 주식회사,20110257153477,20210216,20221222
떡볶이,떡볶이,(주)아앤유디벨롭 떡볶이 가장매운맛,복합조미식품,제조일로부터 12개월,,에이푸드,2018035541648,20210514,20260201
떡볶이,떡볶이,(주)오가다 로제 떡볶이,즉석조리식품,제조일로부터 냉동으로 12개월까지,,(주)로뎀푸드 제2공장,2021039130290,20240320,20240322
국수,국수,(주)웰푸드컴퍼니 막국수육수,소스,냉동 12개월,,산들푸드주식회사 농업회사법인,2011047307624,20161118,20200630
간장,간장,(주)켈리집이야만능간장소스,소스,제조일로부터 6개월까지,없음,주식회사조흥,199703111002415,20260115,20260314
된장,된장,(주)태승F&C된장찌개용소스,소스,제조일로부터 6개월까지,,(주)미래푸드,20190424115128,20240517,20240521
콩나물,콩나물,(주)태승F&C콩나물무침용분말,복합조미식품,제조일로부터 12개월까지,,(주)미래푸드,20190424115125,20240517,20240518
소금,소금,(주)한국153농산조미소금,가공소금,365일,,솔트코리아,2012056031220,20140228,20160706
간장,간장,(주)한상 닭강정 매콤간장소스,소스,제조일로부터12개월까지,,(주)삼일에프엔비,200504641271492,20251230,20260107
돈까스,돈까스,(주)한양F&B 돈까스소스,소스,제조일로부터 6개월 (실온보관),,(주)서해식품,20170635182324,20250829,20251227
전복,전복,(주)해빔 전복장 소스,소스,제조일로부터 12개월(냉동),,주식회사해빔,2019050759322,20191205,20260220
전복,전복,(주)해빔 전복죽,즉석조리식품,제조일로부터 6개월(냉동),,주식회사해빔,2019050759323,20191205,20260220
커피,커피,(주)헤세드커피 드립백,커피,제조일로부터 1년,,(주)헤세드커피,202501220554,20250623,20250628
새우,새우,(주)SG푸드 양념새우젓,양념젓갈,제조일로부터 6개월까지,,(주)상구푸드,2022045702541,20230216,20230218
대파,대파,(주)SG푸드대파김치,김치,제조일로부터1년,,(주)상구푸드,2022045702517,20220611,20220616
대파,대파,(주)SG푸드대파김치,김치,제조일로부터1년,,(주)상구푸드,2022045702539,20220829,20220831
대파,대파,(주)SG푸드대파김치다데기,소스,제조일로부터6개월,,(주)상구푸드,2022045702516,20220611,20220616
부추,부추,(주)SG푸드부추다데기,소스,제조일로부터냉장6개월,,(주)상구푸드,2022045702515,20220611,20220616
새우,새우,(주니아)구운마늘새우,기타 수산물가공품,제조일로부터 2년까지,,주식회사 다해씨푸드,2014014449987,20200722,20250805
연어,연어,(주니아)생연어큐브,기타 수산물가공품,제조일로부터 2년까지,,주식회사 다해씨푸드,20140144499185,20250724,20250804
죽,죽,(직영)사르르리본파이용냉동반죽,빵류,제조일부터 6개월(냉동),냉동 6개월,영등포씨케이(영등포CK),20160080256338,20241230,20250109
죽,죽,(직영)사르르리본파이용냉동반죽,빵류,6개월(냉동),,씨제이푸드빌주식회사,199704451444271,20241230,20250107
멸치,멸치,(진)죽염멸치진액젓,액젓,제조일로부터 1년,,남해건강마을,200206200657,20071025,20260220
딸기,딸기,(진한색)딸기,당류가공품,제조일로부터 12개월,,주식회사 펀코리아,202504839891,20260420,20260423
오렌지,오렌지,(진한색)오렌지,당류가공품,제조일로부터 12개월,,주식회사 펀코리아,202504839894,20260612,20260613
포도,포도,(진한색)포도,당류가공품,제조일로부터 12개월,,주식회사 펀코리아,202504839892,20260612,20260613
차,차,(차곡차곡)김치나베소스,소스,제조일로부터 12 개월,,프레시플러스 주식회사,200304432175779,20250306,20250313
차,차,(차곡차곡)마라소바소스,소스,제조일로부터 12 개월,,프레시플러스 주식회사,200304432175841,20250717,20250719
차,차,(차곡차곡)마제소바소스,소스,제조일로부터 12개월,,프레시플러스 주식회사,200304432175777,20250306,20250308
치킨,치킨,(차곡차곡)치킨카레소스,소스,제조일로부터 12 개월,,프레시플러스 주식회사,200304432175778,20250306,20250308
버터,버터,(차차커피코)냉동완제_고메버터스콘,빵류,냉동보관 제조일로부터 6개월,,로로에프엔비주식회사,20170383088157,20210831,20260519
커피,커피,(차차커피코)냉동완제_더블초코 스콘,빵류,냉동보관 제조일로부터 6개월,,로로에프엔비주식회사,20170383088160,20210831,20260529
치즈,치즈,(차차커피코)냉동완제_라즈베리 크림치즈 쿠키,과자,냉동보관 제조일로부터 6개월,,로로에프엔비주식회사,20170383088166,20210901,20260528
커피,커피,(차차커피코)냉동완제_레몬 스콘,빵류,냉동보관 제조일로부터 6개월,,로로에프엔비주식회사,20170383088161,20210831,20260528
커피,커피,(차차커피코)냉동완제_로투스 스모어 쿠키,과자,냉동보관 제조일로부터 6개월,,로로에프엔비주식회사,20170383088170,20210901,20260528
치즈,치즈,(차차커피코)냉동완제_약과크림치즈쿠키,과자,제조일로부터 6개월까지,,로로에프엔비주식회사,20170383088145,20181212,20260529
치즈|크림치즈,"치즈,크림치즈",(차차커피코)냉동완제_얼그레이 크림치즈 쿠키,과자,냉동보관 제조일로부터 6개월,,로로에프엔비주식회사,20170383088171,20210902,20260529
커피,커피,(차차커피코)냉동완제_오레오 스콘,빵류,냉동보관 제조일로부터 6개월,,로로에프엔비주식회사,20170383088159,20210831,20260528
커피,커피,(차차커피코)냉동완제_월넛 초코칩 쿠키,과자,냉동보관 제조일로부터 6개월,,로로에프엔비주식회사,20170383088164,20210831,20260529
커피,커피,(차차커피코)냉동완제_크랜베리 피칸 쿠키,과자,냉동보관 제조일로부터 6개월,,로로에프엔비주식회사,20170383088167,20210901,20260529
버터,버터,(차차커피코)냉동완제_피넛 버터칩 쿠키,과자,냉동보관 제조일로부터 6개월,,로로에프엔비주식회사,20170383088169,20210901,20260529
사과,사과,(청)사과퓨레 [사과 99.97%함유],과.채가공품,제조일로 부터 24개월,,주식회사 다솔마임에프엔비,20120365455387,20240612,20260201
파스타,파스타,(청담파스타)크림소스,소스,제조일부터 3개월 (냉장보관),,(주)동원홈푸드,201904421491710,20230919,20230921
파스타,파스타,(청담파스타)크림소스,소스,제조일부터 3개월 (냉장보관),,(주)동원홈푸드,2002046107314106,20230919,20230920
토마토,토마토,(청담파스타)토마토소스,소스,제조일부터 6개월 (냉장보관),,(주)동원홈푸드,2002046107314102,20230913,20230914
토마토,토마토,(청담파스타)토마토소스,소스,제조일부터 6개월 (냉장보관),,(주)동원홈푸드,201904421491708,20230913,20230915
불고기,불고기,(청춘식탁)레드불고기양념,소스,제조일로부터 6개월까지,,주식회사 혜성식품,200102630551002,20250425,20250429
불고기,불고기,(청춘식탁)불고기양념,소스,제조일로부터 6개월까지,,주식회사 혜성식품,200102630551001,20250425,20250429
마늘,마늘,(치몬)땡초마늘소스,소스,제조일로부터 6개월,,서울향료(주)진천공장,20180450262667,20201030,20220121
간장,간장,(치몬)레드간장소스,소스,제조일로부터 6개월,,서울향료(주)진천공장,20180450262572,20200206,20200208
마늘,마늘,(치몬)마늘간장소스,소스,제조일로부터 6개월,,서울향료(주)진천공장,20180450262571,20200206,20200211
치킨,치킨,(치몬)양념치킨소스,소스,제조일로부터 6개월,,서울향료(주)진천공장,20180450262575,20200206,20200208
간장,간장,(치몬)허니간장소스,소스,제조일로부터 6개월,,서울향료(주)진천공장,20180450262570,20200206,20200208
국수,국수,(칼국수용)닭개장고기양념,식육함유가공품,제조일로부터 12개월까지,,석호네푸드 주식회사,2024063508524,20250518,20250726
차,차,(캘리스코)녹차 자루우동면,생면,제조일로부터 20일,,(주)아워홈,200206141791121,20250306,20250308
죽,죽,(코)단팥빵 냉동반죽,빵류,냉동 200일,,(주)신라명과,19930618060851,20191008,20240625
죽,죽,(코)모카피 냉동반죽,빵류,냉동 200일,,(주)신라명과,19930618060945,20211020,20251017
죽,죽,(코)소보로단팥빵 냉동반죽,빵류,냉동 200일,,(주)신라명과,19930618060919,20210515,20250909
죽,죽,(코)탕종모카빵 냉동반죽,빵류,냉동 200일,,(주)신라명과,19930618060944,20211020,20251129
죽,죽,(코)탕종모카빵 냉동반죽,빵류,냉동 200일,해당없음,(주)신라명과,202506700447,20251014,20260507
떡볶이,떡볶이,(코끼리떡볶이)떡볶이소스,소스,제조일로부터 6개월(냉장보관 0~10℃이하),,주식회사 다담푸드,2008019957732,20081124,20251017
드레싱,드레싱,(퀴즈)저당발사믹드레싱,소스,제조일부터 8개월 (냉장보관),,(주)동원홈푸드,2002046107317091,20260617,20260617
드레싱,드레싱,(퀴즈)저당발사믹드레싱,소스,제조일부터 8개월 (냉장보관),,(주)동원홈푸드,201904421493234,20260617,20260617
딸기,딸기,(크림용) 딸기원팩파우더 2,기타가공품,제조일로부터 12개월,,(주)선그린,20070275085454,20250324,20250403
딸기,딸기,(크림용)딸기원팩파우더,기타가공품,제조일로부터 12개월,,(주)선그린,20070275085411,20240419,20250724
오이,오이,(토종)조선오이 소박이,김치,제조일로부터 60일,,화성로컬푸드가공생산자협동조합,20180382003312,20220304,20260201
토마토,토마토,(특) 토마토 스파게티소스,소스,90일(냉장),,(주)델리후레쉬,19970347005251,20150304,20160706
고추,고추,(특)고추다데기분말,복합조미식품,제조일로부터 9개월까지,,주식회사 송연에스와이,20160347193964,20231010,20250125
차,차,(특)도라지차,침출차,2년,,티원코리아,201201748396,20121213,20160706
밀가루,밀가루,(특)메밀가루,곡류가공품,제조일로 부터 1년,,문화제분,2011034718310,20171201,20171204
차,차,(특)생강차,침출차,2년,,티원코리아,201201748398,20121213,20160706
케이크,케이크,(특)얼그레이 롤케이크_24,빵류,제조일로부터 180일,,(주)보나비 아티지움,20090036325353,20240604,20250220
차,차,(특)연근차,침출차,2년,,티원코리아,201201748397,20121213,20160706
차,차,(특)우방근차,침출차,2년,,티원코리아,201201748395,20121213,20160706
케이크,케이크,(특)초코 롤케이크_24,빵류,제조일로부터 180일,,(주)보나비 아티지움,20090036325354,20240604,20240605
케이크,케이크,(특)화이트바닐라빈 롤케이크_24,빵류,제조일로부터 180일,,(주)보나비 아티지움,20090036325355,20240604,20250603
간장,간장,(특판)간장소스,소스,제조일로부터6개월,,주식회사세명에프엔에프,20100154489933,20260421,20260422
불고기,불고기,(특판)도시락의정석)돼지불고기편,즉석섭취식품,제조시간으로부터 37시간,,롯데용인CK 주식회사,200003470522698,20200928,20200929
불고기,불고기,(특판)도시락의정석)바싹불고기편,즉석섭취식품,제조시간으로부터 37시간,,롯데용인CK 주식회사,200003470522674,20200827,20200830
간장,간장,(특판)매콤간장소스,소스,제조일로부터6개월,,주식회사세명에프엔에프,20100154489931,20260421,20260422
불고기,불고기,(특판)소불고기모둠도시락,즉석섭취식품,제조시간으로부터 37시간,,롯데부산CK 주식회사,200206143692558,20220702,20220706
치킨,치킨,(특판)숯불양념치킨,소스,제조일로부터6개월,,주식회사세명에프엔에프,20100154489930,20260420,20260421
치킨,치킨,(특판)양념치킨소스,소스,제조일로부터6개월,,주식회사세명에프엔에프,20100154489932,20260421,20260422
불고기,불고기,(특판)일품소불고기정식1,즉석섭취식품,제조시간으로부터 37시간,,롯데부산CK 주식회사,200206143691924,20190602,20190604
차,차,(티)말차파우더,고형차,제조일로부터 3년까지,,주식회사 농업회사법인 동천,20040621032139,20251230,20260103
파스타,파스타,(파스타입니다)특제마라소스,소스,제조일로부터  4개월,,태원식품산업(주),1985031100112762,20221208,20231229
파스타,파스타,(파스타입니다)K-로제파우더,복합조미식품,12개월,,(주)선제,2024068342432,20240625,20240702
간장,간장,(포)간장딥핑소스,소스,제조일로부터  6개월까지,,태원식품산업(주),1985031100110089,20201203,20201204
오리,오리,(포밀)순한맛떡볶이소스오리지널,소스,냉장6개월,,(주)다미푸드텍,200204451302038,20240926,20240927
참깨,참깨,(포밀)NEW참깨드레싱소스,소스,제조일로부터 6개월까지,,주식회사 송연에스와이,20160347193935,20230822,20240828
볶음밥,볶음밥,(포엠)만능볶음밥소스,소스,제조일로부터  4개월,,태원식품산업(주),1985031100113671,20230919,20241008
두부,두부,(포엠)순두부찌개양념,소스,제조일로부터 5개월,,태원식품산업(주),1985031100116230,20250922,20250925
파스타,파스타,(포엠)파스타예요 라구소스,소스,9개월(냉동),,주식회사 세원프레쉬,201503686511087,20240102,20240316
파스타,파스타,(포엠)파스타예요 봉골레소스,소스,제조일로부터 6개월 까지,,주식회사 동방푸드마스타,199104450779032,20230824,20230825
차,차,(포차천국)갈릭마요소스,소스,제조일로부터 6개월,,프레시플러스 주식회사,200304432175704,20240904,20240905
샌드위치,샌드위치,(포케올데이)샌드위치소스,소스,6개월(냉장),,세원푸드(주),201003682492020,20250718,20250725
참깨,참깨,(포케올데이)저당 참깨소스,소스,6개월(냉장),,세원푸드(주),201003682491994,20250403,20250422
국수,국수,(포포유)포포유쌀국수소스,소스,제조일로부터 4개월,,태원식품산업(주),1985031100114524,20240521,20240725
고추,고추,(푸드테크)고추장삼겹구이양념,소스,6개월(냉장),,주식회사 세원프레쉬,201503686511486,20260605,20260609
고추,고추,(푸드테크)육회고추장양념,소스,6개월(냉장),,주식회사 세원프레쉬,201503686511485,20260605,20260609
사과,사과,(풋/청)사과농축액,과.채가공품,제조일로부터 36개월,,주식회사 삼정,202206192714,20220623,20240604
사과,사과,(풋/청)사과페이스트,과.채가공품,제조일로부터 36개월,,주식회사 삼정,2022061927187,20240329,20240404
커피,커피,(플랫치노)(양각)커피믹스 초코픽,당류가공품,제조일로부터 1년,,주식회사 카카오파크,20130320566464,20220516,20220521
딸기,딸기,(플레인)딸기마블샌드용냉동반죽,빵류,180일,,씨제이푸드빌주식회사,199704451444932,20251215,20260122
피자,피자,(피자팜비어)떡볶이분말,복합조미식품,12개월(실온),,주식회사 세원프레쉬,201503686511455,20260219,20260221
피자,피자,(피자팜비어)칠리스시즈닝,복합조미식품,12개월(실온),,주식회사 세원프레쉬,201503686511456,20260220,20260221
치즈|피자,"치즈,피자",(피자팜비어)칠리스핫치즈스틱,기타가공품,제조일로부터 12개월까지,,(주)초이스키친,20190324143145,20260304,20260305
감자,감자,(하)모듬감자,서류가공품,제조일로부터 1년까지,,(주)청우푸드,2008037241769,20211111,20221208
고추,고추,(하루반상) 고추장양념소스,소스,제조일로부터 6개월까지,,(주)이룸에프앤씨,20200137508714,20260504,20260505
불고기,불고기,(하루솥밥)불고기소스,소스,6개월(냉장),,주식회사 세원프레쉬,201503686511262,20250207,20250212
두부,두부,(하루솥밥)순두부찌개소스,소스,6개월(냉장),,주식회사 세원프레쉬,201503686511261,20250206,20250212
치즈,치즈,(하루우동)치즈카츠,식육함유가공품,제조일로부터12개월,해당없음.,정성치즈카츠,202308524813,20250519,20260519
소고기,소고기,(하림)소고기맛베이스M2,복합조미식품,제조일로부터 12개월,,(주)삼아벤처,199104430242181,20200924,20200926
오리,오리,(하이오)오리지널팝콘,과자,제조일로 부터 12 개월,,티브라더스,20230526029301,20251013,20251016
토마토,토마토,(하타네) 나폴리탄토마토소스,소스,제조일로부터 4개월,,태원식품산업(주),1985031100114574,20240605,20240611
된장,된장,(한쌈)된장찌개분말,복합조미식품,제조일로부터 12개월,,에스엠케이푸드,2017024237674,20240520,20240531
볶음밥,볶음밥,(한쌈)볶음밥용소스,소스,제조일로부터 6개월,,에스엠케이푸드,2017024237676,20240520,20240524
오징어,오징어,(할복)손질오징어,기타 수산물가공품,제조일로부터 4일,제조일로부터4일,양포어장,2017053312129,20230428,20230502
핫도그,핫도그,(핫도그),빵류,제조일로부터 9개월까지,,(주)명품푸드,20160364601127,20190902,20260201
떡볶이,떡볶이,(해원)떡볶이소스,소스,제조일로부터 6개월까지,없음,주식회사조흥,199703111001984,20240130,20240208
떡볶이,떡볶이,(해원)로제떡볶이소스,소스,제조일로부터 12개월까지,없음,주식회사조흥,199703111001985,20240130,20240208
치즈,치즈,(헝그리부처)맥앤치즈소스,소스,제조일로부터 3개월,,태원식품산업(주),1985031100114460,20240503,20240509
치킨,치킨,(헝그리부처)치킨파우더,곡류가공품,제조일로부터 12개월,,태원식품산업(주),1985031100114468,20240503,20240511
떡볶이,떡볶이,(헬키푸키)스리라차떡볶이소스,소스,제조일로부터 12개월,,주식회사 제이와이에프,20240635028129,20240913,20241003
전복,전복,(호호솥밥)전복내장소스,소스,제조일로부터 18개월,,주식회사 푸드에스엠,20230501071552,20241212,20241220
생크림,생크림,(홀)꿀 고구마 생크림 케이크,빵류,냉장 4일,,주식회사신세계푸드천안공장,200404490103851,20231116,20231124
딸기,딸기,(홀)밀레앙 딸기 프렌치 플랑,빵류,냉장 4일,,주식회사신세계푸드천안공장,200404490103958,20241114,20241116
치즈|블루베리,"치즈,블루베리",(홀)블루베리 쿠키 치즈케이크,빵류,냉장5일,,주식회사신세계푸드천안공장,200404490102877,20150513,20220614
딸기,딸기,(홀)산타 베어리스타 딸기 케이크,빵류,냉장 4일,,주식회사신세계푸드천안공장,200404490103954,20241111,20241115
초콜릿,초콜릿,(홀)초콜릿 부쉬드 노엘,빵류,냉장 6일,,주식회사신세계푸드천안공장,200404490103849,20231019,20231124
배,배,(홈)찹쌀꽈배기냉동생지,빵류,-18℃에서 보관할 경우 제조일로부터 9개월간.,,서울식품공업(주),19850433015429,20000915,20160706
쌀,쌀,(홈)찹쌀도너츠냉동생지,빵류,-18℃에서 보관할 경우 제조일로부터 9개월간.,,서울식품공업(주),19850433015428,20000915,20160706
카레,카레,(홈)카레고로께냉동생지,빵류,-18℃이하에서 보관할 경우 제조일로부터 9개월간.,,서울식품공업(주),19850433015426,20000915,20160706
피자,피자,(홈)피자고로께냉동생지,빵류,-18℃에서 보관할 경우 제조일로부터 9개월간.,,서울식품공업(주),19850433015427,20000915,20160706
토마토,토마토,(흥성)토마토소스,소스,제조일로부터 6개월,,태원식품산업(주),198503110019244,20200422,20200425
쌀,쌀,(흰)미니찹쌀떡,떡류,냉동 9개월,,(주)신영푸드,1997037204439,20030106,20160706
블루베리,블루베리,(B)블루베리 베이글,빵류,제조일로부터 6개월,,로빈스프렌즈 주식회사,2023037720145,20260424,20260520
빵,빵,(b)슈크림빵생지,빵류,9개월(냉동),해당없음,홈플러스 주식회사,200803602841211,20241002,20241017
죽,죽,(B2B)단팥빵 휴면반죽,빵류,90일,,에스피엘주식회사,200403064182569,20200429,20240925
핫도그,핫도그,(BG)핫도그프리믹스,기타가공품,제조일로부터 365일 까지,,사조동아원(주) 부산공장,19950129282642,20240123,20240124
소스,소스,(CHANG GO 1974)껍데기용소스,소스,제조일로부터 냉장3개월,,태원식품산업(주),198503110016072,20161201,20161209
갈비,갈비,(CHANG GO 1974)양념갈비용소스,소스,제조일로부터 냉장3개월,,태원식품산업(주),198503110016096,20161130,20161222
소스,소스,(CHANG GO 1974)장아찌용소스,소스,제조일로부터 실온4개월,,태원식품산업(주),198503110016070,20161130,20161208
죽,죽,(D)국산 동지팥죽,즉석조리식품,제조일로부터 15일,,농업회사법인(주)강화드림,20160211170193,20241212,20241214
고추,고추,(DELI)고추잡채용볶음,식육함유가공품,제조일로부터  12개월,,태원식품산업(주),198503110019769,20200907,20211007
소스,소스,(DELI)로제크림소스,소스,제조일로부터 5개월까지(냉장),,주식회사 동방푸드마스타,199104450777571,20191114,20191115
볶음밥,볶음밥,(E)김치볶음밥,즉석조리식품,제조일로부터 12개월,,(주) 푸르온,199904613861169,20260124,20260127
김,김,(E)밥김말이,즉석조리식품,제조일로부터 12개월,,(주) 푸르온,199904613861171,20260124,20260205
불고기,불고기,(E)현미소불고기볶음밥,즉석조리식품,제조일로부터 12개월,,(주) 푸르온,199904613861170,20260124,20260127
버터,버터,(EF)아몬드용시즈닝-허니버터,복합조미식품,제조일로부터 12개월,,태원식품산업(주),1985031100116541,20260107,20260123
김,김,(EU 전용) 김치양념소스,소스,제조일로부터 6개월,,(주)아워홈,200604452191127,20230130,20230131
나물,나물,(Gtable)곤드레나물밥,즉석조리식품,제조일로부터 12개월,,주식회사 엄지식품,20150493208290,20180813,20240117
새우,새우,(Gtable)새우볶음밥,즉석조리식품,제조일로부터 12개월,,주식회사 엄지식품,20150493208291,20180813,20240117
불고기,불고기,(Gtable)소불고기볶음밥,즉석조리식품,제조일로부터 12개월,,주식회사 엄지식품,20150493208292,20180813,20240117
치즈,치즈,(H)뉴욕치즈케이크피스,빵류,180일(냉동-18이하 보관),,씨제이푸드빌주식회사,19970445144315,20020305,20250416
요거트,요거트,(H)더블베리요거트피스,빵류,180일,,씨제이푸드빌주식회사,199704451444116,20240129,20250412
딸기,딸기,(H)딸기슈크림미니케이크,빵류,180일,,씨제이푸드빌주식회사,199704451444896,20251030,20251108
치즈,치즈,(H)딸기치즈쏘스윗박스,빵류,180일,,씨제이푸드빌주식회사,199704451444182,20240624,20250725
생크림,생크림,(H)딸기피스생크림케이크,빵류,180일,,씨제이푸드빌주식회사,199704451444895,20251021,20251022
차,차,(H)말차슈크림피스케이크,빵류,180일,,씨제이푸드빌주식회사,199704451444925,20260304,20260401
케이크,케이크,(H)망고라운드케이크,빵류,180일(냉동),180일(냉동),씨제이푸드빌주식회사,19970445144316,20020305,20250412
블루베리,블루베리,(H)블루베리머핀,빵류,제조일로부터12개월까지 (냉동),해당없음.,(주)에스알씨,20070208179531,20221117,20221118
케이크,케이크,(H)초코가나슈케이크,빵류,180일,,씨제이푸드빌주식회사,199704451444885,20251021,20251022
쿠키,쿠키,(H)초코쿠키미니케이크,빵류,180일,,씨제이푸드빌주식회사,199704451444886,20251030,20251031
쿠키,쿠키,(H)쿠키앤크림쏘스윗박스,빵류,180일,,씨제이푸드빌주식회사,199704451444671,20220723,20250412
요거트,요거트,(H)트리플베리요거트피스,빵류,180일,,씨제이푸드빌주식회사,199704451444118,20240214,20250412
케이크,케이크,(H)트리플초코케이크피스,빵류,180일,,씨제이푸드빌주식회사,199704451443988,20230403,20260122
생크림,생크림,(H)티아라딸기생크림케이크,빵류,180일,,씨제이푸드빌주식회사,199704451444862,20250909,20250910
피자,피자,(ISP)콤비네이션 냉동피자,빵류,제조일로부터 냉동 12개월,,(주)블루에프앤비,20030076114276,20231119,20240228
김,김,(ITSU)달콤한간장맛김,조미김,제조일로부터 12개월,,만전식품(주),2020050765292,20210204,20210630
김,김,(ITSU)스리라차맛김,조미김,제조일로부터 12개월,,만전식품(주),20000345240356,20210205,20230111
김,김,(ITSU)와사비맛김,조미김,제조일로부터 12개월,,만전식품(주),2020050765293,20210204,20210630
죽,죽,(L)판패스트리용냉동반죽,빵류,180일,,영등포씨케이(영등포CK),20160080256371,20250610,20260109
죽,죽,(L)판패스트리용냉동반죽,빵류,제조일로부터 180일까지,,씨제이푸드빌주식회사,199704451444349,20250621,20260106
수박,수박,(LC)수박주스(흥국에프엔비),과.채주스,제조일로부터 24개월,,(주)흥국에프엔비,201104452921415,20260506,20260507
치킨,치킨,(MCP)마법의치킨가루[마일드],복합조미식품,제조일부터 18개월,,(주)아름터,20100308257914,20220223,20220224
치킨,치킨,(MCP)마법의치킨가루[스파이시],복합조미식품,제조일부터 18개월,,(주)아름터,20100308257915,20220223,20220224
치킨,치킨,(MCP)마법의치킨가루[커리],복합조미식품,제조일부터 18개월,,(주)아름터,20100308257916,20220223,20220224
차,차,(METAenzyme)메타엔자임 효소크런치 레몬홍차,효소식품,제조일로부터 24개월,,주식회사 푸르농,2016034703235,20240116,20240403
치즈,치즈,(Mon)치즈케이크(2호),빵류,"15일(실온,냉장), 9개월(냉동)",,홈플러스 주식회사,20080360284966,20160922,20200826
치즈,치즈,(Mon)치즈케이크3호(냉동),빵류,9개월(냉동),,홈플러스 주식회사,200803602841128,20200522,20211109
고추,고추,(moon)고추간장소스,소스,6개월(냉장),,주식회사 세원프레쉬,201503686511265,20250211,20250212
김,김,(moon)김치우동소스,소스,6개월(냉장),,주식회사 세원프레쉬,201503686511229,20241106,20241112
떡볶이,떡볶이,(moon)떡볶이파우다,복합조미식품,12개월(실온),,주식회사 세원프레쉬,201503686511232,20241106,20241112
소스,소스,(moon)비빔쫄면소스,소스,6개월(냉장),,주식회사 세원프레쉬,201503686511355,20250710,20250712
두부,두부,(moon)순두부찌개소스,소스,6개월(냉장),,주식회사 세원프레쉬,201503686511266,20250211,20250212
소스,소스,(moon)야끼소바소스,소스,6개월(냉장),,주식회사 세원프레쉬,201503686511249,20241202,20241204
치킨,치킨,(moon)양념치킨소스,소스,6개월(냉장),,주식회사 세원프레쉬,201503686511437,20260102,20260104
치킨,치킨,(moon)치킨파우더,기타가공품,12개월(실온),,주식회사 세원프레쉬,201503686511438,20260102,20260110
무,무,(moon)파무침소스,소스,6개월(냉장),,주식회사 세원프레쉬,201503686511354,20250710,20250712
죽,죽,(N)연유퐁당밀크브레드용 냉동반죽,빵류,180일,,씨제이푸드빌주식회사,199704451444928,20260128,20260130
빵,빵,(N)옥수수쁘띠찰빵생지,빵류,9개월(냉동),,홈플러스 주식회사,20080360284975,20161028,20240314
빵,빵,(N)정통단팥빵생지(200g),빵류,제조일로부터 9개월,,홈플러스 주식회사,200803602841145,20210902,20231121
소금,소금,(NA)소금빵100,빵류,제조일로부터 9개월,,주식회사이학순베이커리,20170304739223,20250820,20250827
샌드위치,샌드위치,(NEW)런치롤샌드위치,즉석섭취식품,64시간(냉장),,에스피엘주식회사,200403064182766,20230331,20250704
오리,오리,(NEW)로얄 소보로 회오리감자,서류가공품,제조일로 부터 1년,,타임스퀘어,202507073166,20260120,20260122
젤리,젤리,(new)미니젤리롤(냉동),빵류,9개월(냉동),해당없음,홈플러스 주식회사,200803602841204,20240322,20240323
소스,소스,(NEW)바베큐소스-CPK,소스,제조일로부터 6개월,,담원푸드(주),200403421721338,20200625,20240730
소스,소스,(NEW)불족소스,소스,제조일로부터 9개월,,(주)찬들푸드,20210301832471,20260430,20260501
김밥,김밥,(NEW)삼각김밥용김,가공김(조미김 또는 구운김),12월,,육암수산,2021053503310,20260508,20260512
새우,새우,(NEW)새우젓소스,소스,제조일로부터 6개월,,프레시플러스 주식회사,200304432175293,20230105,20230107
치즈,치즈,(NEW)피제이명품갈릭디핑치즈소스,소스,제조일부터 9개월,,프레시플러스 주식회사,200304432174160,20200617,20250617
요거트,요거트,(NEW)P카사타 요거트 블루베리,빵류,제조일로부터 냉동( -18°C이하 ) 4개월 까지,,(주)파리크라상,200601812661243,20250509,20250515
김,김,(P)갓김치,김치,사용안함,제조일로부터 45일,대도김치,2017031141535,20171227,20260403
깻잎,깻잎,(P)깻잎김치,김치,사용안함,제조일로부터 60일,대도김치,2017031141547,20171229,20260403
김,김,(P)나박김치,김치,사용안함,제조일로부터 45일,대도김치,2017031141542,20171229,20260403
김,김,(P)맛김치,김치,사용안함,제조일로부터 60일,대도김치,2017031141521,20171227,20260403
무,무,(P)무말랭이무침,김치,사용안함,제조일로부터 45일,대도김치,2017031141550,20171229,20260403
김,김,(P)백김치,김치,사용안함,제조일로부터 60일,대도김치,2017031141538,20171229,20260403
김,김,(P)보쌈김치,김치,사용안함,제조일로부터 60일,대도김치,2017031141546,20171229,20260403
부추,부추,(P)부추김치,김치,사용안함,제조일로부터 45일,대도김치,2017031141551,20171229,20260403
무,무,(P)열무김치,김치,사용안함,제조일로부터 45일,대도김치,2017031141533,20171227,20260403
오이,오이,(P)오이김치,김치,사용안함,제조일로부터 45일,대도김치,2017031141530,20171228,20260403
오이,오이,(P)오이소박이,김치,사용안함,제조일로부터 45일,대도김치,2017031141554,20171229,20260403
김,김,(P)총각김치,김치,사용안함,제조일로부터 45일,대도김치,2017031141522,20171227,20260403
김,김,(P)파김치,김치,사용안함,제조일로부터 45일,대도김치,2017031141529,20171228,20260403
김,김,(P)포기김치,김치,사용안함,제조일로부터 60일,대도김치,2017031141520,20171227,20260403
딸기,딸기,(R)병-ACT-딸기시럽,기타잼,제조일로부터 3개월까지,제조일로부터 3개월까지,아그라나프루트코리아주식회사,199104430102349,20210514,20241016
블루베리,블루베리,(R)병-ACT-블루베리시럽,기타잼,제조일로부터 3개월까지,제조일로부터 3개월까지,아그라나프루트코리아주식회사,199104430102350,20210514,20210619
딸기,딸기,(R)컵-ACT-딸기시럽2,기타잼,제조일로부터 3개월까지,제조일로부터 3개월까지,아그라나프루트코리아주식회사,199104430102672,20240627,20240703
복숭아,복숭아,(R)컵-ACT-복숭아시럽2,기타잼,제조일로부터 3개월까지,제조일로부터 3개월까지,아그라나프루트코리아주식회사,199104430102673,20240627,20240829
치즈,치즈,(R)컵-GR-치즈플레인시럽(T)2,기타가공품,제조일로부터 3개월까지,제조일로부터 3개월까지,아그라나프루트코리아주식회사,199104430102724,20250318,20250320
오리,오리,(single origin coffee)싱글오리진커피,커피,제조일로부터6개월,,카페큐커피랩,201102026844,20141222,20160706
피자,피자,(SUTA5900)갈릭크림피자소스,소스,냉장6개월,,태원식품산업(주),198503110013441,20111011,20180704
소스,소스,(T)본도시락레몬갈릭소스,소스,"냉장, 3개월",,(주)시아스,200504150204350,20211216,20211216
오리,오리,(T)본도시락오리엔탈드레싱,소스,제조일로부터 6개월까지,,주식회사 동방푸드마스타,199104450778530,20211209,20211211
소스,소스,(TB)겉절이소스,소스,제조일로부터  4개월,,태원식품산업(주),1985031100113884,20231121,20231125
배,배,(TB)치킨배터믹스,기타가공품,제조일로부터 12개월,,패션푸드,20200467298105,20221110,20221116
소스,소스,(TB)허니갈릭소스,소스,제조일로부터 3개월,,태원식품산업(주),1985031100112828,20230102,20230110
고추,고추,(Y)고운고추분(일반8:청양2),고춧가루,제조일로부터 12개월,,온새미로 식품,2017034213118,20260409,20260527
김밥,김밥,(YAKI SUSHI NORI) 김밥김,조미김,제조일로부터 12개월,,(유)바다향,2011048469623,20170728,20240615
들기름,들기름,[ 미미방앗간] 100%들기름,들기름,제조일로부터 12개월,제조일로부터 실온 ( 1℃ ~ 35℃) 12개월,주식회사 진솔,2022052047333,20231208,20231209
참기름,참기름,[ 미미방앗간] 100%참기름,참기름,제조일로부터 12개월,제조일로부터 실온 ( 1℃ ~ 35℃) 12개월,주식회사 진솔,2022052047332,20231208,20231209
명태,명태,[21세기누들] 명태회 비빔냉면,소스,12개월,,산들푸드주식회사 농업회사법인,20110473076117,20200521,20200528
들깨,들깨,[2구]고구마순통들깨볶음,조림류,제조일로부터 12개월까지,,농업회사법인 한울팜스주식회사,20080440082415,20221018,20240605
깻잎,깻잎,[2구]깻잎순멸치볶음,조림류,제조일로부터 12개월까지,,농업회사법인 한울팜스주식회사,20080440082381,20210915,20240517
우엉,우엉,[2구]우엉연근조림,조림류,제조일로부터 180일까지,,농업회사법인 한울팜스주식회사,20080440082380,20210915,20240214
시래기,시래기,[2배 농축]고기듬뿍시래기순살감자탕,즉석조리식품,제조일로부터 12개월,,(주)현대그린푸드 스마트푸드센터,201902803271705,20201210,20250708
돼지고기,돼지고기,[2배 농축]국밥용돼지고기탕,즉석조리식품,제조일로부터 12개월,,(주)현대그린푸드 스마트푸드센터,201902803274715,20260122,20260128
소고기,소고기,[2배 농축]맑은소고기무국,즉석조리식품,제조일로부터 12개월,,(주)현대그린푸드 스마트푸드센터,201902803271709,20201207,20241024
시금치,시금치,[2배 농축]시금치된장국,즉석조리식품,제조일로부터 12개월,,(주)현대그린푸드 스마트푸드센터,201902803271680,20201113,20260530
시래기,시래기,[2배 농축]시래기순살감자탕,즉석조리식품,제조일로부터 12개월,,(주)현대그린푸드 스마트푸드센터,201902803274305,20250612,20250614
콩나물,콩나물,[2배 농축]콩나물해장국,즉석조리식품,제조일로부터 12개월,,(주)현대그린푸드 스마트푸드센터,201902803272251,20211116,20241024
명태,명태,[3구]꼬들무명태회B,절임식품,제조일로부터 12개월,,(주)정이푸드빌,20060392118445,20191113,20251031
젓갈,젓갈,[3구]비빔오징어젓갈,양념젓갈,제조일로부터 180일까지,,농업회사법인 한울팜스주식회사,20080440082319,20200922,20250522
돼지고기,돼지고기,[3구]태국식 돼지고기 볶음,조림류,제조일로부터 12개월까지,,(주)늘푸른,2017036434263,20250610,20260201
미역,미역,[8배 농축]미역국,즉석조리식품,제조일로부터 12개월,,(주)현대그린푸드 스마트푸드센터,20190280327663,20200401,20241112
고등어,고등어,[고혈압식단] 고등어구이&동태전 세트,고혈압환자용 식단형 식품,제조일로부터 4일,,(주)현대그린푸드 스마트푸드센터,201902803274416,20250717,20250719
고등어,고등어,[고혈압식단] 고등어구이&사태찜 세트,고혈압환자용 식단형 식품,제조일로부터 4일,,(주)현대그린푸드 스마트푸드센터,201902803274269,20250617,20260422
고등어,고등어,[고혈압식단] 고등어솥밥,고혈압환자용 식단형 식품,제조일로부터 270일,,(주)현대그린푸드 스마트푸드센터,201902803274253,20250617,20260407
소고기,소고기,[고혈압식단] 삼치파스타&소고기장조림 세트,고혈압환자용 식단형 식품,제조일로부터 270일,,(주)현대그린푸드 스마트푸드센터,201902803274271,20250617,20250619
한돈,한돈,[고혈압식단] 한돈맥적구이덮밥 세트,고혈압환자용 식단형 식품,제조일로부터 270일,,(주)현대그린푸드 스마트푸드센터,201902803274726,20260128,20260203
순두부,순두부,[구구족]순두부찌개소스,소스,"냉동보관,제조일로부터 12개월까지",,다솔푸드테크 주식회사,201102571531100,20240124,20250524
낙지,낙지,[낙지]영양찰밥,즉석조리식품,제조일로 부터 12개월,,라파,202407071028,20240530,20240604
낙지,낙지,[낙지]홍미찰밥,즉석조리식품,제조일로 부터 12개월,,라파,202407071029,20240530,20240613
깻잎,깻잎,[냉동] 깻잎 어묵,어묵,제조일로부터 20개월,,미도식품 유한회사,19630144002216,20180727,20230502
당면,당면,[냉동] 어묵 속 당면 매운맛,어묵,제조일부터 20개월(-18℃이하 냉동보관),,미도식품 유한회사,1963014400252,20091211,20200603
우엉,우엉,[냉동] 어묵 속 우엉,어묵,제조일부터 20개월(-18℃이하 냉동보관),,미도식품 유한회사,1963014400256,20091211,20200717
유부,유부,[냉동]김치참치 유부초밥,즉석섭취식품,제조일로부터 6개월,,주식회사 제이스,20210363114192,20260519,20260526
소시지,소시지,[냉동]소시지핫바,어묵,제조일로부터 20개월,,농업회사법인 주식회사 진양푸드,20140607164114,20241025,20250121
모짜렐라,모짜렐라,[냉동]어니언모짜렐라 치즈 어묵,어묵,20개월,,미도식품 유한회사,19630144002144,20121204,20260212
유부,유부,[냉동]유부초밥,즉석섭취식품,제조일로부터 9개월,,주식회사 제이스,20210363114190,20260507,20260615
유부,유부,[냉동]참치마요 유부초밥,즉석섭취식품,제조일로부터 6개월,,주식회사 제이스,20210363114191,20260513,20260526
소시지,소시지,[냉동]회오리소시지핫바,어묵,제조일로부터 20개월,,농업회사법인 주식회사 진양푸드,20140607164125,20251110,20251111
유부,유부,[냉장]김치참치 유부초밥,즉석섭취식품,제조시간으로부터 55시간,,주식회사 제이스,20210363114202,20260519,20260526
유부,유부,"[냉장]모둠유부초밥3종 (참치마요,김치참치,오리지널)",즉석섭취식품,제조시간으로부터 55시간,,주식회사 제이스,20210363114203,20260521,20260526
유부,유부,[냉장]유부초밥,즉석섭취식품,제조시간으로부터 55시간,,주식회사 제이스,20210363114200,20260515,20260526
유부,유부,[냉장]참치마요 유부초밥,즉석섭취식품,제조시간으로부터 55시간,,주식회사 제이스,20210363114201,20260515,20260526
우유,우유,[노티드] 미니 시그니처 우유 생크림빵,빵류,12개월,,(주)온세까세로2공장,2024059424741,20240811,20240831
우유,우유,[노티드] 저당 시그니처 우유생크림빵,빵류,12개월,,(주)온세까세로2공장,2024059424739,20240729,20240916
미역,미역,[당뇨식단] 가자미살미역국 세트,당뇨환자용 식단형 식품,제조일로부터 270일,,(주)현대그린푸드 스마트푸드센터,201902803272989,20230612,20230616
고등어,고등어,[당뇨식단] 갓김치고등어조림 세트,당뇨환자용 식단형 식품,제조일로부터 4일,,(주)현대그린푸드 스마트푸드센터,201902803274675,20251226,20251227
소고기,소고기,[당뇨식단] 경상도식소고기무국 세트,당뇨환자용 식단형 식품,제조일로부터 270일,,(주)현대그린푸드 스마트푸드센터,201902803273039,20230710,20250519
계란,계란,[당뇨식단] 계란볶음밥&짜장소스 세트,당뇨환자용 식단형 식품,제조일로부터 4일,,(주)현대그린푸드 스마트푸드센터,201902803273436,20240321,20240329
고등어,고등어,[당뇨식단] 고등어솥밥 세트,당뇨환자용 식단형 식품,제조일로부터 270일,,(주)현대그린푸드 스마트푸드센터,201902803274322,20250611,20260414
고등어,고등어,[당뇨식단] 고등어파스타,당뇨환자용 식단형 식품,제조일로부터 270일,,(주)현대그린푸드 스마트푸드센터,201902803274310,20250618,20260407
낙지,낙지,[당뇨식단] 낙지연포탕 세트,당뇨환자용 식단형 식품,제조일로부터 270일,,(주)현대그린푸드 스마트푸드센터,201902803273648,20240610,20260414
돼지고기,돼지고기,[당뇨식단] 돼지고기배추찜 세트,당뇨환자용 식단형 식품,제조일로부터 4일,,(주)현대그린푸드 스마트푸드센터,201902803273364,20240223,20260417
소고기,소고기,[당뇨식단] 배추소고기덮밥 세트,당뇨환자용 식단형 식품,제조일로부터 4일,,(주)현대그린푸드 스마트푸드센터,201902803273077,20230809,20240820
들기름,들기름,[당뇨식단] 백김치들기름닭구이 세트,당뇨환자용 식단형 식품,제조일로부터 4일,,(주)현대그린푸드 스마트푸드센터,201902803273798,20240808,20251018
시금치,시금치,[당뇨식단] 시금치크림소스치킨구이 세트,당뇨환자용 식단형 식품,제조일로부터 4일,,(주)현대그린푸드 스마트푸드센터,201902803273138,20230904,20260227
시래기,시래기,[당뇨식단] 시래기버섯콩비지찌개 세트,당뇨환자용 식단형 식품,제조일로부터 4일,,(주)현대그린푸드 스마트푸드센터,201902803273015,20230629,20241005
소고기,소고기,[당뇨식단] 연잎영양밥/소고기장조림 세트,당뇨환자용 식단형 식품,제조일로부터 270일,,(주)현대그린푸드 스마트푸드센터,201902803274263,20250617,20250619
깻잎,깻잎,[당뇨식단] 오리깻잎불고기 세트,당뇨환자용 식단형 식품,제조일로부터 4일,,(주)현대그린푸드 스마트푸드센터,201902803273212,20231011,20251018
우엉,우엉,[당뇨식단] 우엉잡채덮밥 세트,당뇨환자용 식단형 식품,제조일로부터 4일,,(주)현대그린푸드 스마트푸드센터,201902803273009,20230628,20230706
전복,전복,[당뇨식단] 전복미역국 세트,당뇨환자용 식단형 식품,제조일로부터 270일,,(주)현대그린푸드 스마트푸드센터,201902803274724,20260128,20260203
한돈,한돈,[당뇨식단] 한돈맥적구이덮밥 세트,당뇨환자용 식단형 식품,제조일로부터 270일,,(주)현대그린푸드 스마트푸드센터,201902803274522,20250905,20260305
계란,계란,[당뇨식단] 현미계란볶음밥/동태전 세트,당뇨환자용 식단형 식품,제조일로부터 270일,,(주)현대그린푸드 스마트푸드센터,201902803274407,20250715,20250717
계란,계란,[당뇨식단] 현미계란볶음밥/사태찜 세트,당뇨환자용 식단형 식품,제조일로부터 270일,,(주)현대그린푸드 스마트푸드센터,201902803274262,20250617,20260422
대파,대파,[도산해장] 소고기 대파육개장,간편조리세트,제조일로부터 12개월,,푸드바코드,20260421296109,20260519,20260520
들깨,들깨,[도시곳간]새송이들깨무침,조림류,제조일로부터 D+4,,(주)육십오도씨,20220274644239,20250707,20260611
삼겹살,삼겹살,[동방생고기] 청주 간장삼겹살&파절이세트,간편조리세트,제조일로부터 7일,,굿팜푸드,20210424064304,20260331,20260402
조개,조개,[리본테이블] 시원칼칼한모듬조개탕,간편조리세트,제조일로부터 10r개월,,주식회사 엠에프,202103741425,20210805,20210818
돼지고기,돼지고기,[리틀비엣남] 국내산 돼지고기로 만든 수제 짜조,즉석조리식품,제조일로부터 12개월,,(주)비엔에프글로벌 이선,20200374418227,20260520,20260528
그래놀라,그래놀라,[멀티그레인라인] 꿀&과일 그래놀라,곡류가공품,생산일로 부터 6개월,생산일로부터 6개월,메종물랑,202208635137,20230221,20230222
그래놀라,그래놀라,[멀티그레인라인] 빈스 그래놀라,곡류가공품,생산일로 부터 6개월,생산일로부터 6개월,메종물랑,202208635135,20230221,20230222
그래놀라,그래놀라,[멀티그레인라인] 시트러스 그래놀라,곡류가공품,생산일로 부터 6개월,,메종물랑,202208635138,20230221,20230222
그래놀라,그래놀라,[멀티그레인라인] 현미 그래놀라,곡류가공품,생산일로 부터 6개월,생산일로부터 6개월,메종물랑,202208635136,20230221,20230222
명란,명란,[명란]블루베리찰밥,즉석조리식품,제조일로 부터 12개월,,라파,202407071026,20240530,20240604
명란,명란,[명란]옥수수강황찰밥,즉석조리식품,제조일로 부터 12개월,,라파,202407071024,20240530,20240604
명란,명란,[명란]홍국찰밥,즉석조리식품,제조일로 부터 12개월,,라파,202407071027,20240530,20240604
명란,명란,[명란]홍미찰밥,즉석조리식품,제조일로 부터 12개월,,라파,2024070710212,20240808,20240810
마요네즈,마요네즈,[몽익원]마요네즈소스,소스,제조일로부터 6개월,,(주)소울,201503472891012,20231214,20260117
대파,대파,[미식당] 대파 크림 치즈 돈카츠,식육함유가공품,제조일로부터 12개월까지,,지푸드(2공장),2021032427663,20260323,20260324
쌈장,쌈장,[미자언니네 여름식탁] 우렁 쌈장,조림류,30일,,(주)미자언니에프엔디,20180106169254,20240528,20240626
깻잎,깻잎,[미자언니네 장아찌] 깻잎 장아찌,절임식품,12개월,,(주)미자언니에프엔디,2018010616922,20231104,20240110
청양고추,청양고추,[미자언니네 장아찌] 통오이 청양고추 장아찌,절임식품,6개월,,(주)미자언니에프엔디,2018010616927,20231104,20240110
달걀,달걀,[미자언니네] 달걀 듬뿍 샐러드,과.채가공품,제조일로부터 5일,,(주)미자언니에프엔디,20180106169268,20250917,20250919
명란,명란,[미자언니네] 명란비빔장,조림류,제조일로부터 12개월,,(주)미자언니에프엔디,20180106169263,20250624,20250723
오이,오이,[미자언니네] 오이 맛살 샐러드,과.채가공품,제조일로부터 5일,,(주)미자언니에프엔디,20180106169270,20250917,20250919
우엉,우엉,[미자언니네] 우엉강정,조림류,제조일로부터 7일,,(주)미자언니에프엔디,20180106169246,20231214,20231219
청양고추,청양고추,[미자언니네] 청양고추 멸치 비빔장,조림류,10일,,(주)미자언니에프엔디,2018010616926,20231104,20231117
명란,명란,[미자언니네] 청양명란비빔장,조림류,제조일로부터 12개월,,(주)미자언니에프엔디,20180106169264,20250624,20250723
쌈장,쌈장,[미자언니네] 통보리쌈장,혼합장,6개월,,(주)미자언니에프엔디,20180106169211,20231116,20231117
전복,전복,[바다누리]전복 가루,기타 수산물가공품,제조일로부터 18개월,제조일로부터 2년,(주)바다누리 구지공장,2008018830421,20180327,20180331
부추,부추,[부추당]당면만두,만두,제조일로부터 9개월,,(주)엄지식품,20010493358917,20200320,20240117
생크림,생크림,[소소담]생크림 찹쌀떡,떡류,12개월(냉동),,농업회사법인 다원웰푸드 주식회사,20120355814136,20230511,20230713
생크림,생크림,[스승의날초코판]카라멜 소보로 크럼블 생크림 케이크,빵류,제조일로부터 12개월,제조일로부터 12개월 냉동(-18℃이하),주식회사큐앤비푸드,20190352055262,20250314,20250318
고등어,고등어,[씨투게더]레드칠리 고등어구이소스,소스,제조일로부터 6개월까지,,주식회사 영화 광주공장,20170368024183,20200730,20200805
고등어,고등어,[씨투게더]순살 레드칠리 고등어구이,기타 수산물가공품,제조일로부터 1년,,(주)부산해사랑,2014014410452,20200804,20200805
고등어,고등어,[씨투게더]순살 바베큐 고등어구이,기타 수산물가공품,제조일로부터 1년,,(주)부산해사랑,2014014410451,20200804,20200805
고등어,고등어,[씨투게더]순살 진저소이 고등어구이,기타 수산물가공품,제조일로부터 1년까지,,(주)부산해사랑,2014014410450,20200804,20200805
고등어,고등어,[씨투게더]진저소이 고등어구이소스,소스,제조일로부터 6개월까지,,주식회사 영화 광주공장,20170368024182,20200730,20210909
우엉,우엉,[암식단] 가쓰오닭안심우엉볶음 세트,암환자용 식단형 식품,제조일로부터 4일,,(주)현대그린푸드 스마트푸드센터,201902803273799,20240808,20260419
고등어,고등어,[암식단] 고등어솥밥 세트,암환자용 식단형 식품,제조일로부터 270일,,(주)현대그린푸드 스마트푸드센터,201902803274309,20250618,20260407
돼지고기,돼지고기,[암식단] 돼지고기찜 세트,암환자용 식단형 식품,제조일로부터 4일,,(주)현대그린푸드 스마트푸드센터,201902803273465,20240327,20260430
부추,부추,[암식단] 두부추비빔 세트,암환자용 식단형 식품,제조일로부터 4일,,(주)현대그린푸드 스마트푸드센터,201902803273561,20240510,20260419
돼지고기,돼지고기,[암식단] 마늘종돼지고기볶음 세트,암환자용 식단형 식품,제조일로부터 4일,,(주)현대그린푸드 스마트푸드센터,201902803272922,20230426,20240326
돼지고기|순두부,"돼지고기,순두부",[암식단] 매콤순두부돼지고기소스 세트,암환자용 식단형 식품,제조일로부터 4일,,(주)현대그린푸드 스마트푸드센터,201902803273466,20240327,20251018
명란,명란,[암식단] 소보로명란아보카도덮밥 세트,암환자용 식단형 식품,제조일로부터 4일,,(주)현대그린푸드 스마트푸드센터,201902803274205,20250514,20260115
시래기,시래기,[암식단] 시래기버섯콩비지찌개 세트,암환자용 식단형 식품,제조일로부터 4일,,(주)현대그린푸드 스마트푸드센터,201902803273194,20230922,20240419
시래기,시래기,[암식단] 시래기사태찜 세트,암환자용 식단형 식품,제조일로부터 4일,,(주)현대그린푸드 스마트푸드센터,201902803273996,20250116,20260326
쌈장,쌈장,[암식단] 쌈장제육&느타리불고기 세트,암환자용 식단형 식품,제조일로부터 4일,,(주)현대그린푸드 스마트푸드센터,201902803274642,20251204,20260117
애호박,애호박,[암식단] 애호박짜글이 세트,암환자용 식단형 식품,제조일로부터 4일,,(주)현대그린푸드 스마트푸드센터,201902803273214,20231011,20251111
달걀,달걀,[암식단] 짜장&달걀볶음밥 세트,암환자용 식단형 식품,제조일로부터 4일,,(주)현대그린푸드 스마트푸드센터,201902803274491,20250826,20250827
계란,계란,[암식단] 현미계란볶음밥/동태전 세트,암환자용 식단형 식품,제조일로부터 270일,,(주)현대그린푸드 스마트푸드센터,201902803274410,20250715,20250717
계란,계란,[암식단] 현미계란볶음밥/사태찜 세트,암환자용 식단형 식품,제조일로부터 270일,,(주)현대그린푸드 스마트푸드센터,201902803274265,20250617,20260422
낙지,낙지,[오봉집] 낙지볶음,기타 수산물가공품,제조일로부터 12개월까지,,에스제이씨푸드주식회사,20180387720120,20260206,20260402
목살,목살,[오투]목살스테이크샐러드,신선편의식품,제조일로부터 6일,,(주)덕담골얼쑤농업회사법인,2017052000929,20190920,20191004
콩나물,콩나물,[올쿡]김치콩나물국,즉석조리식품,제조일로부터 12개월까지,,푸드펀,2019036304850,20221207,20250118
콩나물,콩나물,[올쿡]김치콩나물국,즉석조리식품,제조일로부터 12개월까지,,초월 푸르미,2022051510423,20241226,20250308
시금치,시금치,[올쿡]시금치된장국,즉석조리식품,제조일로부터 12개월,,푸드펀,2019036304849,20221207,20250118
시금치,시금치,[올쿡]시금치된장국,즉석조리식품,제조일로부터 12개월까지,,초월 푸르미,2022051510422,20241226,20250401
깻잎,깻잎,[유쾌한 팽락부부] 깻잎짱아찌,절임식품,제조일로부터 30일,,(주)남도애꽃,20120347190500,20251115,20251118
들기름,들기름,[유쾌한 팽락부부] 들기름 두른 묵은지볶음,조림류,제조일로부터 10일,,(주)남도애꽃,20120347190498,20251110,20251112
미역,미역,[유쾌한 팽락부부] 미역줄기 볶음,조림류,제조일로부터 10일,,(주)남도애꽃,20120347190487,20251110,20251118
콩나물,콩나물,[유쾌한 팽락부부] 빨간 콩나물 무침,조림류,제조일로부터 10일,,(주)남도애꽃,20120347190491,20251110,20251112
오이,오이,[유쾌한 팽락부부] 오이고추된장무침,절임식품,제조일로부터 7일,,(주)남도애꽃,20120347190501,20251117,20251118
깻잎,깻잎,[유쾌한 팽락부부] 친정 깻잎전,기타가공품,제조일로부터 7일,,(주)남도애꽃,20120347190505,20251115,20251118
부추,부추,[유쾌한 팽락부부] 친정 부추전,기타가공품,제조일로부터 10일,,(주)남도애꽃,20120347190508,20251115,20251118
애호박,애호박,[유쾌한 팽락부부] 친정 애호박전,기타가공품,제조일로부터 7일,,(주)남도애꽃,20120347190503,20251115,20251118
애호박,애호박,[이심전심]건새우 애호박전,기타가공품,제조일로부터 12개월,,(주)사옹원,20210452332399,20240517,20240518
삼겹살,삼겹살,[일상적미식] 쭈꾸미삼겹살,기타 수산물가공품,제조일로부터 1년,해당없음.,(주)거북이달린다,2016027511144,20230726,20230812
고등어,고등어,[자연's LOVE] 촉촉한 국산 고등어,기타 수산물가공품,제조일로 부터 12개월 까지,,(주)락피쉬,20170128095105,20220608,20221022
참기름,참기름,[자연's Love] 프리미엄 국산 발아 참기름,참기름,제조일로부터 1년(실온),,청오건강 농업회사법인(주),19970368015595,20260427,20260512
고등어,고등어,[자연's Love]제주 고등어,기타 수산물가공품,제조일로부터 24개월,,한림수산업협동조합,2015062748341,20251201,20251202
부침가루,부침가루,[조은]부침가루,곡류가공품,제조일로부터 12개월,,백호식품,20080372085602,20260120,20260122
콩나물,콩나물,[진실된손맛 ]전주식오징어 콩나물국밥,즉석조리식품,제조일로부터12개월,,주식회사 레호보트,20190299116110,20240708,20240716
부추,부추,[청와옥] 부추소스,소스,제조일로부터 90일,,주식회사 맛의끗사람들,2024014637080,20260527,20260529
그래놀라,그래놀라,[클래식라인] 바닐라 그래놀라,곡류가공품,,생산일로부터 6개월,메종물랑,202208635133,20230221,20230222
그래놀라,그래놀라,[클래식라인] 시트러스 그래놀라,곡류가공품,생산일로 부터 6개월,생산일로부터 6개월,메종물랑,202208635134,20230221,20230222
그래놀라,그래놀라,[클래식라인] 에스프레소 그래놀라,곡류가공품,,생산일로부터 6개월,메종물랑,202208635132,20230221,20230222
그래놀라,그래놀라,[클래식라인] 오리지널 그래놀라,곡류가공품,생산일로 부터 6개월,,메종물랑,202208635131,20230216,20230218
고등어,고등어,[투석식단] 고등어구이&동태전 세트,신장질환자용 식단형 식품,제조일로부터 4일,,(주)현대그린푸드 스마트푸드센터,201902803274413,20250716,20250717
고등어,고등어,[투석식단] 고등어구이&사태찜 세트,신장질환자용 식단형 식품,제조일로부터 4일,,(주)현대그린푸드 스마트푸드센터,201902803274261,20250617,20260422
깻잎,깻잎,[투석식단] 깻잎오리불고기 세트,신장질환자용 식단형 식품,제조일로부터 4일,,(주)현대그린푸드 스마트푸드센터,201902803273402,20240228,20240307
대파,대파,[투석식단] 대파듬뿍두부조림 세트,신장질환자용 식단형 식품,제조일로부터 4일,,(주)현대그린푸드 스마트푸드센터,201902803272990,20230612,20260602
도토리묵,도토리묵,[투석식단] 도토리묵비빔밥 세트,신장질환자용 식단형 식품,제조일로부터 4일,,(주)현대그린푸드 스마트푸드센터,201902803274311,20250618,20260407
돼지고기,돼지고기,[투석식단] 마늘종돼지고기볶음 세트,신장질환자용 식단형 식품,제조일로부터 4일,,(주)현대그린푸드 스마트푸드센터,201902803272991,20230612,20240326
쌈장,쌈장,[투석식단] 쌈장제육 세트,신장질환자용 식단형 식품,제조일로부터 4일,,(주)현대그린푸드 스마트푸드센터,201902803273833,20240910,20251018
깻잎,깻잎,[투석식단] 오리깻잎불고기 세트,신장질환자용 식단형 식품,제조일로부터 4일,,(주)현대그린푸드 스마트푸드센터,201902803273216,20231011,20231103
우유,우유,[투썸]우유생크림(오벌),빵류,냉동(-18℃이하) 보관시 제조일로부터 180일,생략,어썸 디저트 플랜트,20010490196589,20251229,20251231
우유,우유,[투썸]우유생크림(오벌),빵류,제조일로부터 180일까지,,어썸 페어링 플랜트,2018045209945,20241219,20260119
순두부,순두부,[한식담] 강릉 해물짬뽕 순두부,간편조리세트,제조일로부터 7일,,푸드바코드,20260421296101,20260518,20260519
콩나물,콩나물,[한식담] 속 풀리는 해장 콩나물국밥,간편조리세트,제조일로부터 7일,,푸드바코드,20260421296103,20260518,20260520
우엉,우엉,[핫컵]우엉차,침출차,제조일로부터 24개월까지,,자연그대로(주),2011037245747,20181012,20191121
계란,계란,[힙한녀석들]계란토스트,빵류,제조일로부터 12개월,,(주)홍두당,20160158491300,20250407,20250409
들깨,들깨,[Careplus]들깨배추나물 행복한맛남,즉석조리식품,제조일로부터 12개월,,(주)아워홈,20090311271764,20200706,20200714
들깨,들깨,[Careplus]표고들깨볶음 행복한맛남,즉석조리식품,제조일로부터 12개월,,(주)아워홈,20090311271753,20200529,20200620
미역,미역,[FNB미디어] 미역국농축액,소스,제조일로부터 6개월,,태원식품산업(주),1985031100111870,20220311,20240517
음료,음료,[FNB미디어] 복숭아음료베이스,음료베이스,제조일로부터 6개월,,태원식품산업(주),1985031100113104,20230405,20240517
음료,음료,[FNB미디어] 애플망고음료베이스,음료베이스,제조일로부터 6개월,,태원식품산업(주),1985031100113114,20230405,20240517
음료,음료,[FNB미디어] 자몽음료베이스,음료베이스,제조일로부터 6개월,,태원식품산업(주),1985031100113103,20230404,20240522
들기름,들기름,[FNB미디어]들기름소스,소스,제조일로부터 3개월,,온세푸드,202203446613,20220530,20240517
명태,명태,[FNB미디어]명태초무침,절임식품,제조일로부터 12개월,,온세푸드,202203446612,20220530,20240517
명란,명란,[KF365] 명인 명란,양념젓갈,제조일로부터 11일,,(주)덕화푸드,19870144115233,20230718,20230720
명란,명란,[KF365] 명인 튜브 명란,양념젓갈,제조일로부터 12개월,,(주)덕화푸드,19870144115234,20230718,20230720
딸기,딸기,&딸기,추잉껌,12개월,,롯데웰푸드(주),196900860031684,20240617,20240717
김,김,# 인생김 곱창도시락김,조미김,제조일로 부터 1년,,(주)청산에식품,2016014422930,20210111,20210113
간장,간장,#1만능 간장육수,소스,6개월(실온),,세원푸드(주),201003682492089,20260312,20260316
간장,간장,#1만능 덮밥간장소스,소스,6개월(냉장),,세원푸드(주),201003682492085,20260312,20260314
떡볶이,떡볶이,#1만능 떡볶이분말,복합조미식품,12개월(실온),,주식회사 세원프레쉬,201503686511463,20260406,20260407
소스,소스,#1만능 마요소스,소스,6개월(냉장),,세원푸드(주),201003682492088,20260312,20260314
소스,소스,#1만능 볶음장소스,소스,6개월(냉장),,세원푸드(주),201003682492087,20260312,20260314
소스,소스,#1만능 비빔장소스,소스,6개월(냉장),,세원푸드(주),201003682492086,20260312,20260314
라면,라면,#1만능 사골라면분말,복합조미식품,12개월(실온),,주식회사 세원프레쉬,201503686511464,20260406,20260407
소스,소스,#2시그니처 일식카레소스,소스,9개월(냉동),,주식회사 세원프레쉬,201503686511465,20260407,20260408
커피,커피,#마실커피에스프레소원액,커피,제조일로부터12개월,첨부서류 참조,남영상사,20150154371108,20260421,20260423
간장,간장,#찍먹 맛간장 소스,소스,제조일로부터 24개월,,매일식품주식회사,19550509001587,20220620,20220625
커피,커피,#커피샘드립백커피,커피,제조일로부터 1년,제조일로부터 1년,프리,20180189357301,20240512,20240514
소시지,소시지,#튜링지안그릴소시지,향신료조제품,제조일로부터12개월(실온),,(주)세우아이앤씨,19950368109615,20100514,20160706
파스타,파스타,#파스타 간장,기타장류,제조일로부터 12개월,,프레시플러스 주식회사,200304432174903,20220223,20220225
갈비,갈비,+350 힐박스(닭갈비),즉석조리식품,제조일로부터 12개월까지,,농업회사법인 주식회사 한우물,200804930741067,20220117,20240117
만두,만두,0.3mm 아주 얇은 만두피,만두피,제조일로부터 20일,,0.3밀리(0.3mm),202501963521,20250723,20250724
만두,만두,0.3mm 아주 얇은 만두피(검정),만두피,제조일로부터 20일,,0.3밀리(0.3mm),202501963523,20250923,20251002
만두,만두,0.3mm 아주 얇은 만두피(노랑),만두피,제조일로부터 20일,,0.3밀리(0.3mm),202501963522,20250923,20251002
마늘,마늘,0.5% 복합녹차마늘추출물,기타가공품,제조일로부터 24개월까지,,(주)비에스티,2008036040543,20161027,20161102
버터,버터,0.5mm 페이퍼롤 버터맛,과자,제조일로부터 6개월,,소드락이,202509629411,20251105,20251112
커피,커피,0.5mm 페이퍼롤 커피맛,과자,제조일로부터 6개월,,소드락이,2025096294118,20260407,20260411
만두,만두,0.6 고기만두,만두,제조일부터 12개월,,(주)사조오양 임실공장,20000498027380,20190805,20251227
만두,만두,0.6 김치만두,만두,제조일부터 12개월,,(주)사조오양 임실공장,20000498027381,20190805,20251227
만두,만두,0.6 마라만두,만두,제조일부터 9개월까지,,(주)사조오양 임실공장,20000498027387,20191025,20240117
만두,만두,0.6 순만두,만두,제조일부터 9개월까지,,(주)사조오양 임실공장,20000498027398,20201102,20240117
만두,만두,0.6 채담만두,만두,제조일부터 9개월,,(주)사조오양 임실공장,20000498027394,20200330,20240117
배추,배추,0.8 프리미엄  배추김치,김치,제조일로부터 12개월,제조일로부터 12월,대원푸드 농업회사법인 주식회사,20130556102114,20160614,20260319
오이,오이,0.8 프리미엄 오이백소박이,김치,제조일로부터 6개월,제조일로부터 6월,대원푸드 농업회사법인 주식회사,20130556102109,20160614,20170430
배추,배추,0.8김치 premium GOLD 절임배추,절임식품,제조일로부터 6월,제조일로부터 6월,대원푸드 농업회사법인 주식회사,2013055610229,20131120,20201118
오징어,오징어,010 오징어향,혼합제제,유통기간미등록,,(주)한빛향료제1공장,200004450073767,20141023,20160706
복숭아,복숭아,042 복숭아아이스티,고형차,24개월,,(주)대호식품,20020368481791,20250818,20250820
요거트,요거트,042 요거트파우더,당류가공품,24개월,,(주)대호식품,20020368481793,20250819,20250820
딸기,딸기,0509딸기청,액상차,제조일로부터 6개월,,0509푸드컴퍼니,202103963616,20210924,20210928
키위,키위,0509키위청,액상차,제조일로부터 6개월,,0509푸드컴퍼니,202103963612,20210924,20211214
오리,오리,051 오리지널 콜드브루,커피,냉장 4개월,,커피맵(주),2020008473646,20240621,20240622
커피,커피,051 COFFEE TEABAG 공오일 커피티백,커피,2년,,뉴지코리아(주),20180372466378,20221226,20230103
고구마,고구마,051군고구마파우더,당류가공품,18개월,,(주)베오베,20170347016194,20221222,20221223
사과,사과,051사과필링,음료베이스,제조일로 부터 24개월,,이엔푸드,20040372089218,20211029,20211030
요거트,요거트,051요거트파우더,당류가공품,18개월,,(주)베오베,20170347016192,20221205,20221206
배,배,05배터프리믹스J,곡류가공품,제조일로부터 1년,,(주) 삼지에프 에스,200004613256447,20240105,20240106
커피,커피,062캡슐커피,커피,2년,2년,영농조합법인덕은,201603772621070,20240124,20240127
포도,포도,0월 0일 양갱(포도맛),캔디류,제조일로부터 냉장10일,,0월 0일,202606310892,20260522,20260602
오징어,오징어,0첩반상오징어볶음소스,소스,제조일로부터 6개월까지,,(주)에프앤에스식품,20210352178298,20211006,20211015
국수,국수,1. 국수기행의 진짜 만능간장,소스,제조일로부터 18개월,,농업회사법인주식회사 예담팜,2016044904535,20240311,20240314
간장,간장,1.6자연숙성양조간장,양조간장,제조일로부터 24개월,,삼진 그린푸드 주식회사,1997014401473,20260316,20260320
간장,간장,1.6자연숙성양조간장,양조간장,제조일로부터2년,,성심마스타푸드,20050618037174,20240614,20240615
간장,간장,1.6자연숙성양조간장,양조간장,제조일로부터 24개월,,(주)기픈샘,19980499028263,20241216,20241219
간장,간장,1.6자연숙성양조간장,양조간장,제조일로부터 24개월,,매일식품주식회사,19550509001193,20120116,20240803
만두,만두,1·3 달고 고기만두,만두,제조일로부터 12개월,,제일FC,20040194069202,20240104,20260117
만두,만두,1·3 달고 김치만두,만두,제조일로부터 12개월,,제일FC,20040194069201,20240104,20260117
드레싱,드레싱,1/2 100아일랜드 드레싱,소스,제조일로부터 3개월까지 (냉장보관),,(주)원일식품,200004430421071,20100728,20170120
복숭아,복숭아,1/2 복숭아허브티,고형차,24개월,,(주) 빅솔반월공장,2006031126956,20130228,20160706
버터,버터,1/2 하프 버터린,마가린,제조일로부터 냉장 12개월,,(주)오뚜기,20190324434147,20200911,20231208
수박,수박,1/4쪽수박,신선편의식품,제조일로부터 10일,,행복한200프로주식회사,2022077703940,20230420,20230707
커피,커피,1% 드립백 원두커피,커피,1년(실온),,일산커피공장,2010035631539,20150417,20200229
꿀,꿀,1+ 등급 밤꽃꿀,벌꿀,제조일로부터 2년,,한국양봉농협,2009036026918,20161121,20250429
꿀,꿀,1+ 등급 아카시아꿀,벌꿀,제조일로부터 2년,,한국양봉농협,2009036026916,20161121,20250429
꿀,꿀,1+ 등급 야생화꿀,벌꿀,제조일로부터 2년,,한국양봉농협,2009036026917,20161121,20250429
커피,커피,10% 코나 디카페인 바닐라 마카다미아향 브루커피,커피,3개월,,라그리마커피,2014056024178,20250523,20250703
커피,커피,10% 코나 바닐라마카다미아향 브루커피,커피,3개월,,라그리마커피,2014056024181,20250523,20250701
커피,커피,10% 코나 아일랜드 클래식 로스트 브루커피,커피,3개월,,라그리마커피,2014056024177,20250523,20250703
커피,커피,10% 코나 커피 디카페인 바닐라 마카다미아 향,커피,제조일로부터 24개월이내,,(주)다익2공장,20110364381157,20250401,20260201
커피,커피,10% 코나 커피 바닐라 마카다미아 향,커피,제조일로부터 24개월이내,,(주)다익2공장,20110364381141,20240110,20260201
커피,커피,10% 코나 커피 아일랜드 클래식 로스트,커피,제조일로부터 24개월이내,,(주)다익2공장,20110364381140,20240110,20260201
커피,커피,10% 코나 커피 코코넛&마카다미아 향,커피,제조일로부터 24개월이내,,(주)다익2공장,20110364381147,20240524,20260201
커피,커피,10% 코나 커피 헤이즐넛 향,커피,제조일로부터 24개월이내,,(주)다익2공장,20110364381148,20240524,20260201
커피,커피,10% 코나 코코넛 마카다미아향 브루커피,커피,3개월,,라그리마커피,2014056024179,20250523,20250701
커피,커피,10% 코나 헤이즐넛향 브루커피,커피,3개월,,라그리마커피,2014056024180,20250523,20250701
참외,참외,100 % 국산 성주참외,과.채가공품,제조일로부터 36개월까지,,(주)우양 청양2공장(뉴뜨레),20190476035163,20210524,20210720
블루베리,블루베리,100 % 유기농 블루베리 NFC 착즙액,과.채주스,제조일로부터 24개월,,농업회사법인(주)힐링팜,20090624059679,20260107,20260110
오렌지,오렌지,100 % 유기농 스퀴즈 오렌지,과.채주스,제조일로부터 1년,,(주)웰팜,20030445042581,20160316,20160706
귤,귤,"100% 감귤 착즙 주스, 제주디노",과.채주스,제조일로부터 12개월,,주식회사 미스터덕 무안지점,2022074932346,20250512,20250514
귤,귤,100% 감귤즙,과.채주스,12개월,,(재)제주테크노파크용암해수센터,2018062221522,20201230,20210101
사과,사과,100% 과일퓨레 사과&복숭아,과.채가공품,제조일로부터 12개월,,남원원예농업협동조합 푸드종합가공센터,20180496058132,20231027,20240222
당근,당근,100% 구좌당근 오렌지 착즙주스,과.채주스,제조일로부터 5일,,(주)학산 테라로사 식품가공센터,2020010993744,20260227,20260310
들기름,들기름,100% 국내산 들기름,들기름,제조일로부터 18개월,,(주)내츄럴푸드,2014036314850,20230822,20230829
마늘,마늘,100% 국내산 마늘분말,천연향신료,제조일로부터 24개월까지,,주식회사 제이푸드서비스,20110360063464,20250422,20250613
마늘,마늘,100% 국내산 마늘을 넣어 만든 어묵,어묵,"제조일로부터 13일 (10도이하 냉장,유통보관)",,(주)사조대림,19880311002305,20110620,20160706
브로콜리,브로콜리,100% 국내산 브로콜리(Broccoli)를 넣어 만든 어묵,어묵,"제조일로부터 13일 (10도이하 냉장,유통보관)",,(주)사조대림,19880311002304,20110620,20160706
새우,새우,100% 국내산 새우포,조미건어포,제조일로부터14개월,,고바다 수산,201705251734,20190122,20260321
우엉,우엉,100% 국내산 우엉을 넣어 만든 어묵,어묵,"제조일로부터 13일 (10도이하 냉장,유통보관)",,(주)사조대림,19880311002303,20110620,20160706
참기름,참기름,100% 국내산 참기름,참기름,제조일로부터 24개월,,(주)내츄럴푸드,2014036314849,20230822,20230829
참깨,참깨,100% 국내산 참깨,참깨건조,제조일로부터 1년,,서원식품,2022009907415,20220902,20220906
감자,감자,100% 국산 감자로 만든 감자채전,기타가공품,소비기한 : 제조일로부터 12개월 별도 표기일까지,제조일로부터 12개월,농업회사법인(주)그린피아,20130498038135,20241104,20241121
배,배,100% 국산 배도라지즙,과.채주스,실온(18개월),,(주)웰팜,20030445042605,20160919,20230323
고구마,고구마,100% 국산 쫀득한 고구마스틱,서류가공품,제조일로부터 12개월,,한울 농업회사법인 주식회사,20220795165129,20250620,20250627
고추,고추,100% 국산고추로만든 고춧가루,고춧가루,12개월,해당없음,한절골 영식품,202106101996,20230307,20230309
고추,고추,100% 국산고추로만든고춧가루,고춧가루,12개월,,홍초농산,201503620266,20220701,20220713
고추,고추,100% 국산고추장,고추장,제조일로부터 18개월,,씨제이제일제당(주),2002046408842,20090604,20231028
배추,배추,100% 국산양배추환,기타 농산가공품,제조일로부터 2년까지,,주식회사동진제약,20010467001359,20210507,20230715
두부,두부,100% 국산콩 네컵연두부,두부,제조일로부터 27일,,(주)맑은식품,20060445211186,20260109,20260113
두부,두부,100% 국산콩 농부가 직접만든 두부,두부,제조일부터 10일,,황금씨앗,2014052407021,20160714,20160721
두부,두부,100% 국산콩 두부,두부,23일  냉장,,(주)에스앤푸드,20090443012126,20240726,20240730
두부,두부,100% 국산콩 두부,두부,27일,,(주)제이에프,2005057017750,20240411,20240924
두부,두부,100% 국산콩 두부,두부,15일,,농업회사법인주식회사 서종전통식품,2023053703712,20240615,20250717
두부,두부,100% 국산콩 순두부,두부,21일,,(주)제이에프,2005057017751,20240411,20240924
주스,주스,100% 노니주스,과.채주스,제조일로부터 2년 까지,,농업회사법인 우포의아침 주식회사,20110618121113,20190123,20190125
당근,당근,100% 당근즙,액상차,24개월,,자연로와,201805301155,20210407,20221215
당근,당근,100% 당근즙,과.채주스,제조일로부터 4일까지(냉장보관),,(주)풀무원헬스케어,20090442040226,20250323,20250325
버터,버터,100% 땅콩버터 스무스,땅콩버터,제조일로부터 1년까지,,대륙식품(주),19850614015130,20240913,20240914
버터,버터,100% 땅콩버터 크런치,땅콩버터,제조일로부터 12개월,,농업회사법인 데이웰(주),20140496065378,20250825,20260311
버터,버터,100% 땅콩버터 크런치,땅콩버터,제조일로부터 1년,,대륙식품(주),19850614015131,20241121,20241122
버터,버터,100% 땅콩버터 크리미,땅콩버터,제조일로부터 12개월,,농업회사법인 데이웰(주),20140496065377,20250825,20260311
토마토,토마토,100% 리얼 유기농NFC토마토즙,과.채주스,제조일로부터 24개월,제조일로부터 24개월,(주)놀이터팩토리 D1,20180574195245,20250923,20250926
주스,주스,100% 몽모랑시 타트체리 착즙주스,과.채주스,제조일로부터 24개월,,코엔에프(유),20110493072337,20201127,20240117
블루베리,블루베리,100% 블루베리 퓨레,과.채주스,24개월,,JK로컬푸드,20140168180171,20260514,20260529
수박,수박,100% 수박주스,과.채가공품,제조일로부터 24개월,,위트스토리,2021021305221,20230601,20230714
당면,당면,100% 순 도토리당면,건면,제조일로부터 36개월,제조일로부터 36개월,농업회사법인 판교농민식품 주식회사,202206570056,20220818,20250821
두부,두부,100% 순수 국산콩 전통 두부,두부,제조일로부터 25일,,농업회사법인(주)라라스팜,2016048748416,20200319,20240322
딸기,딸기,100% 순수한 딸기칩,과.채가공품,제조일로부터 12개월,,주식회사 굿푸드,20120512032298,20210719,20210720
배,배,100% 순수한 배칩,과.채가공품,제조일로부터 18개월,,주식회사 굿푸드,20120512032299,20210719,20230208
사과,사과,100% 순수한 사과칩,과.채가공품,제조일로부터 12개월,,주식회사 굿푸드,20120512032297,20210719,20210720
햄,햄,100% 식물성 대마종자유 햄프씨드 오일,기타식물성유지,제조일로부터 24개월,,(주)한풍네이처팜,20190498210491,20260609,20260612
햄,햄,100% 식물성 햄프씨드 대마종자유,기타식물성유지,제조일로부터 24개월,,우리바이오 주식회사,20190326100149,20211208,20211216
햄,햄,100% 식물성 햄프씨드 대마종자유 오일,기타식물성유지,제조일로부터 24개월까지,,우리바이오 주식회사,20190326100240,20230522,20230525
소금,소금,100% 신안천일염 구운소금,태움.용융소금,제조일로부터 5년,,(주)태평소금,20060531058127,20190823,20220114
쌀,쌀,100% 쌀면,숙면,제조일로부터 18개월,제조일로부터 18개월,농업회사법인 판교농민식품 주식회사,2022065700516,20240612,20240613
두부,두부,100% 안동콩을 사용해 전통방식 그대로 만든 고소한 두부는 배민이지,두부,제조일로부터 25일,,안동농협 더햇식품사업소,2008054327490,20220915,20230818
배추,배추,100% 양배추즙,액상차,1년,,내장산 산약초마을영농조합법인,201404902054,20141110,20240117
배추,배추,100% 양배추즙,액상차,24개월,,자연로와,201805301154,20190122,20220621
간장,간장,100% 연평도 꽃게 순살게장 간장,절임식품,제조일로부터 12개월,,헬로씨푸드,20200192098128,20221212,20221216
쌀,쌀,100% 우리쌀 떡어묵볶이,어묵,제조일로부터 13일,,(주)사조대림,19880311002496,20230727,20230802
쌀,쌀,100% 우리쌀 모둠어묵탕,어묵,제조일로부터 13일,,(주)사조대림,19880311002497,20230727,20251118
쌀,쌀,100% 우리쌀 사각어묵,어묵,제조일로부터 14일,,(주)사조대림,19880311002494,20230727,20250905
쌀,쌀,100% 우리쌀 어묵면볶이,어묵,제조일로부터 13일,,(주)사조대림,19880311002495,20230727,20230802
쌀,쌀,100% 우리쌀누룽지,곡류가공품,제조일로부터 12개월,,주식회사 대한식품,19940512019120,20250814,20250905
당근,당근,100% 유기농 당근 퓨레,과.채주스,제조일로부터 24개월,,농업회사법인(주)새롬한방제약식품사업부,20070512070170,20260515,20260519
딸기,딸기,100% 유기농 딸기그레이프,과.채주스,실온(18개월),실온(18개월),(주)웰팜,20030445042590,20160602,20221206
주스,주스,100% 유기농 석류 착즙주스,과.채주스,제조일로부터 24개월,,코엔에프(유),20110493072374,20220218,20240117
당근,당근,100% 유기농 야채농장 유기농 당근,과.채주스,제조일로 부터 1년(실온보관),제조일로 부터 1년(실온보관),(주)비락대구공장,201801893885,20200218,20200220
배,배,100% 유기농 우리배즙,과.채주스,제조일로부터 1년,,태이영농조합법인,2009052401520,20150424,20160706
토마토,토마토,100% 유기농 토마토 엑스트라버진 올리브오일 올리토샷,기타식물성유지,제조일로부터 24개월까지,,주식회사 비에스바이오,2025047099991,20260515,20260522
주스,주스,100% 유기농 푸룬착즙주스,과.채주스,제조일로부터 24개월까지,,(주)자임에프앤비,20140368660205,20201127,20230309
블루베리,블루베리,100% 유기농 NFC 블루베리즙,과.채주스,제조일로부터 24개월,,(주)웰파인,20110084489824,20260114,20260120
주스,주스,100% 유기농타트체리착즙주스,과.채주스,제조일로부터 12개월,,(주)웰팜,20030445042862,20210125,20210127
현미,현미,100% 일반현미 누룽지,곡류가공품,제조일로부터 12월,,하늘선남포영농조합법인,2015049314315,20181219,20240117
당근,당근,100% 제주 당근 주스,과.채주스,12개월,,주식회사 초록에프앤비(F&B),20140395066348,20210923,20230610
귤,귤,100% 제주감귤착즙주스,과.채음료,제조일로부터 1년,,오라향농업회사법인주식회사,2017062865918,20190325,20190327
귤,귤,100% 제주산 감귤과 프랑스산 블러드 오렌지를 곁들인 임페리얼 고제,맥주,,제조일로부터 1년,(주)고릴라브루잉컴퍼니,20160004002130,20230209,20230209
배추,배추,100% 착즙 양배추사과즙,과.채주스,제조일로부터 24개월,,영농조합법인 연두,2010054118239,20260109,20260121
참기름,참기름,100% 참기름,참기름,제조일로부터 24개월,,(주)내츄럴푸드,2014036314853,20240220,20240409
참깨,참깨,100% 참깨로 만든 조화참기름,참기름,제조일로부터 1년,,조화식품,200002162141,20000410,20230512
멸치,멸치,100% 천연 멸치 해물다시팩,기타 수산물가공품,제조일부터 1년,,빅마마씨푸드(Bigmama sea-food),2004060452388,20160722,20190802
조개,조개,100% 천연 조개해물 다시백,기타 수산물가공품,1년,,빅마마씨푸드(Bigmama sea-food),2004060452341,20131120,20190802
포도,포도,100% 청포도 케일 착즙주스,과.채주스,제조일로부터 4일,,(주)학산 테라로사 식품가공센터,2020010993745,20260407,20260409
고추,고추,100% 태국 건고추로 만든 픽본 고춧가루,고춧가루,제조년월일로 1년까지,해당없음,(주)아시아마트,2017020906916,20250915,20250920
고추,고추,100% 태양초 우리쌀 고추장,고추장,제조일로부터 18개월,,씨제이제일제당(주),2002046408866,20100804,20250823
토마토,토마토,100% 토마토즙,과.채주스,제조일로부터24개월,,주식회사 마루바이오,20210606928134,20250708,20260314
들깨,들깨,100% 통들깨 들기름,들기름,제조일로부터 15개월(실온),,씨제이제일제당(주),19790190025122,20141210,20260109
들깨,들깨,100% 통들깨 들기름,들기름,제조일로부터 실온보관 12개월,,참맛숯불김,202302726035,20260312,20260314
들깨,들깨,100% 통들깨로 만든 발아 들기름,들기름,제조일로부터 1년,,청오건강 농업회사법인(주),19970368015597,20260511,20260513
블루베리,블루베리,100% 통째로 갈아 넣은 블루베리 퓨레,과.채주스,제조일로부터 24개월,,(주)와이케이컴퍼니,20190444045456,20260306,20260402
참깨,참깨,100% 통참깨 참기름,참기름,제조일로부터 실온보관 12개월,,참맛숯불김,202302726034,20260304,20260307
참깨,참깨,100% 통참깨 참기름,참기름,제조일로부터 24개월,해당없음,(주)청보,1998037002856,20241219,20241221
참깨,참깨,100% 통참깨 참기름,참기름,제조일로부터 2년,,씨제이제일제당(주),197901900252,20031118,20170802
참깨,참깨,100% 통참깨로 만든 발아 볶음참깨,기타 농산가공품,제조일로부터 1년,,청오건강 농업회사법인주식회사 6공장,20160368513151,20260511,20260521
참깨,참깨,100% 통참깨로 만든 발아 참기름,참기름,제조일로부터 1년,,청오건강 농업회사법인(주),19970368015596,20260511,20260513
버터,버터,100% 피넛버터,땅콩버터,365일,,대풍,20100415069140,20241126,20241217
버터,버터,100% 피넛버터 스틱,땅콩버터,365일,,대풍,20100415069146,20250102,20250104
주스,주스,100% 핑크자몽 착즙주스,과.채주스,제조일로부터 24개월,,코엔에프(유),20110493072377,20220406,20240117
현미,현미,100% 현미 누룽지,곡류가공품,제조일로부터 12개월,-,주식회사아인스,2018032408127,20251119,20251128
현미,현미,100% 현미 누룽지 퍼프,과자,제조일로부터 12개월,-,주식회사아인스,2018032408128,20251128,20251206
현미,현미,100% 현미누룽지,곡류가공품,제조일로부터 12월,,하늘선남포영농조합법인,2015049314312,20180629,20240117
귤,귤,100%감귤주스,과.채주스,21일(냉장),,(주)흥국에프엔비,2011044529221,20120209,20160706
감자,감자,100%국내산 돼지감자차(뚱딴지),침출차,제조일로부터 24개월,제조일로부터 24개월,형님전통식품,2016047411610,20210407,20210410
배,배,100%국내산 행복한도라지배즙,액상차,제조일로부터 2년,2년,농업회사법인(주)행복한밥상,2017052530424,20220513,20251025
사과,사과,100%국내산 행복한사과즙,액상차,제조일로부터 2년,제조일로부터 2년,농업회사법인(주)행복한밥상,2017052530433,20240731,20240902
양파,양파,100%국내산 행복한순수양파즙,액상차,제조일로부터 2년,제조일로부터 2년,농업회사법인(주)행복한밥상,2017052530437,20250311,20250312
배추,배추,100%국내산 행복한양배추즙,액상차,제조일로부터 2년,2년,농업회사법인(주)행복한밥상,2017052530423,20220513,20240223
양파,양파,100%국내산 행복한자색양파즙,액상차,제조일로부터 2년,2년,농업회사법인(주)행복한밥상,2017052530422,20220513,20231128
주스,주스,100%국내산 행복한ABC주스,액상차,제조일로부터 2년,제조일로부터 2년,농업회사법인(주)행복한밥상,2017052530432,20240221,20240226
현미,현미,100%국내산유기농현미녹차,침출차,36개월,,대한다업(주),1975051900280,20090513,20180123
묵,묵,100%국산 밤묵가루 전분,전분,24개월,해당없음.,공주밤식품영농조합법인,20090458068103,20230727,20230921
국수,국수,100%국산도토리국수,건면,제조일로부터 2년,,들찬밀드림농업회사법인,2014051700723,20191129,20191220
묵,묵,100%국산도토리묵가루,기타 농산가공품,제조일로부터 36개월까지,제조일로부터 36개월까지,농민식품,1998047103563,20230126,20260113
묵,묵,100%국산도토리묵가루전분,전분,제조일로부터 3년,,농민식품,1998047103561,20160624,20180111
된장,된장,100%국산된장,된장,제조일로부터 12개월,,씨제이제일제당(주),2002046408890,20110726,20251002
국수,국수,100%국산순도토리칼국수,숙면,제조일로부터 18개월,,농업회사법인 판교농민식품 주식회사,2022065700513,20231114,20240510
현미,현미,100%국산현미튀밥,곡류가공품,제조일로부터 1년,,청오건강농업회사법인주식회사 5공장,20150368859132,20200605,20211102
현미,현미,100%국산현미튀밥,곡류가공품,제조일로부터 1년,,청오푸드 농업회사법인 주식회사,2018038789695,20200603,20211102
마늘,마늘,100%다진마늘,천연향신료,30일,30일,농업회사법인(주)금수강산,2018057428618,20190326,20190327
마늘,마늘,100%다진마늘(냉동),천연향신료,365일,365일,농업회사법인(주)금수강산,2018057428629,20230226,20230301
감자,감자,100%리얼국내산수제감자칩,기타가공품,제조일자로부터 4개월까지,,농업회사법인 남밀양연근 주식회사,2021060320978,20250624,20250628
국수,국수,100%메밀면 들기름막국수,즉석조리식품,제조일로부터 12개월,,(주)한마당,2020036316622,20220324,20220505
국수,국수,100%메밀면세모면들기름막국수,기타가공품,제조일로부타 12개월까지,제조일로부터 12개월까지,주식회사 광진푸드,20200203731136,20231115,20240313
국수,국수,100%메밀숙면 들기름막국수,숙면,제조일로부터 6개월,,(주)한마당,2020036316630,20230113,20230118
국수,국수,100%메밀숙면 물막국수,숙면,제조일로부터 12개월,,(주)한마당,2020036316650,20230405,20230412
국수,국수,100%메밀숙면 비빔막국수,숙면,제조일로부터 6개월,,(주)한마당,2020036316631,20230113,20230118
당근,당근,100%사과비트당근착즙,과.채주스,제조일로부터 1년,,오라향농업회사법인주식회사,2017062865951,20210114,20210116
귤,귤,100%성암유기농영귤과즙,액상차,제조일부터2년(직사광선을 피하여 실온보관),,영농조합법인한라산성암영귤농원,200906278901,20110309,20160706
국수,국수,100%순도토리칼국수,숙면,제조일로부터 18개월,,농업회사법인 판교농민식품 주식회사,2022065700514,20231115,20240510
국수,국수,100%순메밀 천서리막국수,숙면,제조일로부터 24개월,,(주)정금에프앤씨,20160275302150,20260311,20260407
주스,주스,100%스퀴즈레몬주스,과.채주스,제조일로부터 36개월까지,,(주)흥국에프엔비,20110445292796,20201210,20201212
소금,소금,100%신안천일염 구운소금,태움.용융소금,제조일로 부터 5년까지,,(주)보라종합식품,199705120304,19990206,20200820
커피,커피,100%아라비카위드커피,커피,제조후 1년,,주식회사 커피예술로스터스,201704610811,20170307,20191008
주스,주스,100%애플비트캐롯주스,과.채주스,제조일로부터 1년,,오라향농업회사법인주식회사,2017062865946,20210104,20210106
멸치,멸치,100%엄마국물멸치해물다시백,기타 수산물가공품,1년,,빅마마씨푸드(Bigmama sea-food),2004060452363,20150102,20190802
조개,조개,100%엄마국물조개해물다시백,기타 수산물가공품,1년,,빅마마씨푸드(Bigmama sea-food),2004060452364,20150102,20190802
오렌지,오렌지,100%오렌지주스,과.채주스,21일(냉장),,(주)흥국에프엔비,2011044529218,20120207,20160706
쌀,쌀,100%우리쌀로만든이장님쌀과자,과자,제조일로부터 6개월,,농업회사법인(주)담양한과명진식품,2023073720718,20240814,20240817
우유,우유,100%우유모닝빵용생지,빵류,제조일로부터 90일까지,제조일로부터 90일 / 해동 후 재냉동 금지,엔블랑제리,2023006794417,20250923,20250930
우유,우유,100%우유식빵,빵류,제조일로부터 10일,,주식회사 케이지알,2024029162190,20260325,20260328
우유,우유,100%우유식빵(통식빵),빵류,제조일로부터 10일,,주식회사 케이지알,2024029162194,20260424,20260429
우유,우유,100%우유식빵용생지,빵류,제조일로부터 90일까지,,엔블랑제리,2023006794414,20240716,20240717
소금,소금,100%울릉도해양심층수소금,정제소금,제조일로부터 5년,,(주)큐비엠,201005740063,20100720,20160706
배,배,100%유기농 우리배즙,과.채주스,2년,,그곳에 선돌이 있네(서있는돌),201506220803,20171207,20171211
포도,포도,100%유기농 포도즙,과.채주스,제조일로부터12개월,,풀무원건강생활(주),1988044200440,20050406,20170120
귤,귤,100%유기농성암영귤과즙(냉동),액상차,"730일(24개월,2년)",,영농조합법인한라산성암영귤농원,200906278909,20240130,20240206
배추,배추,100%유기농양배추즙,액상차,제조일로부터 24개월,,삼성바이오헬스케어(주),20030347111235,20190723,20190724
귤,귤,100%유기농천지영귤과즙,액상차,제조일로부터 24개월,,천지운 주식회사 농업회사법인,20170526040304,20231106,20231108
귤,귤,100%유기농청귤즙,과.채주스,1년,,농업회사법인생명나무주식회사테크노파크점,202409563637,20241203,20241207
배,배,100%유기배즙,과.채주스,제조일로부터 24개월,,농업회사법인주원유기농주식회사,200504615161,20051128,20221210
사과,사과,100%유기사과주스,과.채주스,제조일로부터 12개월,,농업회사법인주원유기농주식회사,200504615165,20091209,20221210
주스,주스,100%자몽주스,과.채주스,21일(냉장),,(주)흥국에프엔비,2011044529220,20120209,20160706
블루베리,블루베리,100%자연발효블루베리유럽식식초,발효식초,2년,,농업회사법인 채향원 주식회사,201104000572,20130703,20230610
귤,귤,100%제주감귤,과.채주스,제조일로부터 1년,,오라향농업회사법인주식회사,2017062865973,20220714,20220719
귤,귤,100%제주감귤착즙,과.채주스,제조일로부터 1년,,오라향농업회사법인주식회사,2017062865964,20210305,20210306
귤,귤,100%제주감귤착즙,과.채주스,제조일로부터 1년,,오라향농업회사법인주식회사,2017062865950,20210108,20210109
귤,귤,100%제주감귤착즙,과.채주스,제조일로부터 1년,,오라향농업회사법인주식회사,2017062865967,20210521,20210522
귤,귤,100%제주감귤착즙,과.채음료,제조일로부터1년,,오라향농업회사법인주식회사,2017062865921,20191017,20200618
당근,당근,100%제주당근감귤착즙주스,과.채주스,제조일로부터 1년,,오라향농업회사법인주식회사,2017062865961,20210209,20210331
당근,당근,100%제주당근착즙,과.채주스,제조일로부터 1년,,오라향농업회사법인주식회사,2017062865959,20210203,20210210
귤,귤,100%제주봉귤,과.채주스,제조일로부터 1년,,오라향농업회사법인주식회사,2017062865974,20220714,20220719
귤,귤,100%제주비트감귤착즙주스,과.채주스,제조일로부터 1년,,오라향농업회사법인주식회사,2017062865965,20210330,20210401
주스,주스,100%제주비트레몬착즙주스,과.채주스,제조일로부터 1년,,오라향농업회사법인주식회사,2017062865948,20210106,20210108
귤,귤,100%제주천혜향감귤착즙주스,과.채주스,제조일로부터 1년,,오라향농업회사법인주식회사,2017062865952,20210118,20210121
귤,귤,100%제주풋귤,과.채가공품,제조일로부터 12개월,,오라향농업회사법인주식회사,2017062865999,20250526,20250527
귤,귤,100%제주한라봉감귤착즙,과.채주스,제조일로부터 1년,,오라향농업회사법인주식회사,2017062865969,20220111,20260425
귤,귤,100%제주한라봉감귤착즙,과.채주스,제조일로부터 1년,,오라향농업회사법인주식회사,2017062865931,20200623,20220113
귤,귤,100%제주한라봉감귤착즙주스,과.채주스,제조일로부터 1년,,오라향농업회사법인주식회사,2017062865949,20210107,20210317
귤,귤,100%쥬이스트감귤주스,과.채주스,56일(냉장),,(주)흥국에프엔비,2011044529267,20120917,20160706
주스,주스,100%쥬이스트레몬주스,과.채주스,24월(냉동),,(주)흥국에프엔비,2011044529261,20120829,20160706
오렌지,오렌지,100%쥬이스트오렌지주스,과.채주스,56일(냉장),,(주)흥국에프엔비,2011044529268,20120917,20160706
주스,주스,100%쥬이스트자몽주스,과.채주스,56일(냉장),,(주)흥국에프엔비,2011044529269,20120917,20160706
주스,주스,100%쥬이스트파인애플주스,과.채주스,제조일로부터 21일까지,,(주)흥국에프엔비,20110445292660,20191029,20191101
주스,주스,100%착즙 레몬주스,과.채주스,제조일로부터 24개월,,(주)에코월드팜,2024078800915,20251224,20251227
배추,배추,100%착즙 유기농 양배추 브로콜리즙,과.채주스,제조일 기준 18개월 이내,해당없음,(주)보성식품,20090555025129,20240315,20240316
소금,소금,100%천일염꽃소금,천일염,5년,,청수식품(주),1996052507834,20090130,20160706
소금,소금,100%천일염꽃소금,천일염,제조일로부터 5년,,농업회사법인 신안천일염주식회사,201005310334,20120711,20160706
주스,주스,100%타트체리착즙주스,과.채주스,제조일로부터 1년(실온),,(주)웰팜,20030445042850,20200807,20200813
참기름,참기름,100%통깨냉압착참기름,참기름,12개월,`,에버그린 에버블루 협동조합,2014037824432,20240319,20240321
들깨,들깨,100%통들깨냉압착생들기름,들기름,제조일로부터 12개월,제조일로부터 12개월,에버그린 에버블루 협동조합,2014037824433,20240319,20240321
설탕,설탕,100%통밀우리밀무설탕통밀식빵,빵류,제조일로부터 7일,해당없음.,살렘마을 협동조합,2004045900528,20230614,20230708
포도,포도,100%통밀우리밀피칸건포도통밀식빵,빵류,제조일로부터 7일,해당없음.,살렘마을 협동조합,2004045900544,20231120,20231122
사과,사과,100%통사과,액상차,18개월,,인제건강약초,1999040200748,20200416,20230610
포도,포도,100%포도주스,과.채주스,제조일로부터 12개월,,한미사이언스(주),19980308080157,20090722,20160706
버터,버터,100%피넛버터사과잼,즉석섭취식품,제조시간으로부터 73시간 까지,,(주)비지에프푸드,20200450031425,20250526,20250527
설탕,설탕,100%호밀무설탕식빵,빵류,제조일로부터 7일,참고자료 첨부,살렘마을 협동조합,2004045900546,20241211,20250108
마늘,마늘,100%흑마늘액골드,액상차,2년,,김정규 자연건강 영농조합법인,2007046302838,20070221,20210331
주스,주스,100%ABC착즙주스,과.채주스,제조일로부터 1년,,오라향농업회사법인주식회사,2017062865947,20210104,20211125
당근,당근,100%NFC 착즙주스 사과&비트&당근,과.채주스,제조일로부터 24개월까지,,(주)자임에프앤비,20140368660164,20200131,20230309
죽,죽,100℃열탕반죽 미감,빵류,제조일로부터 15일(실온보관),,주식회사삼립,199503380157193,20160226,20170104
커피,커피,1000 블랙커피,커피,제조일로부터 18개월,,(주)바이오포트코리아,20000614238597,20250210,20250215
드레싱,드레싱,1000 아일랜드 드레싱,소스,실온 4개월,,주식회사 오뚜기,197202880024906,20260327,20260328
드레싱,드레싱,1000 아일랜드 드레싱,소스,8개월,,(주)오뚜기,2001044505530,20010723,20230201
참기름,참기름,1000년 참기름,참기름,1년,,복이와 식품유통,201501885541,20151231,20160706
드레싱,드레싱,1000드레싱,소스,제조일로부터 6개월  (냉장보관 : 0~10℃),,(주)동원홈푸드,200204610734963,20111108,20181114
드레싱,드레싱,1000아일랜드드레싱,소스,7개월(실온),,롯데웰푸드주식회사천안공장,19960449002295,20140108,20210303
드레싱,드레싱,1000아일랜드드레싱,소스,12개월,,영미산업주식회사,19720347002249,20240328,20240403
드레싱,드레싱,1000아일랜드드레싱,소스,8개월,,대상(주)기흥공장,19800347002199,19841228,20231104
드레싱,드레싱,1000아일랜드드레싱(버거용),소스,제조일로부터 3개월 까지,,(주)신세계푸드 음성공장,20150445222314,20160413,20220823
딸기,딸기,1000억 막걸리 딸기(수출용),기타 주류,제조일로부터 12개월,,㈜국순당,20060015020117,20221116,20231013
돈까스,돈까스,1001돈까스소스,소스,제조일로부터 12개월,제조일로부터 12개월,주식회사세명에프엔에프,20100154489113,20160912,20201225
치킨,치킨,1004치킨 치킨양념,소스,제조일로부터 12개월,,비에이치푸드케어(주),200103723433427,20231018,20231021
과자,과자,100년나무 국산밀 호두과자,빵류,제조일로부터 8일,,주식회사대신제과,1972044900251,20160603,20170901
죽,죽,100년나무 만쥬용 반죽,기타가공품,18일(냉장),,주식회사대신제과,1972044900243,20150113,20160706
과자,과자,100년나무 백앙금 호두과자,빵류,제조일로부터 8일,,주식회사대신제과,1972044900261,20200311,20200313
과자,과자,100년나무 순우리 가루미 백앙금 호두과자,빵류,8일,,주식회사대신제과,1972044900269,20250429,20250507
죽,죽,100년나무 순우리 가루미 호두과자용 반죽,기타가공품,18일,,주식회사대신제과,1972044900265,20250424,20250501
쌀,쌀,100년나무 순우리 가루쌀 호두과자,빵류,8일,,주식회사대신제과,1972044900268,20250429,20251023
죽,죽,100년나무 순우리 호두과자용 반죽,기타가공품,18일(냉장),,주식회사대신제과,1972044900241,20140916,20240201
과자,과자,100년나무 순우리호두과자,빵류,제조일로부터8일(실온),,주식회사대신제과,1972044900240,20131120,20160808
과자,과자,100년나무 우리밀 백앙금 호두과자,빵류,8일(실온),,주식회사대신제과,1972044900244,20150715,20240106
과자,과자,100년나무 우리밀 백앙금 호두과자 (냉동),빵류,제조일로부터 12개월,제조일로부터 9개월,주식회사대신제과,1972044900271,20250711,20250717
과자,과자,100년나무 우리밀 호두과자,빵류,실온 8일,,주식회사대신제과,1972044900233,20141209,20240201
죽,죽,100년나무 인삼호두과자용 반죽,기타가공품,제조일로부터 18일(냉장보관),제조일로부터 18일(냉장보관),주식회사대신제과,1972044900248,20160302,20160706
커피,커피,100년나무 커피가 들어간 호두과자,빵류,제조일로부터 8일,,주식회사대신제과,1972044900257,20181127,20181201
과자,과자,100년나무 통밀이 들어간 가루미 백앙금 호두과자,빵류,8일,,주식회사대신제과,1972044900267,20250429,20250507
과자,과자,100년나무 통밀이 들어간 가루미 호두과자,빵류,8일,,주식회사대신제과,1972044900266,20250429,20250507
죽,죽,100년나무 통밀이 들어간 가루미 호두과자용 반죽,기타가공품,18일,,주식회사대신제과,1972044900264,20250423,20250731
죽,죽,100년나무 한라봉 과자용 반죽,기타가공품,제조일로부터 18일,,주식회사대신제과,1972044900250,20160504,20250809
과자,과자,100년나무 한라봉 호두과자,빵류,제조일로부터 8일,,주식회사대신제과,1972044900249,20160511,20160706
과자,과자,100년나무 호두과자,빵류,제조일로부터 8일,,주식회사대신제과,1972044900255,20171109,20240106
과자,과자,100년나무 호두과자 (냉동),빵류,제조일로부터 12개월,제조일로부터 9개월,주식회사대신제과,1972044900270,20250711,20250717
과자,과자,100년나무순우리호두과자용앙금,조림류,60일(실온),,주식회사대신제과,1972044900242,20140916,20160706
과자,과자,100년나무호두과자에이,빵류,제조일로부터 4일,,주식회사대신제과,1972044900253,20161226,20161227
배,배,100년산삼배양근겔,액상차,"제조일로부터 2년(24개월), 파우치표기일까지",,무주덕유산반딧골영농조합법인,20020496004119,20210525,20240117
배,배,100년산삼배양근효경환,기타가공품,제조일로부터 2년(24개월),,무주덕유산반딧골영농조합법인,20020496004117,20210316,20250412
쌈장,쌈장,100년전통 문옥례 쌈장,혼합장,제조일부터 12월,,농업회사법인 순창문옥례식품 주식회사,19970499063163,20120906,20250520
고추,고추,100년전통 문옥례고추장,고추장,제조일부터 12개월,,농업회사법인 순창문옥례식품 주식회사,19970499063158,20111004,20240117
된장,된장,100년전통문옥례된장,한식된장,제조일로부터 12개월,,농업회사법인 순창문옥례식품 주식회사,19970499063146,20100802,20250122
사과,사과,100담은 아누카사과추출 정,과.채가공품,제조일로부터 24개월,,주식회사 신영허브,20220520237138,20231005,20231009
간장,간장,100도씨샤브 간장소스,소스,제조일로부터 12개월,,주식회사 소스팜,20210372551228,20240523,20240531
국수,국수,100도씨샤브 쌀국수육수,소스,제조일로부터 6개월,,주식회사 소스팜,20210372551224,20240520,20240525
어묵,어묵,100사각어묵(냉동),어묵,제조일로부터24개월까지,,삼진식품(주),20110144370550,20241112,20241113
배추,배추,100세 건강 프리미엄 양배추즙 100%,액상차,제조일로부터 24개월,제조일로부터 24개월,건강밥상,2014054335362,20250728,20250730
마늘,마늘,100세 꿀흑마늘,당절임,제조일로 부터 24개월,제조일로부터 24개월,태우식품,2020023443011,20221114,20221116
배,배,100세 산삼배양근주 13%,약주,제조일로부터 5년까지,,삼주엘비,201300201564,20140403,20150523
배,배,100세 산삼배양근주 16%,약주,제조일로부터 5년까지,,삼주엘비,201300201563,20140403,20150523
배,배,100세 산삼배양근주 골드 20%,약주,제조일로부터 5년까지,,삼주엘비,201300201562,20140403,20150523
배추,배추,100세 양배추환眞,기타가공품,제조일로부터 24개월,,농업회사법인주식회사에프앤비바이오,2019045600322,20190610,20200820
양파,양파,100세 양파즙,액상차,제조일로부터 24개월,,태우식품,202002344302,20200707,20200708
마늘,마늘,100세 흑마늘고,액상차,제조일로부터 24개월,제조일로부터 24개월,태우식품,2020023443010,20220805,20220809
마늘,마늘,100세 흑마늘농축진액,액상차,제조일로부터 24개월,,태우식품,202002344304,20200707,20200708
양파,양파,100세 흑마늘양파진액,액상차,제조일로부터 24개월,,태우식품,202002344303,20200707,20200708
배,배,100세건강 국산100% 도라지배즙,액상차,제조일로부터 24개월,제조일로부터 24개월,건강밥상,2014054335366,20251105,20251108
마늘,마늘,100세발효깐흑마늘,기타가공품,제조일로부터 18개월,,태우식품,202002344305,20200707,20200708
명란,명란,100시간의 기다림 백명란,양념젓갈,제조일로부터 30일,,주식회사 웰메이드웰니스,20240607406167,20250829,20250902
만두,만두,100알팝만두,만두,제조일로부터 9개월,,오뚜기냉동식품 주식회사,20040355580450,20210423,20220707
배,배,100억 6종 김치유산균체 배양건조물,기타가공품,제조일로부터 24개월까지,,(주)메디오젠,20240658113161,20250707,20250715
배,배,100억 6종 김치유산균체 배양건조물,기타가공품,제조일로부터 24개월,,(주)메디오젠 제천공장,20070435176252,20201124,20240703
젤리,젤리,100일 유산균 곤약젤리,혼합음료,12개월,,주식회사 초록에프앤비(F&B),20140395066283,20190220,20230610
젤리,젤리,100일 유산균 레몬젤리,캔디류,12개월 (실온),,주식회사 초록에프앤비(F&B),20140395066296,20190627,20230610
젤리,젤리,100일 유산균 석류젤리,캔디류,12개월,,주식회사 초록에프앤비(F&B),20140395066300,20190715,20230610
커피,커피,100커피 골드,커피,제조일로부터 1년,,100커피 로스팅공장,202104240901,20221017,20260430
커피,커피,100커피 드립백,커피,제조일로부터 6개월,,100커피 로스팅공장,202104240908,20221104,20221108
커피,커피,100커피 로스팅 원두,커피,제조일로부터 1년,,100커피 로스팅공장,202104240909,20221128,20230201
커피,커피,100커피 브라질 세하도,커피,제조일로부터 1년,,100커피 로스팅공장,202104240907,20221024,20221026
커피,커피,100커피 블랙,커피,제조일로부터 1년,,100커피 로스팅공장,202104240904,20221024,20221026
커피,커피,100커피 시그니쳐,커피,제조일로부터 1년,,100커피 로스팅공장,202104240902,20221024,20221026
커피,커피,100커피 에티오피아 예가체프,커피,제조일로부터 1년,,100커피 로스팅공장,202104240903,20221024,20221026
커피,커피,100커피 케냐AA,커피,제조일로부터 1년,,100커피 로스팅공장,202104240906,20221024,20221026
커피,커피,100커피 콜롬비아 수프리모,커피,제조일로부터 1년,,100커피 로스팅공장,202104240905,20221024,20221026
현미,현미,100현미주전부리,곡류가공품,,해당없음.,농업회사법인 비슬안 주식회사,202105270512,20230209,20230215
쌀,쌀,100g 왕 찹쌀떡,떡류,12개월(냉동),,떡마루식품,2014008084731,20160421,20250222
쌀,쌀,100g쑥찹쌀떡,떡류,제조일로부터 1년,,헐레벌떡&황금들녘,2007009401075,20221006,20221007
쌀,쌀,100g찹쌀떡,떡류,제조일로부터 1년,,헐레벌떡&황금들녘,2007009401076,20221006,20221007
바나나,바나나,100ml 벨랑슈 바나나컵,빙과,,해당없음.,(주)라벨리,1986052001264,20180104,20180123
오리,오리,1011스페셜티 원두(싱글오리진),커피,제조일로부터 1년,제조일로부터 1년,1011(일공일일),202503389144,20260120,20260124
커피,커피,1011스페셜티 커피 드립백,커피,제조일로부터 1년,제조일로부터 1년,1011(일공일일),202503389146,20260120,20260124
돈까스,돈까스,101번지 남산 돈까스 크림스프,즉석조리식품,제조일로부터 24개월,,한국에스비식품(주),196903640041309,20180607,20260201
돈까스,돈까스,101번지 남산돈까스 매운소스,소스,12개월(냉동),,주식회사 세원프레쉬,20150368651941,20230320,20230427
오리,오리,101번지 남산돈까스 오리지널소스,소스,12개월(냉동),,주식회사 세원프레쉬,20150368651940,20230320,20230427
돈까스,돈까스,101번지 남산돈까스 전용유,혼합식용유,제조일로부터 24개월까지,,하이브 주식회사,19930383522122,20240808,20240905
돈까스,돈까스,101번지 남산돈까스 전용유,쇼트닝,제조일로부터 12개월,제조일로부터12개월까지,(주)오뚜기,20190324434198,20200902,20221206
커피,커피,101스트릿 디카페인 콜드브루커피,커피,6개월,,인텐스커피웍스(Intense coffee works),2022027229153,20230719,20230804
커피,커피,101스트릿 스페셜 콜드브루커피,커피,6개월,,인텐스커피웍스(Intense coffee works),2022027229154,20230719,20240117
오렌지,오렌지,101오렌지,타르색소제제,,해당없음.,Littes(리트),2019035813815,20190401,20210313
오렌지,오렌지,101오렌지S,타르색소제제,해당없음,,Littes(리트),20190358138165,20260226,20260228
귤,귤,101청귤가득,과.채음료,12개월,,(재)제주테크노파크용암해수센터,2018062221549,20211101,20241024
마늘,마늘,102마늘간장소스,소스,제조일로부터 6개월,,주식회사세명에프엔에프,20100154489628,20230406,20230407
커피,커피,103커피,커피,,해당없음.,(주)103커피로스터스,202208736651,20230214,20230228
우엉,우엉,104 우엉차,침출차,제조일로부터 24개월까지,,대한다업(주),2003027506699,20160907,20220413
어묵,어묵,10가지 모듬쌀어묵,어묵,제조일로부터 24개월까지,해당없음.,(주)맛뜰안식품,20120144027216,20220413,20240413
포도,포도,10년 숙성 자연발효 포도와인식초,발효식초,제조일로부터 36개월,,주식회사넥스팜,2003044900228,20230614,20230622
죽,죽,10년 숙성 죽염간장,한식간장,제조일로부터 24개월,,(주) 인산가 제2공장,2018061608924,20230809,20230812
묵,묵,10년묵은소금,천일염,,제조연월일만표기,어업회사법인케이솔트(주),20140525068127,20221004,20221006
포도,포도,10년숙성 거봉포도비네가,액상차,제조일로부터 2년,,(주)유림고려홍삼,20030449008121,20250418,20250426
포도,포도,10년숙성거봉포도비네가,액상차,제조일로부터24개월,,농업회사법인주식회사에프앤비바이오,20190456003219,20230504,20230509
간장,간장,10년숙성전통간장,한식간장,제조일로부터 1년,,오래된미래,2020039401720,20200320,20250206
우유,우유,10리터 우유빙수,빙과,,해당없음.,(주)라벨리,1986052001284,20240522,20240523
배,배,10배농축 우동쯔유,소스,제조일부터 12개월 (실온보관),,(주)동원홈푸드,201904421492145,20240710,20240716
배,배,10배농축 우동쯔유,소스,제조일부터 12개월 (실온보관),,(주)동원홈푸드,2002046107314851,20240710,20240712
배,배,10배로 불어나는 해초모듬,기타 수산물가공품,제조일로부터 12월,,(주)삼일물산,199405250733,20040312,20251025
배,배,10배불어나는 생생해초,기타 수산물가공품,제조일로 부터 12월,,(주)삼일물산,1994052507310,20050506,20200630
배추,배추,10배추스틱,액상차,제조일로부터 2년,,(주)올즙,2019047300741,20221008,20240224
간장,간장,10분쿡 간장소스,소스,제조일로부터 12개월,,씨제이제일제당(주),20020464088561,20250605,20251115
고추,고추,10분쿡 고추장조림소스,소스,12개월,,씨제이제일제당(주),20020464088582,20260114,20260121
된장,된장,10분쿡 된장보쌈소스,소스,제조일로부터 12개월,,씨제이제일제당(주),20020464088562,20250605,20250606
간장,간장,10분쿡 일식 간장조림소스,소스,12개월,,씨제이제일제당(주),20020464088581,20260114,20260121
배추,배추,10억 유산균이 들어간 속편한 양배추 발효효소,효소식품,제조일로부터 24개월까지,,비타민마을 제1공장,20170372599275,20240131,20240202
배추,배추,10억 유산균이 들어간 양배추 발효효소,효소식품,제조일로부터 24개월까지,,비타민마을 제1공장,20170372599270,20231204,20231206
사과,사과,10월의 사과,과.채주스,12개월,,큰들농업회사법인주식회사,2017055825627,20250111,20250114
피자,피자,10인치피자도우,빵류,제조일로부터6개월,,주식회사 씨에프씨,2019014214320,20240518,20260324
나물,나물,10종나물세트,과.채가공품,제조일로부터 5일,,주식회사찬장에프에스대전,20220321100560,20230201,20230203
감자,감자,10mm 다이스 감자,과.채가공품,제조일로부터 5일,첨부서류 참조,농업회사법인주식회사 백만평,2020056452829,20210616,20210618
치킨,치킨,110kcal 허브치킨 샐러드,즉석섭취식품,제조일로부터 6일까지 (냉장),,주식회사 삼립 청주공장,201704150801045,20240819,20240821
감자,감자,1110.무한감자탕 분말양념소스,복합조미식품,제조일로부터 12개월까지,,마시조은푸드,2011030465553,20250120,20250206
소금,소금,1119 강황소금,가공소금,제조일로부터 5년,,(주)이안바이오,2021042219313,20240516,20240521
소금,소금,1119 골드소금,정제소금,제조일로부터 3년,,(주)이안바이오,202104221938,20240118,20240123
소금,소금,1119 노니소금,가공소금,제조일로부터 5년,,(주)이안바이오,2021042219318,20240521,20240530
소금,소금,1119 더 건강한 칼슘 소금,정제소금,제조일로부터 3년,,(주)이안바이오,202104221935,20221208,20230926
소금,소금,1119 더 깨끗한 미네랄 소금,정제소금,제조일로부터 3년,,(주)이안바이오,202104221934,20221208,20230926
소금,소금,1119 더 깨끗한 심층수 소금,정제소금,제조일로부터 3년,,(주)이안바이오,202104221937,20221208,20230610
소금,소금,1119 레몬소금,가공소금,제조일로부터 5년,,(주)이안바이오,2021042219312,20240516,20240521
소금,소금,1119 물소금,기타가공품,제조일로부터 1년,제조일로부터 1년,(주)이안바이오,2021042219320,20241022,20241025
소금,소금,1119 새싹보리소금,가공소금,제조일로부터 5년,,(주)이안바이오,2021042219319,20240521,20240530
소금,소금,1119 어린이소금,정제소금,제조일로부터 3년,,(주)이안바이오,2021042219317,20240516,20240523
소금,소금,1119 와사비소금,가공소금,제조일로부터 5년,,(주)이안바이오,2021042219315,20240516,20240521
소금,소금,1119 이안소금,정제소금,제조일로부터 3년,,(주)이안바이오,202104221939,20240118,20240123
버섯,버섯,1119 차가버섯소금,가공소금,제조일로부터 5년,,(주)이안바이오,2021042219316,20240516,20240521
소금,소금,1119 파슬리소금,가공소금,제조일로부터 5년,,(주)이안바이오,2021042219314,20240516,20240521
연어,연어,113연어색,타르색소제제,,해당없음.,Littes(리트),2019035813841,20200611,20210313
복숭아,복숭아,114복숭아색,타르색소제제,,해당없음.,Littes(리트),2019035813842,20200611,20210313
떡볶이,떡볶이,119떡볶이소스,소스,제조일로부터 12개월,,성원식품,2001038331355,20191224,20230610
돈까스,돈까스,11겹 등심돈까스소스,소스,제조일로부터 실온 6개월까지,,주식회사 오뚜기,197202880024364,20210218,20210223
돈까스,돈까스,11겹등심돈까스도시락,즉석섭취식품,제조일의 제조시간으로부터 72시간까지,,(주)현대푸드시스템,201305280411787,20241128,20241130
돈까스,돈까스,11겹등심돈까스도시락,즉석섭취식품,제조시간으로부터 72시간까지,,(주)그린키친,201203626061106,20240227,20241127
돈까스,돈까스,11겹등심돈까스소스,소스,제조일로부터 9개월,,프레시플러스 주식회사,200304432173514,20190124,20190418
나물,나물,11곡곤드레나물밥,즉석조리식품,냉동.12개월,,(주)시아스,200504150204365,20220104,20220224
나물,나물,11곡곤드레나물밥(알밥),즉석조리식품,"냉동,12개월",,(주)시아스,200504150204364,20220103,20220106
블루베리,블루베리,11곡물 영양그대로 곡물바 블루베리,과자,제조일로부터 12개월까지,,(주)개미식품,19720275004281,20220817,20220820
멸치,멸치,11단계 AI선별살균 국물용멸치,기타 수산물가공품,1년,,삼호씨푸드,202208571252,20220824,20260113
멸치,멸치,11단계 AI선별살균 깨끗하고 짜지않은 소금무첨가 어린이멸치,기타 수산물가공품,1년,,삼호씨푸드,202208571251,20220504,20260113
피자,피자,11인치콤비네이션피자,빵류,제조일로부터 12개월까지(-18℃이하 냉동보관),,서울식품공업(주),198504330151736,20170217,20170217
젤리,젤리,11키티즈젤리,캔디류,제조일로부터 12개월,,서주푸드(주)2공장,20170484590277,20220628,20240117
다시마,다시마,11kcal 다시마면,묵류,제조일부터 14개월,,(주)해청정,2023064826026,20260226,20260311
치킨,치킨,11th치킨양념소스,소스,6개월,,주식회사 바인푸드,2007008017123,20140228,20260522
꿀,꿀,120장생황칠꿀,액상차,2년,,(주)대호식품,1991062200965,20190916,20191002
꿀,꿀,120파이 꿀호떡 믹스,기타가공품,제조일로부터 12개월,,(주)에이치에스식품,20220512139130,20260213,20260226
숙주,숙주,120호(숙주나물무침),즉석섭취식품,제조일로부터 8시간,제조일로부터 8시간,주식회사 꿈해비타트,20120461108121,20180104,20180107
치즈,치즈,120kcal 펌킨치즈 샐러드,즉석섭취식품,제조일로부터 6일까지 (냉장),,주식회사 삼립 청주공장,201704150801046,20240816,20240820
마늘,마늘,123마늘간장소스,소스,제조일로부터 6개월,,태원식품산업(주),198503110019195,20200409,20200414
커피,커피,123커피,커피,제조일로부터 1년,,국제커피,2015034212441,20230807,20260201
귤,귤,127 천혜향 감귤주스,과.채주스,제조일로부터1년,,주식회사 디앤씨바이오,2019018937069,20260112,20260123
귤,귤,127 한라봉 감귤주스,과.채주스,제조일로부터 1년,,주식회사 디앤씨바이오,2019018937068,20260112,20260117
과자,과자,12곡 쌀과자,과자,1년,,미래 농업회사법인 주식회사,2011032060737,20260521,20260522
귀리,귀리,12곡물 귀리 파우더,기타가공품,제조일로부터 24개월까지,,(주)태평,20090445014566,20230704,20250815
감자,감자,12달 감자,전분,제조일로부터 2년,제조일로부터 2년,(주)다감,199601540941,19980513,20170109
밀가루,밀가루,12달 메밀가루(냉면용),곡류가공품,제조일로부터 2년,,(주)다감,199601540942,20050401,20161220
죽,죽,12달 평양반죽,곡류가공품,제조일로부터 4일,,(주)다감,1996015409433,20180521,20180524
죽,죽,12달 함흥반죽,전분가공품,제조일로부터 4일이내,,(주)다감,1996015409432,20180521,20180524
파스타,파스타,12월의섬마을올리오파스타전용분말,복합조미식품,제조일로부터 12개월까지,,(주)가온푸드 음성공장,20200452044518,20230207,20230208
고구마,고구마,12월의양조장 자색고구마 14%,탁주,제조일로부터 60일,,영농조합법인 쌀로술쌀로초,201727821558,20210713,20210713
딸기,딸기,12파운드 딸기청,액상차,24개월,,수성커피,202302331561,20230315,20250614
복숭아,복숭아,12파운드 복숭아 아이스티 파우더,고형차,제조일로부터 24개월까지,,(주)참존비엔에프,20150163071119,20230626,20230628
복숭아,복숭아,12파운드 복숭아아이스티,고형차,제조일로부터 24개월까지,,(주)참존비엔에프,20140570164131,20251029,20251031
토마토,토마토,1308 토마토와인,기타 주류,,,담양사온서,202100162181,20230915,20230915
짜장,짜장,130직화간짜장,즉석조리식품,제조일로부터 12개월까지,,주식회사미정,20010538182574,20240415,20240712
짜장,짜장,130직화간짜장,즉석조리식품,제조일로부터 12개월,,한국에스비식품(주),196903640042010,20231221,20260201
짜장,짜장,130직화간짜장소스,소스,제조일로부터 12개월까지,,주식회사 동방푸드마스타,199104450779386,20240717,20250318
어묵,어묵,1318 어묵,어묵,"제조일로부터 10일(냉장보관,비살균)",,(주)코주부 씨앤에프,2001035830957,20100224,20171002
어묵,어묵,1318 어묵(냉동),어묵,제조일로부터 12개월,,(주)코주부 씨앤에프,20010358309296,20250821,20250829
떡볶이,떡볶이,135 밀떡볶이,떡류,제조일로부터 10개월,,주식회사 유림푸드,2013036468326,20250703,20260201
떡볶이,떡볶이,135떡볶이 달콤매운맛분말,복합조미식품,제조일로부터 12개월까지,,(주)올댓쿡,20180372693134,20251112,20251113
떡볶이,떡볶이,135떡볶이 로제맛분말,복합조미식품,제조일로부터 12개월까지,,(주)올댓쿡,20180372693136,20251111,20251121
떡볶이,떡볶이,135떡볶이 크림맛분말,복합조미식품,제조일로부터 12개월까지,,(주)올댓쿡,20180372693135,20251112,20251113
어묵,어묵,135봉꼬치어묵,어묵,제조일로부터 24개월,,부산대원식품주식회사,20040149167423,20240109,20240113
어묵,어묵,135사각꼬치어묵,어묵,제조일로부터 24개월,,부산대원식품주식회사,20040149167422,20240109,20240113
새우,새우,136 민물새우수제비,즉석조리식품,제조일로부터 12개월,,주식회사 본네이처,2021037996818,20250722,20250815
고등어,고등어,136고등어회(필렛),기타 수산물가공품,제조일자로부터 3일,,주식회사 본네이처,2021037996815,20230807,20230823
연어,연어,136연어회(필렛),기타 수산물가공품,제조일자로부터 5일까지,,주식회사 본네이처,202103799683,20210927,20210930
초장,초장,13가지 타우린 땡초장,소스,제조일로부터 6개월,,마미손길,2022069406821,20241106,20250729
버터,버터,13곡 버터와플,과자,제조일로부터 12개월,,(주)삼아인터내셔날,19910461077567,20250704,20251115
딸기,딸기,13월 딸기청,과.채가공품,,제조일로부터 6개월,13월,202208672183,20230530,20230601
두부,두부,13brix영양두부,두부,제조일로부터 19일,,(주)두솔,19890474008149,20120215,20200220
갈치,갈치,1400도 직화 갈치,즉석조리식품,제조일로부터 90일,-,참손푸드(주),1999012815838,20230915,20251219
고등어,고등어,1400도 직화 고등어,즉석조리식품,제조일로부터 90일,-,참손푸드(주),1999012815835,20230915,20251219
고등어,고등어,1400도 직화 순살고등어,즉석조리식품,제조일로부터 90일,-,참손푸드(주),1999012815836,20230915,20251224
오리,오리,1458 발왕산 수국차 오리지널,침출차,,해당없음.,농업회사법인 감로700(주)제1공장,2017038672535,20230127,20230610
오리,오리,1458 발왕산 유기농 수국차 오리지널,침출차,제조일로부터 2년,,농업회사법인대관령에프앤비(주),2019040472827,20240622,20250227
감자,감자,1458발왕산 곤드레감자전,기타가공품,제조일로부터 1년,,농업회사법인 주식회사 청정펀치볼,2020046706053,20241223,20241225
감자,감자,1458발왕산감자샌드,과자,제조일로부터 70일까지,,지강에프앤비,202205420055,20241208,20251209
간장,간장,1460일햇살담은전통간장,한식간장,18월,,속 깊은 된장,20120524067301,20200810,20200811
주스,주스,14일의주스,음료베이스,제조일로부터 24개월까지,,(주)유유헬스케어,20030395019968,20260527,20260609
소금,소금,15.7 양념소금,복합조미식품,12개월,해당없음.,토종버섯마을식품,199902314118,20240305,20240528
그래놀라,그래놀라,150 그래놀라 베스트 3,곡류가공품,제조일로부터 12개월까지,,주식회사 인크레더블,2020012097640,20210517,20211001
그래놀라,그래놀라,150 그래놀라 베스트 5,곡류가공품,제조일로부터 12개월까지,,주식회사 인크레더블,2020012097641,20210517,20211001
떡볶이,떡볶이,15000 떡볶이분말,복합조미식품,제조일로부터 12개월까지,없음,농업회사법인(주)하비랑,20180559282333,20250730,20250801
한우,한우,1510.한우사골육수,소스,제조일로부터 6개월까지,,(주)호반식품,20160415051175,20171116,20240410
치킨,치킨,1522795 파우더드치킨브로스(1522795 Powdered Chicken Broth),복합조미식품,제조일로부터 18개월까지,,(주)새한BiF,200903552591024,20220509,20220511
꿀,꿀,153 꿀대추차,액상차,제조일로부터 실온 24개월,,녹차원 주식회사,2013037237838,20140828,20191022
꿀,꿀,153 꿀레몬차,액상차,제조일로부터 24개월,,녹차원 주식회사,20130372378169,20200622,20200623
꿀,꿀,153 꿀레몬차,액상차,제조일로부터 24개월,제조일로부터 24개월,녹차원(주),20160518117114,20230908,20230912
꿀,꿀,153 꿀모과차,액상차,제조일로부터 실온 24개월,,녹차원 주식회사,2013037237839,20140828,20191204
꿀,꿀,153 꿀모과차,액상차,제조일로부터 24개월,제조일로부터 24개월,녹차원(주),20160518117115,20230913,20230923
꿀,꿀,153 꿀생강차,액상차,제조일로부터 실온 24개월,,녹차원 주식회사,2013037237837,20140828,20220822
꿀,꿀,153 꿀유자차,액상차,제조일로부터 24개월,-,녹차원(주),2016051811788,20211103,20211105
꿀,꿀,153 꿀유자차,액상차,제조일로부터 실온 24개월,,녹차원 주식회사,2013037237840,20140828,20191102
꿀,꿀,153 꿀유자차,액상차,제조일로부터 24개월,제조일로부터 24개월,(주)삼광식품,19730443003958,20181213,20181214
들기름,들기름,153 들기름,들기름,제조일로부터 1년,해당없음.,농업회사법인 주식회사 진성푸드,19980320048123,20251017,20251021
국수,국수,153 막국수소스,소스,제조일로부터 6개월,,담원푸드(주),200403421721433,20210618,20240716
참기름,참기름,153 참기름,참기름,제조일로부터 1년,해당없음.,농업회사법인 주식회사 진성푸드,19980320048122,20251017,20251021
카레,카레,153 카레소스,소스,6개월,,담원푸드(주),200403421721581,20240814,20251030
고추,고추,153 헛개고추장육수,소스,제조일로부터 18개월,,153패밀리 주식회사,2023050354816,20250512,20250523
만두,만두,153고기굴림만두,만두,제조일로부터 12개월까지,,농업회사법인한만두식품 주식회사,20130370018513,20260327,20260331
국수,국수,153구포국수 냉면비빔장,소스,12개월,생략,농업회사법인 황소식품 주식회사,2018061208831,20210314,20210316
국수,국수,153구포국수 냉면육수원액,소스,12개월,생략,농업회사법인 황소식품 주식회사,2018061208836,20210314,20210928
만두,만두,153김치굴림만두,만두,제조일로부터 12개월까지,,농업회사법인한만두식품 주식회사,20130370018515,20260408,20260610
닭가슴살,닭가슴살,153닭가슴살조리수,소스,제조일로부터 6개월,,주식회사 혜성식품,20010263055841,20240202,20240207
마늘,마늘,153마늘김치,김치,.,제조일로부터 180일,(주)드림엘푸드,20130368588686,20250819,20260407
불고기,불고기,153불고기양념소스,소스,제조일로부터 12개월,,주식회사 혜성식품,20010263055833,20240117,20260127
국수,국수,153비빔국수소스,소스,제조일로부터 12개월,제조일로부터 12개월,주식회사 에프엔씨코리아,20050149115192,20210413,20210416
당면,당면,153비빔당면소스,소스,제조일로부터 12개월,제조일로부터 12개월,주식회사 에프엔씨코리아,20050149115201,20210415,20210416
국수,국수,153쌀국수베이스,소스,제조일로부터 12개월 까지,,주식회사 에프엔씨코리아,20050149115388,20240702,20240703
오리,오리,153오리엔탈소스,소스,제조일로부터 12개월,,주식회사 혜성식품,20010263055829,20240117,20240119
국수,국수,153쫄깃치자구포국수,건면,제조일로부터 24개월,,(주)구포국수,2018061806777,20250812,20250825
국수,국수,153쫄깃치자구포국수,건면,제조일로부터 2년,,구포국수,1989062503691,20250812,20250825
국수,국수,153쫄깃치자국수,건면,제조일로부터 2년,,대구종합식품,19990168077153,20240220,20240323
참깨,참깨,153참깨소스,소스,제조일로부터 12개월,,주식회사 혜성식품,20010263055830,20240117,20240119
국수,국수,153칼국수육수베이스,소스,제조일로부터 12개월,제조일로부터 12개월,주식회사 에프엔씨코리아,20050149115193,20210413,20210416
귀리,귀리,15곡 귀리라떼,곡류가공품,제조일로부터 24개월,,주식회사 알티스트,20210348794365,20231103,20231104
쿠키,쿠키,15곡 쿠키,과자,제조일로부터 7일,,주식회사 희망드리미,2024028385817,20241119,20241121
현미,현미,15곡류 유기농현미효소,효소식품,24개월,,주식회사 수내츄럴,20130358208501,20221107,20221110
죽,죽,15곡마죽 건강선식,즉석섭취식품,12개월까지,,(주)엔-초이스,20010395066155,20230714,20230718
치킨,치킨,15곡치킨용파우다-GS,곡류가공품,제조일로부터 12개월까지(실온),,주식회사 동방푸드마스타,199104450777988,20200908,20200909
딸기,딸기,16 딸기 쉬폰,빵류,제조일로부터 3개월(가열하지 않고 섭취하는 냉동식품),,(주)샤니,197102750034401,20160929,20180911
바나나,바나나,16 바나나 쌀쉬폰,빵류,제조일로부터 3개월(가열하지 않고 섭취하는 냉동식품),,(주)샤니,197102750034402,20160929,20170901
양파,양파,1617양파보감퀘르세틴양파즙,액상차,제조일로부터 24개월,제조일로부터 24개월,(주)한국지네틱바이오팜,20100376046206,20211209,20211210
고구마,고구마,16곡물 자색고구마 쫀디기,과자,제조일로부터 182일,별첨,정이푸드,202303130527,20230407,20230408
고구마,고구마,16곡물 자색고구마 쫀디기,과자,제조일로부터 182일,서류 첨부,풍년식품,1998044010376,20220922,20220924
우유,우유,17)우유카스타드RTB,당류가공품,제조일로부터 17일,,주식회사샤니,199301880911980,20171201,20230329
들기름,들기름,17℃ 냉압착 생들기름,들기름,제조일부터 10 개월 까지,제조일부터 10 개월 까지,농업회사법인 달빛담은 주식회사,201803932242,20180619,20260509
들기름,들기름,17℃ 냉압착 생들기름,들기름,제조일부터 1년,,달빛농장,201605630692,20160921,20180503
돈까스,돈까스,172카츠 일식돈까스소스,소스,제조일로부터 6개월(실온보관),,(주)서해식품,20170635182581,20260609,20260610
드레싱,드레싱,172카츠 흑임자드레싱소스,소스,제조일로부터 12개월(실온보관),,(주)서해식품,20170635182582,20260609,20260610
쌈장,쌈장,17곡 쌈장,소스,제조일로부터 12개월까지,,(주)대경푸드빌 검단점,2022027278571,20251220,20251223
스낵,스낵,17곡 인절미 스낵,과자,1년,,동아제과,19940144026205,20221223,20250502
현미,현미,17곡 현미미숫가루,곡류가공품,제조일로 부터 12개월까지,,주식회사 개미산업 2공장,2025067615930,20260227,20260309
현미,현미,17곡 현미미숫가루,곡류가공품,제조일로 부터 12개월까지,,(주)개미산업,20070445211223,20251103,20260107
국수,국수,17곡들깨칼국수,숙면,제조일로 부터 부터 1년,제조일로 부터 1년,마들식품,1991037006427,20251223,20251230
국수,국수,17곡쌀칼국수,숙면,제조일로 부터 1년,제조일로 부터 1년,마들식품,1991037006425,20250830,20250902
현미,현미,17곡현미 미숫가루,즉석섭취식품,12개월,,태광푸드(주),19920355108337,20120314,20191120
우유,우유,18)우유카스타드RTB,당류가공품,제조일로부터 6개월까지 (냉동),,주식회사샤니,199301880912229,20200619,20250905
초콜릿,초콜릿,180 캡슐커피 다크초콜릿,커피,2년,2년,영농조합법인덕은,201603772621040,20240104,20240106
오리,오리,180싱글오리진,커피,3개월,1년,180커피로스터스,201102753013,20111212,20250513
고추,고추,180일 저당 고추장,고추장,,제조일로부터 18개월,(주)강남식품,20150445079281,20260519,20260522
피자,피자,1830프리미엄피자소스,소스,냉장 6개월,,태원식품산업(주),198503110017402,20180115,20180116
딸기,딸기,1847 딸기베이스,음료베이스,제조일부터 24개월,,(주)프레시코,19910464049597,20260327,20260328
요거트,요거트,1847 요거트파우더,당류가공품,제조일로부터 18개월,,(주)나래푸드텍,20090358371572,20260413,20260418
치킨,치킨,184925(443851)치킨향시즈닝파우더,복합조미식품,제조일로부터 12개월까지,,(주)신영에이치에스,200804351681257,20220531,20250401
핫도그,핫도그,1860조셉말린포테이토핫도그,빵류,2년,,리코푸드서비스(주),2023060984017,20240826,20250201
고추,고추,186고추장소스,소스,제조일로부터 6개월까지,,(주)에프앤에스식품,202103521781101,20230710,20230719
마늘,마늘,186마늘간장소스,소스,제조일로부터 6개월까지,,(주)에프앤에스식품,202103521781102,20230710,20230719
양파,양파,1879Y 양파와인 까베르네 쇼비뇽,과실주,,,와인코리아㈜농업회사법인,2013002021511,20170112,20170622
오리,오리,1897커피 (싱글오리진),커피,2년,,주식회사 폴링,2008033217543,20220321,20220322
과자,과자,18곡 곡물과자,과자,제조일로 부터 12개월,제조일로부터 12개월,해풍친환경영농조합법인,2014049314914,20190121,20240117
오리,오리,18곡 미숫가루 오리지널,기타 농산가공품,제조일로부터 12개월,,휴밀(humeal),2019059902692,20250828,20260107
식초,식초,19 곡물식초,발효식초,,5,정명원 발효식품,2006052009111,20170714,20170717
피자,피자,1905몬스터피자소스,소스,제조일로부터 6개월,,태원식품산업(주),198503110014377,20131129,20250827
치즈,치즈,190번트치즈케익,빵류,제조일로부터 15일까지(실온),,주식회사삼립,199503380158929,20240424,20240425
사과,사과,1915m 사과 드림,과.채주스,2년,,드림인영농조합법인,201104920406,20130214,20240117
간장,간장,1919 어간장,소스,제조일로부터 24개월,,(주)삼아아시아,200304450561195,20210803,20210804
어묵,어묵,1940모듬어묵,어묵,제조일로부터 12개월까지,,(주)환공식품,19960607392177,20170725,20240120
어묵,어묵,1940모듬어묵(냉동),어묵,제조일로부터 24개월까지,,(주)환공식품,19960607392389,20251209,20251210
감자,감자,1943 모듬감자,서류가공품,제조일로부터 12개월까지,,하라에프앤비,202405627612,20240522,20260201
딸기,딸기,1943밀양딸기잼,잼,제조일로부터 1년,제조일로부터 1년,밀양물산농산물가공시설,202509242371,20250806,20260305
불고기,불고기,1943불고기소스J,소스,실온6개월까지,,(주)진경식품,20080474073437,20210813,20210818
바나나,바나나,1945 바나나 카스테라,빵류,제조일로부터 3개월 까지,,(주)화과방,20000484353825,20210527,20240117
초콜릿,초콜릿,1950 쑥 초콜릿,기타 코코아가공품,12개월,12개월,(주)한라1950,202509554721,20260615,20260617
만두,만두,1951 냉동 김치찜만두,만두,,해당없음.,딤섬키친,202201593409,20230818,20230822
부추,부추,1951 냉동 부추당면만두,만두,,해당없음.,딤섬키친,202201593408,20230818,20230822
우엉,우엉,1957 우엉차,침출차,36개월,,대한다업(주)2공장,2002051908790,20210405,20210409
피자,피자,195피자소스,소스,냉장6개월까지,,(주)진경식품,20080474073451,20210910,20210911
갈비,갈비,1961매콤갈비소스,소스,제조일로부터 15개월까지,생략,농업회사법인(주)하비랑,20180559282302,20240815,20250627
어묵,어묵,1963 가정 간편 어묵탕,기타 어육가공품,제조일로부터 60일까지,,(주)늘푸른바다,19960144406370,20180205,20191212
어묵,어묵,1963 간장 어묵볶음,기타 어육가공품,제조일로부터 60일까지,,(주)늘푸른바다,19960144406682,20200227,20210224
어묵,어묵,1963 간편 어묵탕,기타 어육가공품,제조일로부터 60일까지(0~10℃ 냉장보관),,(주)늘푸른바다,1996014440656,20120109,20170427
어묵,어묵,1963 고래사 캠핑어묵탕,기타 어육가공품,제조일로부터 60일까지(0~10℃ 냉장보관),,(주)늘푸른바다,19960144406307,20170624,20170629
고추,고추,1963 고추장 어묵볶음,기타 어육가공품,제조일로부터 60일까지,,(주)늘푸른바다,19960144406683,20200229,20210224
떡볶이,떡볶이,1965 떡볶이,떡류,제조일로부터 12개월,,(주)맛찬들백미식품,20120372367248,20211123,20240529
떡볶이,떡볶이,1965 떡볶이 로제,즉석조리식품,제조일로부터 12개월까지,,(주)로뎀푸드 제2공장,20210391302151,20250523,20251224
떡볶이,떡볶이,1965 떡볶이 불닭,즉석조리식품,제조일로부터 12개월까지,,(주)로뎀푸드 제2공장,20210391302152,20250523,20250525
낙지,낙지,1966 무교동 유정낙지,기타 수산물가공품,제조일로부터 2년,,동화푸드,20020392437332,20230809,20240322
낙지,낙지,1966 무교동 유정낙지 Prime,기타 수산물가공품,제조일로부터 2년,,동화푸드,20020392437365,20240919,20240924
낙지,낙지,1966무교동 유정낙지 낙지젓,양념젓갈,18개월,,동화푸드,20020392437154,20210616,20240130
포도,포도,1972 포도 발사믹식초,발효식초,,제조일로부터 10년,농업회사법인(주)한스올가닉,2015049005642,20221018,20240117
두부,두부,1974 왕두부,두부,제조일로부터 20일까지,,(주)오빌식품,1972033800192,20180523,20180525
갈비,갈비,1974비래옥매운갈비찜소스,소스,제조일로부터6개월,,주식회사 에이원식품,20190505038108,20230830,20240117
불고기,불고기,1974비래옥소불고기소스,소스,제조일로부터 6개월,,주식회사 에이원식품,2019050503899,20230419,20240117
불고기,불고기,1974비래옥소불고기전용소스,소스,제조일로부터 12개월,,주식회사 에이원식품,20190505038111,20231220,20240117
갈비,갈비,1974비래옥순한갈비찜소스,소스,제조일로부터6개월,,주식회사 에이원식품,20190505038107,20230829,20240117
오징어,오징어,1974비래옥오징어무침소스,소스,제조일로부터 6개월,,주식회사 에이원식품,20190505038101,20230419,20240117
고추,고추,1974비래옥육회고추장소스,소스,제조일로부터 6개월,,주식회사 에이원식품,20190505038100,20230419,20240117
명란,명란,1977 코리아명란,양념젓갈,제조일로부터 12개월까지,,(주)덕화푸드,19870144115259,20251224,20251225
소고기,소고기,1980 소고기 라면,유탕면,제조일로부터 6개월까지,,(주)팔도,20120512055504,20251104,20251107
소고기,소고기,1980 소고기 라면,유탕면,제조일로부터 6개월까지,,(주) 팔도,19830358021775,20251023,20251105
핫도그,핫도그,1980 추억의 옛날핫도그,빵류,제조일로부터 9개월,,주식회사키큰아이,20170549035245,20240328,20240606
참깨,참깨,1981볶음참깨,기타 농산가공품,12개월,,농업회사법인 유한회사 호야농장,201805040445,20190729,20240117
참기름,참기름,1981생참기름,참기름,12개월,,농업회사법인 유한회사 호야농장,201805040443,20190312,20240117
배추,배추,1984 더 맛있는 배추김치,김치,제조일로부터 60일,,농업회사법인 주식회사 1984그집,2025071004116,20250812,20260326
만두,만두,1984 더(THE) 매운 실비김치만두,만두,17개월,,새싹원식품,20080370244217,20250710,20250718
부추,부추,1984 부추무침소스,소스,제조일로부터 12개월,,농업회사법인 주식회사 1984그집,202507100415,20250408,20250409
죽,죽,1984 생면용 반죽,생면,제조일로부터 30일,,농업회사법인 주식회사 1984그집,2025071004112,20250529,20251125
국수,국수,1984 얼큰이칼국수분말,복합조미식품,제조일로부터 12개월,,농업회사법인 주식회사 1984그집,202507100417,20250408,20250415
오징어,오징어,1984 오징어볶음양념장,소스,6개월,,농업회사법인 주식회사 1984그집,202507100416,20250408,20250409
배추,배추,1984그집 절임배추,절임식품,수령 당일,,농업회사법인 주식회사 1984그집,2025071004113,20250627,20250628
치킨,치킨,1985 양념치킨소스,소스,제조일로부터 10개월 까지,-,(주)하림산업 함열식품1공장,20200491392584,20250409,20250419
만두,만두,1985용두동들깨떡만두국,간편조리세트,제조일로부터 냉동 12개월,,당근푸드,2021034988357,20260514,20260520
들깨,들깨,1985용두동들깨쌀수제비,간편조리세트,제조일로부터 냉동 12개월,,당근푸드,2021034988356,20260514,20260520
갈비,갈비,1986 옛날갈비,식육함유가공품,제조일로부터 12개월,,주식회사미소에프엔씨,2007044902466,20230116,20230217
국수,국수,1988 옛날 해물칼국수,기타 수산물가공품,제조일로부터 12개월,,대도수산,2009024212174,20241104,20241113
오리,오리,1988)오리지널버거,즉석섭취식품,제조시부터106시간,,(주)삼영데리카후레쉬,200506070021806,20251016,20260401
치즈,치즈,1988덕복희여사 쌀쌀맞은 치즈떡,떡류,제조일로부터 12개월,,(주)지산푸드시스템,2010014722847,20151116,20220723
떡볶이,떡볶이,1988떡볶이분말,기타가공품,제조일로부터 12개월까지,,(주)삼일에프엔비,20050464127946,20190527,20200430
떡볶이,떡볶이,1988떡볶이분말 매운맛,기타가공품,제조일로부터 12개월까지,,(주)삼일에프엔비,200504641271483,20251118,20251120
떡볶이,떡볶이,1988떡볶이분말 중간맛,기타가공품,제조일로부터 12개월까지,,(주)삼일에프엔비,200504641271482,20251118,20251120
갈비,갈비,1988마늘갈비버거,즉석섭취식품,제조시간으로부터 96시간,,(주)우리델리카,20150443298979,20251022,20251023
오리,오리,1988오리지널버거,즉석섭취식품,제조시간으로부터 96시간,,(주)우리델리카,20150443298977,20251013,20251014
오징어,오징어,1988오징어&땅콩,기타 건포류,제조일로부터 1년,,바다원(주),20050275115253,20220314,20220319
떡볶이,떡볶이,1988즉석떡볶이소스,소스,제조일로부터 4개월(냉장),,(주)한미에프쓰리 2공장,20180467123933,20230105,20230211
떡볶이,떡볶이,1988즉석떡볶이소스(매운맛),소스,제조일로부터 4개월(냉장),,(주)한미에프쓰리 2공장,20180467123944,20230208,20260213
고추,고추,1989마라탕 고추기름 매운맛,향미유,제조일로부터 06개월,제조일로부터 06개월,씨와이씨(CYC)푸드,202304769032,20230707,20230718
고추,고추,1989마라탕 고추기름 순한맛,향미유,제조일로부터 06개월,제조일로부터 06개월,씨와이씨(CYC)푸드,202304769033,20230707,20230727
오리,오리,1989오리진시즈닝,복합조미식품,제조일로부터 1년까지,,주식회사 예본바이오,2022051450978,20240808,20240829
피자,피자,1989피자소스,소스,제조일로부터 6개월,,태원식품산업(주),198503110019685,20200820,20200822
핫도그,핫도그,1990핫도그,빵류,제조일로부터 9개월 (-18℃ 이하 냉동보관),,(주)동화,19910415004148,20210720,20260515
스테이크소스,스테이크소스,1991스테이크소스,소스,제조일로부터 6개월,,태원식품산업(주),1985031100111887,20220316,20220323
피자,피자,1991피자소스,소스,제조일로부터 6개월,,태원식품산업(주),1985031100110673,20210422,20210427
떡볶이,떡볶이,1997떡볶이소스,소스,냉동에서 밀봉상태로 보관하여 제조일로부터24개월 까지,,(주)비에이치푸드,201003420501195,20220711,20260430
마늘,마늘,1997마늘떡볶이소스,소스,냉동에서 밀봉상태로 보관하여 제조일로부터 24개월까지,,(주)비에이치푸드,201003420501380,20240412,20240621
어묵,어묵,1997어묵국물소스,소스,냉동에서 밀봉상태로 보관하여 제조일로부터 24개월까지,,(주)비에이치푸드,201003420501203,20220808,20220812
떡볶이,떡볶이,1997짜장떡볶이소스,소스,냉동에서 밀봉상태로 보관하여 제조일로부터 24개월까지,,(주)비에이치푸드,201003420501248,20230405,20230511
고추,고추,1998 농가식품 고추잠자리표 순골드 고춧가루,고춧가루,제조일로부터 1년,,(주)다농식품,2012045619649,20251029,20251031
참깨,참깨,1998 농가식품 참깨가루,기타 농산가공품,제조일부터 12개월까지 (실온 : 1℃-35℃),,농업회사법인한길인터내셔널주식회사,2021038580234,20250715,20260201
카레,카레,1998 카레,카레(커리),제조일로부터 24개월,,한국에스비식품(주),196903640041548,20200207,20260201
떡볶이,떡볶이,1999 옛날 홍대떡볶이,떡류,제조일부터 냉동 12개월,,(주)산돌식품,20030394159463,20240326,20240328
한우,한우,1단계 오메가3 한우듬뿍죽,영.유아용 이유식,제조일로부터 25일,해당없음,(주)푸드케어 2공장,20220396175895,20240115,20240409
한우,한우,1단계 한우클레죽,영.유아용 이유식,제조일로부터 25일,해당없음,(주)푸드케어 2공장,20220396175917,20240529,20240606
떡볶이,떡볶이,1도씨 떡볶이소스,복합조미식품,제조일로부터 실온에서 12개월 까지,,엔에프티,20020443185769,20250915,20251106
떡볶이,떡볶이,1도씨 밀떡볶이,떡류,제조일로부터 12개월,,선진식품,20040368530142,20251021,20251029
버터,버터,1도씨 버터갈릭소스,소스,제조일로부터 6개월,,엔에프티,20020443185784,20251027,20251104
치킨,치킨,1도씨 양념치킨소스,소스,제조일로부터 냉장(0~10℃)에서 6개월 까지,,엔에프티,20020443185782,20251023,20251024
토마토,토마토,1도씨 토마토스파게티소스,소스,제조일로부터 6개월,,엔에프티,20020443185788,20251029,20251030
두부,두부,1등급 국산 콩만을 엄선한 국산콩 두부,두부,20일  냉장,20일  냉장,(주)에스앤푸드,20090443012176,20230510,20230524
두부,두부,1등급 기준 국산 연천콩 두부,두부,제조일부터      20     일,제조일부터      20     일,(주)우천식품,19810372140105,20190822,20190823
두부,두부,1등급 기준 국산 연천콩 두부 부침용,두부,제조일로부터 20일까지,제조일로부터 20일까지,(주)우천식품,1981037214092,20180605,20190201
꿀,꿀,1등급 벌꿀 아카시아,벌꿀,제조일로부터 2년,해당없음,한국양봉농협,2009036026928,20250425,20250429
꿀,꿀,1등급 벌꿀 야생화,벌꿀,제조일로부터 2년,해당없음,한국양봉농협,2009036026929,20250425,20250429
후추,후추,1등급 알후추,천연향신료,제조일로부터 실온 24개월,,주식회사 움트리,19920372190115,20101208,20210120
두부,두부,1등급 우리콩 순두부,두부,제조일로부터 27일,,(주)맑은식품,20060445211151,20220328,20250313
두부,두부,1등급 콩으로 만든 100% 국산콩 두부,두부,20일 이내,생략,(주)에스앤푸드,2009044301298,20200413,20250122
두부,두부,1등급 콩으로 만든 100% 국산콩 순두부,두부,제조일로부터 27일,,(주)맑은식품,20060445211131,20190426,20250212
두부,두부,1등급 콩으로 만든 100% 국산콩 촌두부,두부,제조일로부터 18일,,(주)맑은식품,20060445211147,20210625,20250315
두부,두부,1등급 콩으로 만든 100% 제주콩 두부,두부,제조일로부터 20일,,(주)에스앤푸드,2009044301297,20200319,20250122
후추,후추,1등급 통후추 그라인더,천연향신료,제조일로부터 실온 24개월까지,,주식회사 움트리,19920372190446,20211215,20211216
두부,두부,1등급국산콩 네모난 왕두부,두부,제조일로부터 18일(보관방법 0-10 이하 : 냉장보관),,(주)맑은물에,1999052011957,20070404,20230809
두부,두부,1등급콩 한컵 순두부,두부,제조일로부터 27일,제조일로부터 27일,(주)맑은식품,20060445211149,20211126,20221229
후추,후추,1등급후추,천연향신료,제조일로부터 실온 24개월,,주식회사 움트리,19920372190116,20101208,20260605
떡볶이,떡볶이,1등떡볶이,떡류,12개월,제조일로부터12개월,농업회사법인 주식회사 일미,2013055601447,20190603,20220728
돈까스,돈까스,1등심돈까스(냉동),식육함유가공품,제조일로부터 6개월,제조일로부터 6개월,에이스식품,202001698391,20200805,20200820
치킨,치킨,1등치킨전용염지제,복합조미식품,제조일로부터 12개월까지,,(주)우신에프엠,20070338531863,20220520,20260201
계란,계란,1번 계란으로 만든 우리밀 식빵,빵류,4일,,(주)에이치앤에스두리반,2009036528885,20210824,20260201
죽,죽,1번 구운 다용도 죽염,태움.용융소금,유통기한 표시 생략제품,해당없음,영진그린식품(주),1997046311221,20210428,20210430
죽,죽,1번 구워만든 선운산죽염,태움.용융소금,제조일로부터 5년간,,농업회사법인(유)한국로하스식품,200605000263,20070917,20240117
죽,죽,1번 구워만든 천만금 죽염,태움.용융소금,10년,,농업회사법인(유)한국로하스식품,2006050002656,20150710,20240117
죽,죽,1번구운 다용도 죽염,태움.용융소금,유통기한 표시 생략 제품,,(주)코리아솔트,201206230563,20131001,20170922
죽,죽,1번구운연운죽염,태움.용융소금,5년,,연운죽염,201805200392,20190827,20190903
죽,죽,1번구워만든LOHAS죽염,태움.용융소금,제조일로부터 10년간,,농업회사법인(유)한국로하스식품,2006050002626,20111226,20240117
치킨,치킨,1번지-치킨소스(매),소스,6개월,,(주)뫼루니식품,19980208183739,20220316,20250510
치킨,치킨,1번지-치킨소스(매),소스,6개월,,(주)뫼루니식품 원창지점,2016020918696,20211104,20250220
마늘,마늘,1번지마늘소스,소스,6개월,,(주)뫼루니식품 원창지점,20160209186137,20220405,20220406
목살,목살,1번지목살 된장베이스,소스,제조일로부터 6개월,,주식회사세명에프엔에프,20100154489799,20240820,20240824
어묵,어묵,1분 뚝딱 꼬치어묵,어묵,제조일로부터 12개월,,(주)코주부 씨앤에프,20010358309298,20250902,20250908
짜장,짜장,1분 짜장,즉석조리식품,제조일로부터 12개월까지,,(주)하림산업 함열식품1공장,20200491392706,20260311,20260514
카레,카레,1분 카레,즉석조리식품,제조일로부터 12개월까지,,(주)하림산업 함열식품1공장,20200491392705,20260311,20260514
마늘|두부,"마늘,두부",1분완성 두부조림 달콤짭조름 마늘간장,가공두부,제조일로부터 4개월까지,,(주)풀잎라인,20010435046332,20240821,20240905
두부,두부,1분완성 두부조림 매콤쫀득양념,가공두부,제조일로부터 4개월까지,,(주)풀잎라인,20010435046331,20240821,20240905
계란,계란,1분즉석국 계란북엇국,즉석조리식품,제조일로부터 12개월,,동림푸드(주),19910386025661,20240902,20240912
미역,미역,1분즉석국 미역미소된장국,즉석조리식품,제조일로부터 12개월,,동림푸드(주),19910386025659,20240902,20251024
미역,미역,1분즉석국 황태미역국,즉석조리식품,제조일로부터 12개월,,동림푸드(주),19910386025660,20240902,20240912
국수,국수,1분키친 쌀국수베이스-A,소스,제조일로부터 6개월까지,,(주)에프앤에스식품,202103521782099,20260408,20260410
국수,국수,1분키친 쌀국수베이스-B,소스,제조일로부터 6개월까지,,(주)에프앤에스식품,202103521782100,20260407,20260415
계란,계란,1분포켓국 북어계란국,즉석조리식품,제조일로부터 18개월,,농업회사법인 주식회사 연꽃마을,20110358180105,20250212,20260210
미역,미역,1분포켓국 사골미역국,즉석조리식품,제조일로부터 18개월,,농업회사법인 주식회사 연꽃마을,20110358180104,20250212,20260210
소고기,소고기,1분포켓국 사골소고기국,즉석조리식품,제조일로부터 18개월,,농업회사법인 주식회사 연꽃마을,20110358180103,20250212,20260210
현미,현미,1인1봉 한끼간편 현미 누룽지,곡류가공품,1년,,(주)누룽지,202004240255,20230822,20230824
감자,감자,1인감자탕 1300g,즉석조리식품,제조일로부터 12개월,제조일로부터 12개월,장군푸드,20240661310111,20240717,20240721
만두,만두,1인분교자만두,만두,제조일로부터 9개월(-18℃이하),,오뚜기냉동식품 주식회사,2004035558098,20091021,20160706
만두,만두,1인분물만두,만두,제조일부터 9개월,,오뚜기냉동식품 주식회사,2004035558099,20100121,20170410
새우,새우,1인중심크리스피진짜새우,기타 수산물가공품,제조일로부터 06개월까지,,우일수산(주),19940471029478,20170118,20170216
우엉,우엉,1일 1우엉,액상차,24개월,,주식회사 보성녹차인 1공장,1996051900692,20170207,20170207
주스,주스,1일 1포 노니주스,과.채주스,제조일로부터 24개월까지,,(주)바이오로제트,20040275056460,20180918,20230610
당근,당근,1일1당근 유기농 당근주스,과.채주스,제조일로부터18개월,,농업회사법인주식회사에프앤비바이오,20190456003273,20240502,20240704
젤리,젤리,1일1스틱 석류 젤리스틱,기타가공품,제조일로부터 12개월까지,,(주)젠푸드,200306143071534,20250922,20260421
젤리,젤리,1일1스틱 애사비 젤리스틱,기타가공품,제조일로부터 12개월까지,,(주)젠푸드,200306143071533,20250922,20260421
젤리,젤리,1일1스틱 푸룬 젤리스틱,기타가공품,제조일로부터 12개월까지,,(주)젠푸드,200306143071535,20250922,20260421
감자,감자,1차 감자탕 건양념,복합조미식품,제조일로부터 12개월까지,,(주)지니푸드앤시스템,2017032037277,20180319,20180321
스테이크소스,스테이크소스,1차 스테이크소스,소스,제조일로부터6개월,,토우식품,20060332075169,20160515,20161015
꿀,꿀,1차 파리)명가명품 우리벌꿀 카스테라,빵류,"제조일로부터냉동(-18℃이하),4개월까지",,(주)파리크라상,20020383685386,20120405,20230610
딸기,딸기,1차파리)산딸기듬뿍롤케익,빵류,제조일부터 냉동(-18℃이하) 6개월까지,,(주)파리크라상 신공장,20190280035136,20190801,20260605
사과,사과,1차파리)청송사과롤케익,빵류,제조일부터 냉동(-18℃이하) 6개월까지,,(주)파리크라상 신공장,20190280035356,20221118,20260605
마늘,마늘,1초 다진마늘 동결건조,천연향신료,제조일로부터 18개월까지,,(주)에프엔디,20170525300233,20231218,20231220
오징어,오징어,1초 매콤 골뱅이&오징어,기타 수산물가공품,3년,,(주) 시즈너,2010044407712,20150518,20201030
멸치,멸치,1초 비법육수 멸치,복합조미식품,제조일로부터 24개월,,(주)강고집,20140332261163,20241205,20250314
참치,참치,1초 비법육수 참치,복합조미식품,제조일로부터 24개월,,(주)강고집,20140332261164,20241205,20250314
고추|청양고추,"고추,청양고추",1초골뱅이 청양고추,기타 수산물가공품,3년,,(주) 시즈너,2010044407711,20150518,20181102
스낵,스낵,1캔1김 리얼 불닭 김스낵,조미김,12개월,12개월,어업회사법인 명품김(주),20130471018123,20200709,20200711
스낵,스낵,1캔1김 리얼 치즈 김스낵,조미김,12개월,12개월,어업회사법인 명품김(주),20130471018124,20200709,20200711
딸기,딸기,1포 순수함량 700mg 올인원 정직한 글루타치온 딸기맛,기타가공품,제조일로부터 24개월,제조일로부터 24개월,주식회사 엠케이에프앤디,201903841288,20230315,20241225
돈까스,돈까스,1호 돈까스도시락,즉석섭취식품,제조시간으로부터 8시간,,청구도시락,2000017607734,20240104,20240106
딸기,딸기,1호 딸기잼,잼,제조일로부터 12개월,,진양딸기원,201805934101,20180508,20250116
죽,죽,1회 생활용 죽염,태움.용융소금,제조일로부터 5년,제조일로부터 5년,(주) 개암죽염식품,1992050102357,20160119,20240117
죽,죽,1회구운 깊은바다죽염,태움.용융소금,,제조일자 표기,(주)삼보죽염,1997050002481,20230110,20240117
죽,죽,1회구운깊은바다죽염,태움.용융소금,제조일로부터 5년,,주식회사 이로운식품 소금 공방,2021045102912,20230224,20230726
죽,죽,1회구운죽염,태움.용융소금,유통기한 생략,,경방원죽염,1995055606813,20070323,20160706
우유|치즈,"우유,치즈",1A 우유로 만든 치즈케익,빵류,제조일로부터 10일까지 (실온),,주식회사삼립,199503380158989,20241010,20241012
우유,우유,1A우유모닝롤,빵류,제조일로부터 10일까지(실온),,주식회사삼립,199503380159249,20260220,20260221
우유,우유,1A우유식빵,빵류,제조일로부터 10일까지 (실온),,주식회사삼립,199503380158998,20241010,20241012
소금,소금,1A원유 슈크림소금빵,빵류,냉장보관(0~10℃) / 제조시간으로부터 144시간,,주식회사 더블스윗,20230489168108,20260602,20260616
갈비,갈비,1am 모닝글로리곤약볶음밥 갈비맛,즉석조리식품,제조일로부터 9개월,,오뚜기냉동식품 주식회사,20040355580363,20200609,20200715
새우,새우,1am 모닝글로리곤약볶음밥 새우맛,즉석조리식품,제조일로부터 9개월,,오뚜기냉동식품 주식회사,20040355580362,20200608,20200715
복숭아,복숭아,1am 제로 아이스티 복숭아,액상차,제조일로부터 24개월,,주식회사 황금유자,20110355999140,20220401,20220524
치즈,치즈,1am 토핑잇 알뜰샐러드 더블치즈,즉석섭취식품,제조일로부터 6일,,주식회사 팜스팜 농업회사법인,2021036325526,20220223,20240427
불고기,불고기,1am 토핑잇 알뜰샐러드 불고기,즉석섭취식품,제조일로부터 6일,,주식회사 팜스팜 농업회사법인,2021036325527,20220223,20230202
젤리,젤리,1am 하루하나 곤약젤리 리치,캔디류,12개월,,(주)희창유업 제2공장,20080614259641,20210429,20210430
젤리,젤리,1am 하루하나 곤약젤리 리치,캔디류,제조일로부터 18개월까지,,주식회사 황금유자,20110355999119,20210416,20231208
복숭아,복숭아,1am 하루하나 곤약젤리 복숭아,캔디류,제조일로부터 18개월까지,,주식회사 황금유자,20110355999112,20201214,20231208
복숭아,복숭아,1am 하루하나 곤약젤리 복숭아,캔디류,제조일로부터 12개월,,(주)희창유업 제2공장,20080614259637,20210809,20210810
사과,사과,1am 하루하나 곤약젤리 사과,캔디류,제조일로부터 18개월 까지,,주식회사 황금유자,20110355999114,20201214,20231208
사과,사과,1am 하루하나 곤약젤리 사과,캔디류,제조일로부터 12개월,,(주)희창유업 제2공장,20080614259636,20210809,20210810
젤리,젤리,1am 하루하나 곤약젤리 석류,캔디류,제조일로부터 18개월까지,,주식회사 황금유자,20110355999113,20201214,20231208
요구르트,요구르트,1am 하루하나 곤약젤리 요구르트,캔디류,12개월,,(주)희창유업 제2공장,20080614259655,20210602,20210604
요구르트,요구르트,1am 하루하나 곤약젤리 요구르트,캔디류,제조일로부터 18개월까지,,주식회사 황금유자,20110355999120,20210527,20231212
젤리,젤리,1am 하루하나 곤약젤리 자몽,캔디류,제조일로부터 18개월까지,,주식회사 황금유자,20110355999150,20210927,20231208
포도,포도,1am 하루하나 곤약젤리 청포도,캔디류,제조일로부터 18개월까지,,주식회사 황금유자,20110355999115,20201215,20231216
젤리,젤리,1am 하루하나 곤약젤리 트로피컬,캔디류,제조일로부터 18개월,,주식회사 황금유자,20110355999151,20210927,20231208
젤리,젤리,1am 하루하나 곤약젤리 파인애플,캔디류,제조일로부터 18개월까지,,주식회사 황금유자,20110355999121,20210527,20231208
포도,포도,1am 하루하나 곤약젤리 포도,캔디류,제조일로부터 12개월,,(주)희창유업 제2공장,20080614259640,20210414,20210416
포도,포도,1am 하루하나 곤약젤리 포도,캔디류,제조일로부터 18개월,,주식회사 황금유자,20110355999118,20210416,20231208
주스,주스,1am ABC 클렌즈 주스,과.채주스,제조일로부터 24개월,,주식회사 황금유자,20110355999128,20220316,20220603
젤리,젤리,1am하루하나 곤약젤리 파인애플,캔디류,12개월,,(주)희창유업 제2공장,20080614259654,20210601,20210915
국수,국수,1kg백합칼국수,생면,12개월,,(주)동탄제면소,2022051023113,20230406,20260201
어묵,어묵,1mm 어묵,어묵,제조일로부터 24개월,,부산대원식품주식회사,20040149167287,20250612,20251127
어묵,어묵,1mm 어묵(냉장),어묵,제조일로부터 15일,,부산대원식품주식회사,20040149167300,20260210,20260408
오징어,오징어,1mm 오징어,조미건어포,제조일로부터 1년,제조일로부터 1년,흥진식품,2016014945439,20220418,20220419
불고기,불고기,"2,300원불고기버거",즉석섭취식품,제조시로부터 96시간,,(주)델리캡,20180348070751,20260220,20260407
불고기,불고기,"2,300원불고기버거",즉석섭취식품,제조시간으로부터 96시간,,(주)우리델리카,20150443298753,20240429,20260226
치킨,치킨,"2,500원올바른가격치킨버거",즉석섭취식품,제조일의 제조시간으로부터 96시간,,(주)가온에프에스,201105280671140,20260613,20260616
치킨,치킨,"2,500원치킨버거",즉석섭취식품,제조시로부터 96시간,,(주)델리캡,20180348070790,20260608,20260610
떡볶이,떡볶이,2.8배 떡볶이소스,소스,제조일로부터 1년,,주식회사와룡식품경산공장,20190564060223,20260324,20260416
오징어,오징어,2.오징어먹물 고구마 치즈피자,빵류,제조일로부터 9개월 (냉동),,M&F,2010019308133,20190723,20190806
불고기,불고기,2.오징어먹물소불고기치즈피자,빵류,제조일로부터 9개월 (냉동),,M&F,2010019308135,20190717,20190806
묵,묵,2℃ 묵은지를 사용한 저온숙성 김치찜,즉석조리식품,제조일로부터 18개월,,(주)미당,20030263038260,20250528,20260201
소금,소금,20%함초소금,가공소금,제조일로부터 3년,없음,럭솔트,19970257082135,20190313,20210507
핫도그,핫도그,2000 바삭 핫도그,빵류,제조일로부터 9개월,,주식회사키큰아이,20170549035244,20240328,20240402
버터,버터,2000버터크로와상,빵류,제조일로부터 13일까지,,롯데웰푸드(주),19870364014419,20200114,20260201
복숭아,복숭아,2007능주르 복숭아병조림(백도),과.채가공품,제조일로부터 12개월,제조일로부터 12개월까지,농업회사법인 주식회사 봉동댁,2012049411057,20250806,20250828
복숭아,복숭아,2007능주르 복숭아병조림(황도),과.채가공품,제조일로부터 12개월,제조일로부터 12개월,농업회사법인 주식회사 봉동댁,2012049411058,20250806,20250828
명란,명란,2008 청주명란,양념젓갈,제조일로부터 12개월까지,,(주)덕화푸드,19870144115260,20251224,20251225
한우,한우,200년 씨간장 나주 박장흥댁 한우 장조림,조림류,제조일로부터 냉장 14일,,농업회사법인 박장흥댁 주식회사,202407832951,20241007,20241210
한우,한우,200년 씨간장 나주 박장흥댁 한우 장조림,조림류,제조일로부터 냉동 12개월,,농업회사법인 박장흥댁 주식회사,202407832954,20250120,20250121
어묵,어묵,200사각꼬치어묵,어묵,제조일로부터24개월까지,,삼진식품(주),20110144370477,20230512,20241011
명란,명란,2017 백명란,양념젓갈,제조일로부터 12개월까지,,(주)덕화푸드,19870144115258,20251224,20251225
현미,현미,202 현미녹차,침출차,제조일로부터 3년,,농업회사법인 쌍계명차 주식회사,19750621001327,20180124,20240109
모짜렐라,모짜렐라,2020 통모짜렐라 핫도그,빵류,제조일로부터 9개월,,주식회사키큰아이,20170549035246,20240328,20240517
블루베리,블루베리,2030 요거~블루베리 12%,기타 주류,,제조일로부터 10년,네이처리카 농업법인(주),2022002043871,20230328,20230328
오렌지,오렌지,203오렌지,타르색소제제,,해당없음.,Littes(리트),2019035813835,20200116,20240504
마늘,마늘,2046마늘간장소스,소스,냉장 3개월,,주식회사 동방푸드마스타,199104450776030,20160706,20180309
오리,오리,2046오리엔탈소스,소스,제조일로부터6개월까지,,주식회사 동방푸드마스타,199104450776031,20160707,20180309
고추,고추,207고추장삼겹소스,소스,제조일로부터 냉장5개월,,태원식품산업(주),198503110016095,20161208,20201001
참깨,참깨,20곡 참깨스틱,과자,제조일로부터 12개월,,상일식품(주),19960375066298,20190826,20250823
버섯,버섯,20일의기적 표고버섯차,침출차,24개월,,유기농표고마을,201605210393,20161005,20161005
버섯,버섯,20일의기적표고버섯분말,기타가공품,24개월,,유기농표고마을,201605210391,20160923,20200730
고구마,고구마,21)꿀고구마앙금H,조림류,제조일로부터 3개월까지(실온),,주식회사샤니,199301880912352,20210917,20211130
참기름,참기름,21℃ 냉압착 생참기름,참기름,제조일부터 12 개월 까지,제조일부터 12 개월 까지,농업회사법인 달빛담은 주식회사,201803932243,20180619,20180621
참기름,참기름,21℃ 냉압착 생참기름,참기름,제조일부터 1년,,달빛농장,201605630691,20160921,20180502
닭가슴살,닭가슴살,210g 닭가슴살볶음밥,즉석조리식품,제조일로부터 12개월,,주식회사 엄지식품,20150493208354,20190208,20240117
새우,새우,210g 새우볶음밥,즉석조리식품,제조일로부터 12개월,,주식회사 엄지식품,20150493208355,20190208,20240117
볶음밥,볶음밥,210g 야채볶음밥,즉석조리식품,제조일로부터 12개월,,주식회사 엄지식품,20150493208356,20190208,20240117
오렌지,오렌지,212오렌지,타르색소제제,,해당없음.,Littes(리트),2019035813856,20201214,20240106
카레,카레,2154.덮담 카레소스,소스,제조일로부터 3개월까지,,(주)호반식품,20160415051980,20230725,20251021
치킨,치킨,215치킨용쌀파우더,곡류가공품,제조일로부터 12개월,,태원식품산업(주),198503110019999,20201110,20201113
두부,두부,21곡 두부 국수과자,과자,제조일로부터 9개월,제조일로부터 9개월,농업회사법인(주) 제이제이,1998037013770,20251023,20251025
현미,현미,21곡 크리스피롤 현미과자,과자,제조일로부터 1년,,농업회사법인 조은제과 주식회사,20060364634173,20240214,20260201
크림치즈,크림치즈,21곡 크림치즈롤,과자,제조일로부터 12개월(실온보관),,(주)개미식품,1972027500475,20140827,20230517
참깨,참깨,21곡물가득 참깨건빵,과자,제조일로부터 12개월,,상일식품(주),19960375066304,20200508,20250823
치킨,치킨,21세기치킨파우다,곡류가공품,제조일로부터 12개월  (실온보관 :1~35℃),,(주)동원홈푸드,200204610733280,20090629,20161212
시리얼,시리얼,21종 시리얼 파우더,곡류가공품,제조일로부터 18개월,,찬슬,20030607215154,20190424,20190521
시리얼,시리얼,21종 시리얼 파우더,기타가공품,제조일로부터 18개월,제조일로부터 18개월,찬슬,20030607215193,20210316,20210317
떡볶이,떡볶이,21호 순한 궁물떡볶이 소스,소스,제조일로부터 6개월,제조일로부터 6개월,마니아식품,201702557832,20180913,20181030
고구마,고구마,22)고구마앙금H,조림류,제조일로부터 3개월까지(실온),,주식회사샤니,199301880912426,20220920,20220922
우유,우유,22)우유카스타드,당류가공품,제조일로부터 33일까지(냉장),,주식회사샤니,199301880912459,20230104,20230329
그래놀라,그래놀라,220 그래놀라 베스트 5,곡류가공품,제조일로부터 12개월까지,,주식회사 인크레더블,2020012097636,20210517,20211001
오렌지,오렌지,228진저오렌지,타르색소제제,,해당없음.,Littes(리트),2019035813893,20211104,20211109
부침가루,부침가루,22가지 맛 부침가루,기타가공품,제조일로부터 12개월,,덕동원영농조합법인,2006050942166,20181129,20181130
닭가슴살,닭가슴살,23 단백질 닭가슴살 샐러드,즉석섭취식품,제조일로 부터 8일,,(주)한양에프앤비,20060355250132,20190429,20191016
크림치즈,크림치즈,23)크래프트크림치즈카스타드,당류가공품,제조일로부터 33일까지(실온),,주식회사샤니,199301880912516,20230526,20230601
닭가슴살,닭가슴살,230도 그릴 닭가슴살샐러드,신선편의식품,제조일로부터3일(냉장),,주식회사 이프리(샐러드유),20220318920104,20250206,20250211
돈까스,돈까스,23번가남산매운돈까스소스,소스,냉장9개월,,(주)진경식품,20080474073662,20231205,20240120
돈까스,돈까스,23번지 남산 매운 돈까스소스,소스,제조일로부터 6개월,,(주)서해식품,20170635182574,20260528,20260529
돈까스,돈까스,23번지 남산돈까스 매운소스,소스,제조일부터 6개월 (냉장보관),,(주)동원홈푸드,2002046107315998,20250609,20260413
돈까스,돈까스,23번지 남산돈까스 매운소스,소스,제조일부터 6개월 (냉장보관),,(주)동원홈푸드,201904421492734,20250609,20260413
생선,생선,23번지 남산돈까스 생선까스,기타 수산물가공품,제조일로부터 12개월까지,,(주)초이스키친,2019032414398,20250306,20260227
돈까스,돈까스,23번지 남산돈까스 원조소스,소스,제조일로부터 180일까지.,,강산식품,2005029434322,20260206,20260210
돈까스,돈까스,23번지 남산돈까스 원조소스,소스,제조일부터 6개월 (냉장보관),,(주)동원홈푸드,201904421492736,20250605,20251003
돈까스,돈까스,23번지 남산돈까스 원조소스,소스,제조일부터 6개월 (냉장보관),,(주)동원홈푸드,2002046107316000,20250605,20251002
돈까스,돈까스,23번지남산돈까스 모밀소스,소스,제조일부터 8개월 (냉장보관),,(주)동원홈푸드,2002046107315882,20250425,20250430
돈까스,돈까스,23번지남산돈까스 카레소스,소스,제조일부터 12개월 (냉동보관),,(주)동원홈푸드,2002046107316314,20251002,20251004
김밥,김밥,23한국산 테마키 삼각김밥필름(SF),가공김(조미김 또는 구운김),제조일로부터 180일,,코아사글로벌(주),202308584565,20230923,20250116
당면,당면,23cm한번자른당면,건면,36개월,36개월,(주)한밭식품,19970467134179,20240514,20240523
설탕,설탕,24-믹스설탕,당류가공품,제조일로부터 12개월까지,,(주)삼화에프앤에프,20080309063801,20230906,20230908
고구마,고구마,24)고구마앙금,조림류,제조일로부터 3개월까지 (실온),,주식회사샤니,199301880912658,20240923,20240924
블루베리,블루베리,24)블루베리쉬폰시트,빵류,제조일로부터 7일까지,,(주)파리크라상,200601812661201,20241008,20251021
블루베리,블루베리,24)블루베리쉬폰시트,빵류,제조일로부터 7일까지,,(주)파리크라상,198802750016947,20240920,20240924
갈비,갈비,24/7 뼈없는 소갈비탕,즉석조리식품,실온보관(1-35℃) / 제조일로부터 13개월까지,,(주)미트프라자(금곡),202302810497,20231116,20240103
시래기,시래기,24/7 시래기 추어탕,즉석조리식품,제조일로부터 12개월,,주식회사 도야지식품,20140188028246,20230802,20230921
치킨,치킨,2405-IG양념치킨소스,소스,제조일로부터 06개월,,비에이치푸드케어(주),200103723433326,20230404,20251204
고추,고추,247 푸드코트 - 고추장찜닭소스,소스,"냉장보관,제조일로부터 6개월까지",,다솔푸드테크 주식회사,201102571531305,20250326,20250830
귀리,귀리,247아워핏 귀리,기타가공품,제조일로부터 12개월,,주식회사 비엘에프씨,20130556117327,20230509,20230511
딸기,딸기,247아워핏 딸기,기타가공품,제조일로부터 12개월,,주식회사 비엘에프씨,20130556117363,20250909,20251227
바나나,바나나,247아워핏 바나나,기타가공품,제조일로부터 12개월,,주식회사 비엘에프씨,20130556117362,20250909,20251227
버터,버터,24결 미니버터크로아상 생지,빵류,제조일로부터 6개월,,(주)다우에프에스,20160242045277,20211112,20220222
버터,버터,24결 버터 시나몬롤 페스츄리,빵류,실온 9일,,주식회사신세계푸드천안공장,200404490103770,20220726,20230317
배추,배추,24시간 산골농장 유기농 양배추브로콜리 진한즙,액상차,제조일로부터 24개월,,영농조합법인 산골농장,20100395093228,20260616,20260617
당면,당면,24시간 숙성으로 쫄깃함이 살아있는 찰당면,건면,제조일로부터36개월,해당없음.,농업회사법인(주)안성식품,1984046701097,20230130,20230317
꿀,꿀,24시간 숙성한 국산꿀필링 미니꿀호떡,빵류,제조일로부터 13일(실온),,(주)샤니,197102750034486,20170324,20260313
햄,햄,24종류의곡물견과채소로만든햄프씨드죽,즉석조리식품,제조일로부터1년,제일일로부터1년,농업회사법인 주식회사 쌍금,201605413398,20200320,20200325
사과,사과,24K사과주스,과.채주스,제조일로부터 1년,,농업회사법인 주식회사 윤선애선인장,2016053333655,20240904,20260205
고구마,고구마,24XMAS_해피고구마라떼케이크,빵류,180일,,씨제이푸드빌주식회사,199704451444039,20231113,20240926
생크림,생크림,24XMAS_해피스트로베리리치생크림,빵류,180일,,씨제이푸드빌주식회사,199704451444623,20210929,20240927
블루베리,블루베리,25)달콤블루베리잼,기타잼,제조일로부터 6개월까지(실온),,(주)호남샤니,19920221099643,20250711,20250723
돈까스,돈까스,250치즈돈까스(냉동),식육함유가공품,제조일루 부터 6개월,제조일로 부터 6개월,에이스식품,202001698394,20200805,20220205
꿀,꿀,258꿀강정소스,소스,제조일로부터 6월(냉장),,금양식품(주),19950449004364,20120112,20160706
꿀,꿀,258꿀강정소스(매운맛),소스,6개월(냉장),,금양식품(주),19950449004386,20120612,20160706
꿀,꿀,258꿀강정소스CH,소스,6월,,금양식품(주),19950449004545,20150122,20160706
국수,국수,25냉면 속초 코다리막국수,즉석조리식품,12개월,,(주)에이티푸드,2022051709127,20220628,20250319
돈까스,돈까스,25센치 프리미엄 돈까스소스,소스,제조일로부터 6개월,,주식회사세명에프엔에프,20100154489810,20241106,20241108
감자,감자,25시 얼큰순살감자탕&밥,즉석조리식품,제조일로부터 6개월까지,,(주)맛요일,20160200280287,20250306,20251213
생크림,생크림,25X_윈터스트로베리리치생크림,빵류,180일,,씨제이푸드빌주식회사,199704451444873,20250916,20250917
생크림,생크림,25X_윈터쿠키바닐라생크림,빵류,180일,,씨제이푸드빌주식회사,199704451444853,20250916,20250917
블루베리,블루베리,25X_홀리데이블루베리쉬폰,빵류,180일,,씨제이푸드빌주식회사,199704451444833,20250916,20250917
고구마,고구마,26)고구마앙금,조림류,제조일로부터 2개월까지 (실온),,주식회사샤니,199301880912812,20260213,20260214
딸기,딸기,26)설향딸기잼,잼,제조일로부터 6개월까지(실온),,(주)호남샤니,19920221099647,20260108,20260110
짜장,짜장,2601. [고반]짜장소스,소스,제조일로부터 12개월,,비에이치푸드케어(주),200103723433849,20260430,20260505
마늘,마늘,2604 마늘양념소스,소스,제조일로부터 03개월,,비에이치푸드케어(주),200103723432834,20201027,20260613
갈비,갈비,2605 갈비소스S,소스,제조일로부터 04개월,,비에이치푸드케어(주),200103723433542,20240723,20260613
마늘,마늘,2608 고추기름마늘소스,소스,제조일로부터 03개월,,비에이치푸드케어(주),200103723433807,20260119,20260613
포도,포도,264청포도빵,빵류,제조일로부터 12개월까지,,(주)화과방,200004843538,20231127,20240614
연어,연어,26년 전통 귀빈정 달래연어장,절임식품,제조일로부터 7일,,주식회사 덕이네,2008060425670,20230420,20230422
전복,전복,26년 전통 귀빈정 달래전복장,절임식품,제조일로부터 30일,,주식회사 덕이네,2008060425668,20230411,20230413
새우,새우,26년전통 맛집 홀딱 깐 새우장,절임식품,냉동보관180일,,(유)브이아이피,2014048721514,20190221,20240117
새우,새우,26년전통 순살간장새우장,절임식품,제조일로부터 12개월,,주식회사 덕이네,2008060425681,20231208,20260210
전복,전복,26년전통맛집 귀빈정 전복죽,즉석조리식품,제조일로부터1년,,이고장식품,20140478017231,20250711,20250930
한우,한우,26년전통맛집 귀빈정 한우야채죽,즉석조리식품,제조일로부터1년,,이고장식품,20140478017232,20250711,20250930
묵,묵,26년전통맛집 무진장 국내산 통돼지묵은지 김치찜,조림류,제조일로부터 12개월 까지,,주식회사 대명에프에스,2017044900975,20230103,20230111
오리,오리,275커피 싱글오리진,커피,제조일로부터 2년,,뉴지코리아(주),20180372466298,20220418,20220421
김밥,김밥,2800알찬김밥,즉석섭취식품,제조시간으로부터 72시간,,(주)제이비프레시,20200620210638,20260531,20260602
돈까스,돈까스,290 왕등심돈까스,식육함유가공품,냉동 9개월,,(주)아워홈,20060445219851,20190103,20220601
갈비,갈비,299다이어트도시락 부지깽이나물밥&납작쫄깃떡갈비,체중조절용 조제식품,제조일로부터 12개월(냉동),,주식회사 나비야,20190378122555,20250206,20250228
닭가슴살,닭가슴살,299다이어트도시락 부지깽이나물밥&매콤청양닭가슴살큐브,체중조절용 조제식품,제조일로부터 12개월(냉동),,주식회사 나비야,20190378122558,20250206,20250503
버섯,버섯,299다이어트도시락 시래기표고버섯솥밥&탱글갈릭비엔나,체중조절용 조제식품,제조일로부터 12개월(냉동),,주식회사 나비야,20190378122556,20250206,20250228
오리,오리,299다이어트도시락 시래기표고버섯솥밥&훈제오리단호박찜,체중조절용 조제식품,제조일로부터 12개월(냉동),,주식회사 나비야,20190378122557,20250206,20250228
나물,나물,299다이어트도시락 취나물영양밥&한입귀리미트볼,체중조절용 조제식품,제조일로부터 12개월(냉동),,주식회사 나비야,20190378122559,20250206,20250521
버섯,버섯,2가지 버섯과 퀴노아영양밥,즉석조리식품,제조일로부터 9개월,,(주)다솜푸드,2016036332327,20170908,20170914
된장,된장,2년숙성백일된장,된장,제조일로부터 18개월,,샘표식품(주)영동공장,1997044104370,20160801,20160802
된장,된장,2년숙성시골된장,된장,제조일로부터 18개월,,청풍얼음골된장마을,201604353421,20161025,20260411
한우,한우,2단계 오메가3 한우듬뿍죽,영.유아용 이유식,제조일로부터 25일,해당없음,(주)푸드케어 2공장,20220396175896,20240115,20240409
한우,한우,2단계 한우클레죽,영.유아용 이유식,제조일로부터 25일,해당없음,(주)푸드케어 2공장,20220396175918,20240529,20240530
불고기,불고기,2달라더블불고기,즉석섭취식품,제조시간으로부터 96시간,,(주)비지에프푸드,20200450031403,20240902,20240903
불고기,불고기,2달라에그불고기,즉석섭취식품,제조시간으로부터 96시간,,(주)비지에프푸드,20200450031409,20241018,20241019
불고기,불고기,2달라포테이토불고기,즉석섭취식품,제조시간으로부터 96시간,,(주)비지에프푸드,20200450031415,20241025,20241026
두부,두부,2대째당진손두부,두부,15일,,당진두부,197104560073,20131008,20251217
된장,된장,2도에이징 된장소스,소스,제조일로부터 12개월,,햇잎푸드주식회사,20130233519311,20231106,20260310
갈비,갈비,2도에이징 소갈비살 양념분말,복합조미식품,제조일로부터 12개월(실온),,햇잎푸드주식회사,20130233519316,20231128,20231130
멸치,멸치,2배 멸치액젓,액젓,36개월,,다산종합식품,1999036230722,20061120,20251122
사과,사과,2배 사과식초,발효식초,3년,,(주)오뚜기 삼남공장,199202550365,19950302,20190515
사과,사과,2배 사과식초,발효식초,제조일로 3년,,대상(주)오산공장,1993033606018,20001227,20230330
식초,식초,2배 양조식초,발효식초,3년,,(주)오뚜기 삼남공장,199202550367,19950302,20190515
식초,식초,2배 양조식초,발효식초,제조일로 3년,,대상(주)오산공장,1993033606017,20001227,20160706
다시마,다시마,2배 진한 저염도 다시마간장,소스,18개월,,주식회사 케이비식품,2022027301627,20241223,20250307
멸치,멸치,2배 진한 저염도 멸치액젓,소스,18개월,,주식회사 케이비식품,2022027301637,20250114,20250307
버섯,버섯,2배 진한 저염도 상황버섯어간장,소스,18개월,,주식회사 케이비식품,2022027301636,20241223,20250307
참치,참치,2배 진한 저염도 참치액,소스,18개월,,주식회사 케이비식품,2022027301635,20241223,20250307
유부,유부,2배 큰 펼친유부,가공두부,제조일로부터 4개월,,(주)한미식품,20150464166215,20200831,20200903
현미,현미,2배 현미식초,발효식초,제조일로부터 36개월까지,,(주)오뚜기,20010445055391,20160122,20190316
두부,두부,2배더진한마파두부소스,소스,제조일로부터 6개월,,(주)현대그린푸드 스마트푸드센터,201902803274866,20260424,20260430
유부,유부,2배도톰한큰네모조미유부,가공두부,제조일로부터 12개월,,(주)두솔,19890474008243,20260330,20260403
사과,사과,2배사과식초,발효식초,36월(실온),,(주)오뚜기,20010445055280,20111103,20190316
식초,식초,2배양조식초,발효식초,36월(실온),,(주)오뚜기,20010445055281,20111103,20190316
참치,참치,2배참치액,소스,제조일로부터 24개월,,주식회사 움트리,19920372190383,20200218,20200827
새우,새우,2배커진 말랑말랑떡새우완자,기타 수산물가공품,제조일로부터 12개월,,(주)그린푸드,20000149041553,20230822,20230824
명태,명태,2분 완성 특허받은 순살 명태구이,기타 수산물가공품,24개월,,풍미어장,2020012813529,20260116,20260204
고등어,고등어,2분완성 특허받은 구운 간고등어,기타 수산물가공품,24개월,24개월,풍미어장,2020012813527,20240422,20260113
꿀,꿀,2색꿀떡,떡류,제조일로부터 1일,,한양떡집,202203521936,20220907,20220914
샌드위치,샌드위치,2세대아이돌인기샌드위치,즉석섭취식품,제조시간으로부터 72시간,,(주)우리델리카,20150443298695,20230809,20240416
쿠키,쿠키,2세대쫀득쿠키,과자,9개월,9개월,(주)로열에프에스,20200362335235,20241204,20250626
불고기,불고기,2인 불고기비빔밥,조림류,제조일로부터 10일,-,바다원 제2공장,20190280376411,20240819,20240914
국수,국수,2중발효유산균국수,건면,2년,,(주)평창산들식품,2005039700318,20220812,20230610
감자,감자,2차 감자탕 건양념,복합조미식품,제조일로부터 12개월까지,,(주)지니푸드앤시스템,2017032037278,20180319,20180321
감자,감자,2차발효한 돼지감자즙,액상차,제조일로부터 2년까지,해당없음.,농업회사법인(주)두손애약초,20110555115271,20210504,20250712
치킨,치킨,2피자1치킨 갈릭딥핑소스,소스,제조일로부터 4개월,,태원식품산업(주),1985031100111654,20220125,20220127
치킨,치킨,2피자1치킨상회,절임식품,제조일로부터 12개월,,(주)엔엘푸드,20050360135157,20240516,20251227
치킨,치킨,2피자1치킨상회 갈릭디핑소스,소스,제조일로부터 4개월까지,,(주)원일식품,200004430423733,20230919,20230920
치킨,치킨,2피자1치킨상회 떡볶이분말,복합조미식품,제조일로부터 12개월,,(주)내츄럴스푸드,20100445237906,20260226,20260227
치킨,치킨,2피자1치킨상회 마양떡치킨 전용소스,소스,제조일로부터 12개월,,농업회사법인상경에프앤비주식회사,20140464204531,20250401,20250404
치킨,치킨,2피자1치킨상회 양념,소스,12개월,해당없음.,(주)삼일에프엔비,200504641271266,20230919,20240206
오이,오이,2피자1치킨상회 오이피클,절임식품,제조일로부터 6개월,,(유)삼각에프엠씨 웰빙랜드,20070464094503,20220118,20250125
치킨,치킨,2피자1치킨상회 전용간장양념,소스,제조일로부터 12개월까지,,(주)삼일에프엔비,20050464127700,20210906,20210907
치킨,치킨,2피자1치킨상회 전용양념,소스,제조일로부터 12개월까지,,(주)삼일에프엔비,20050464127699,20210906,20240206
치킨,치킨,2피자1치킨상회 전용양념매운양념,소스,제조일로부터 12개월,,(주)삼일에프엔비,20050464127638,20220124,20240206
피자,피자,2피자1치킨상회 전용유,콩기름(대두유),제조일로부터 18개월까지,,(주)비앤비코리아,20170347060200,20220726,20250613
피자,피자,2피자1치킨상회 전용유,콩기름(대두유),제조일로부터 18개월까지,,하이브 주식회사,1993038352271,20220823,20230610
피자,피자,2피자1치킨상회 피자소스,소스,"제조일로부터 6개월, 상온보관",,(주)킹스코,2014044313177,20240403,20240404
마늘,마늘,2피자1치킨상회마늘중독전용소스,소스,제조일로부터 12개월,,(주)삼일에프엔비,20050464127861,20230830,20230831
피자,피자,2피자1치킨상회야채크림맛시즈닝,복합조미식품,제조일부터 12개월 (실온보관),,(주)동원홈푸드,2002046107313503,20230110,20230113
피자,피자,2피자1치킨전용파우다,곡류가공품,제조일로부터 12개월,,태원식품산업(주),1985031100111603,20220111,20220112
피자,피자,2피자1치킨전용파우더알파,기타가공품,제조일로부터 12개월,,(주)삼일에프엔비,20050464127729,20220916,20220920
피자,피자,2피자1치킨핫소스,소스,제조일로부터 12개월,,태원식품산업(주),1985031100111604,20220111,20240214
요거트,요거트,2H요거트베이스,당류가공품,제조일로부터 18개월,,(주)신광식품,19940607230451,20180305,20180307
참치,참치,2in1 더블버거&콘참치샌드,즉석섭취식품,제조시간으로부터 96시간까지,,(주)스윗밸런스랩,20210280073338,20231122,20231130
햄,햄,2in1 더블버거&햄치즈버거,즉석섭취식품,제조시간으로부터 96시간까지,,(주)스윗밸런스랩,20210280073337,20231123,20231201
햄,햄,2in1 햄치즈버거&에그샌드,즉석섭취식품,제조시간으로부터 96시간까지,,(주)스윗밸런스랩,20210280073339,20231122,20231130
갈비,갈비,2in1바삭김참치마요&갈비양념불고기,즉석섭취식품,제조일의 제조시간으로부터 72시간,,(주)가온에프에스,201105280671125,20260418,20260602
샌드위치,샌드위치,2MIX샐러드샌드위치,즉석섭취식품,제조시간으로부터 72시간,,(주)우리델리카,20150443298754,20240424,20240425
피자,피자,2XL 마르게리타 피자,빵류,21일(냉장),제조일로부터 21일,(주)지지푸드,20080294280375,20220810,20220813
피자,피자,2XL 콰트로치즈 피자,빵류,제조일로부터 21일 까지,제조일로부터 21일 까지,(주)지지푸드,20080294280360,20220316,20220615
피자,피자,"3,900원김치피자탕수육",즉석섭취식품,제조시간으로부터 62시간,,롯데용인CK 주식회사,200003470523128,20241104,20250109
피자,피자,"3,900원김치피자탕수육",즉석섭취식품,제조시간으로부터 62시간,,롯데부산CK 주식회사,200206143692911,20241108,20250109
김밥,김밥,"3,900원스리라차유부김밥",즉석섭취식품,제조시간으로부터 42시간,,롯데용인CK 주식회사,200003470523125,20241028,20241030
김밥,김밥,"3,900원스리라차유부김밥",즉석섭취식품,제조시간으로부터 42시간,,롯데부산CK 주식회사,200206143692906,20241030,20241031
김밥,김밥,"3,900원스리라차유부김밥",즉석섭취식품,제조시간으로부터 45시간,,롯데평택CK 주식회사,199503062742056,20241029,20241031
유부,유부,"3,900원유부초밥&치킨텐더샐러드",즉석섭취식품,제조시간으로부터 40시간,,롯데평택CK 주식회사,199503062742057,20241025,20241203
유부,유부,"3,900원유부초밥&치킨텐더샐러드",즉석섭취식품,제조시간으로부터 40시간,,롯데부산CK 주식회사,200206143692905,20241030,20250109
볶음밥,볶음밥,"3,900원탕수육&갈릭볶음밥",즉석섭취식품,제조시간으로부터 49시간,,롯데부산CK 주식회사,200206143692910,20241108,20250109
볶음밥,볶음밥,"3,900원탕수육&갈릭볶음밥",즉석섭취식품,제조시간으로부터 49시간,,롯데용인CK 주식회사,200003470523129,20241104,20241231
김밥,김밥,"3,980 두줄김밥(원조+매콤어묵)",즉석섭취식품,제조시부터 72 시간,,(주)대정,20190545009993,20260318,20260324
불고기,불고기,3.5 소불고기 납작당면,식육함유가공품,제조일로부터 1년,제조일로부터 1년,주)씨엔에스테크,2015038072498,20230214,20230610
피자,피자,3.6.9 피자소스,소스,제조일로부터 냉장6개월,,태원식품산업(주),198503110016196,20170206,20170213
오징어,오징어,3(삼)색오징어,조미건어포,제조일로부터 10개월,,정화식품(주),19870533003160,20110801,20230815
피자,피자,3+1 호빵 팥·피자,빵류,제조일로부터 13일,,롯데웰푸드(주),20070156181886,20191031,20191105
두부,두부,30 순두부찌개분말,복합조미식품,12개월(실온),,주식회사 세원프레쉬,201503686511462,20260319,20260325
딸기|잼,"딸기,잼",30% SUGAR Down 딸기잼,잼,제조일로부터 12개월,,주식회사 대상다이브스,20060464021604,20241015,20241220
갈비,갈비,300왕숯불갈비,식육함유가공품,제조일로부터 1개월 (냉장),,(주)신화엠푸드,2018020322094,20260401,20260402
갈비,갈비,300왕숯불갈비/냉동,식육함유가공품,제조일로부터 12개월 (냉동),,(주)신화엠푸드,2018020322095,20260401,20260402
갈비,갈비,300왕양념본갈비,식육함유가공품,제조일로부터 1개월 (냉장),,(주)신화엠푸드,2018020322096,20260401,20260402
갈비,갈비,300왕양념본갈비/냉동,식육함유가공품,제조일로부터 12개월 (냉동),,(주)신화엠푸드,2018020322097,20260401,20260402
갈비,갈비,300왕양념본갈비B,식육함유가공품,제조일로부터 1개월 (냉장),,(주)신화엠푸드,2018020322086,20251126,20260514
갈비,갈비,300왕양념본갈비B/냉동,식육함유가공품,제조일로부터 12개월 (냉동),,(주)신화엠푸드,2018020322087,20251126,20260514
닭가슴살,닭가슴살,305kcal곤약닭가슴살김밥,즉석섭취식품,제조시간으로부터 96시간,,(주)우리델리카,20150443298422,20210311,20210312
부추,부추,30년 전통 굴부추김치,김치,제조일로부터 30일,,주식회사 덕이네,20080604256100,20251120,20260210
부추,부추,30년 전통 부추김치,김치,제조일로부터 60일,,주식회사 덕이네,2008060425696,20250423,20260210
오이,오이,30년 전통 오이소박이,김치,제조일로부터 60일,,주식회사 덕이네,2008060425693,20250416,20260210
새우,새우,30년 전통 통영 간장새우장,절임식품,제조일로부터 12개월,,주식회사 덕이네,2008060425644,20220616,20220618
새우,새우,30년 전통 통영 달래새우장,절임식품,제조일로부터 24개월,,주식회사 덕이네,2008060425689,20241112,20260210
연어,연어,30년 전통 통영 달래연어장,절임식품,제조일로부터 7일,,주식회사 덕이네,2008060425671,20230420,20230422
전복,전복,30년 전통 통영 달래전복장(매운맛),절임식품,제조일로부터 30일,,주식회사 덕이네,2008060425660,20230306,20230308
전복,전복,30년 전통 통영 달래전복장(순한맛),절임식품,제조일로부터 30일,,주식회사 덕이네,2008060425659,20230306,20230308
젓갈,젓갈,30년 전통 통영 멍게젓갈,양념젓갈,제조일로부터 24개월,,주식회사 덕이네,2008060425650,20220622,20260210
새우,새우,30년 전통 통영 순살매콤새우장,절임식품,제조일로부터 12개월,,주식회사 덕이네,2008060425677,20230629,20230914
새우,새우,30년 전통 통영 순살양념새우장,절임식품,제조일로부터 1년,,주식회사 덕이네,2008060425656,20220714,20230225
연어,연어,30년 전통 통영 연어장,절임식품,제조일로부터 12개월,,주식회사 덕이네,2008060425641,20220614,20240125
연어,연어,30년 전통 통영 연어장,절임식품,제조일로부터 7일,,주식회사 덕이네,2008060425665,20230406,20260210
새우,새우,30년 전통 통영 왕새우장,절임식품,,제조일로부터 14일,주식회사 덕이네,2008060425658,20230228,20230303
전복,전복,30년 전통 통영 한입전복장,절임식품,제조일로부터 12개월,,주식회사 덕이네,2008060425654,20220624,20220629
새우,새우,30년전통 광천새우추젓,젓갈,24개월,,(주)광천수산제2공장,2016047335733,20211115,20211116
새우,새우,30년전통 깐새우장,절임식품,제조일로부터 1년,,주식회사 덕이네,2008060425655,20220704,20260210
새우,새우,30년전통 매운새우장,절임식품,제조일로부터 12개월,,주식회사 덕이네,2008060425679,20230919,20260210
전복,전복,30년전통 통영 전복장,절임식품,제조일로부터 12개월,,주식회사 덕이네,2008060425637,20220324,20260210
부추,부추,30년전통 통영 할매 부추장,절임식품,제조일로부터 60일,,주식회사 덕이네,2008060425672,20230524,20260307
소고기,소고기,30년전통 통영 할매 소고기부추장,절임식품,제조일로부터 30일,,주식회사 덕이네,2008060425673,20230524,20230526
대파,대파,30년전통 통영할매 대파김치,김치,제조일로부터 60일,,주식회사 덕이네,20080604256115,20260506,20260514
배추,배추,30년전통 통영할매 양배추김치,김치,제조일로부터 60일,,주식회사 덕이네,20080604256116,20260506,20260514
오이,오이,30년전통 통영할매 오이김치,김치,제조일로부터 60일,,주식회사 덕이네,20080604256114,20260415,20260417
새우,새우,30년전통으로 정성껏 만들어진 새우젓,젓갈,24개월,소비기한 24개월,(주)광천수산제2공장,2016047335740,20231220,20231222
김자반,김자반,30초 간편 김자반무침 만들기,가공김(조미김 또는 구운김),제조일로부터 12개월,,주식회사 양명,20060358197123,20250227,20250314
고구마,고구마,30cm롱고구마치즈돈까스,식육함유가공품,제조일로부터 12개월까지,제조일로부터 12개월까지,지푸드,2019032433688,20241105,20260611
만두,만두,30g 윤지네 메밀김치 만두,만두,9개월,,재헌식품,2002038039416,20190916,20230610
블루베리,블루베리,321블루베리 PK,당류가공품,제조일로부터 12개월까지,,(주)두비산업,2017034246718,20180821,20180824
딸기,딸기,32파르페 딸기 소프트아이스,당류가공품,730일,,(주)대호식품,20020368481150,20130403,20221005
블루베리,블루베리,32파르페 블루베리 소프트 아이스,당류가공품,730일,,(주)대호식품,20020368481147,20130403,20221005
복숭아,복숭아,32파르페복숭아소프트아이스,당류가공품,24개월,,(주)대호식품,20020368481629,20231006,20250407
요거트,요거트,32파르페요거트소프트아이스,당류가공품,24개월,,(주)대호식품,20020368481626,20230822,20230826
현미,현미,32현미흑초,발효식초,제조일로부터 3년,,농업회사법인(주)비니거파크,201705190155,20191226,20200101
만두,만두,33 납작왕군만두,만두,제조일로부터 12개월(냉동보관),생략,(주)서원푸드,20050560527143,20200225,20240301
돈까스,돈까스,33 돈까스소스,소스,제조일부터  실온12개월,,아람식품,20120394004143,20211008,20240227
마늘|갈비,"마늘,갈비",33 마늘 듬뿍 춘천 닭갈비 떡볶이,떡류,제조일로부터 냉동12개월,,(주)산돌식품,20030394159418,20221117,20230610
김밥,김밥,33 매운 김밥어묵조림소스,소스,제조일부터 실온12개월,,아람식품,20120394004123,20200615,20251115
어묵,어묵,33 야채 봉어묵,어묵,제조일로부터 13일,해당없음.,(주)부산식품,20120149086208,20211103,20211112
오리,오리,33 여고앞 떡볶이 치즈밥 (오리지널),즉석조리식품,냉동 12개월,,(주)이에스그린푸드,20170443338789,20260429,20260430
짜장,짜장,33 여고앞 짜장 떡볶이 치즈밥,즉석조리식품,냉동 12개월,,(주)이에스그린푸드,20170443338790,20260429,20260430
식초,식초,33 천연식초,발효식초,2년,,(주)스마일유통,202303137472,20240227,20250227
갈비,갈비,33 춘천 국물 닭갈비 떡볶이,떡류,제조일로부터 냉동12개월,,(주)산돌식품,20030394159328,20200306,20241128
어묵,어묵,33 통야채어묵(냉동),어묵,제조일로부터 20개월,해당없음.,(주)부산식품,20120149086210,20211103,20211112
만두,만두,33 팝콘만두,만두,제조일로부터 12개월(냉동보관),생략,(주)서원푸드,20050560527131,20190318,20240301
불고기,불고기,33 BULGOGI BIBIBBAP 33 불고기 비빔밥,즉석조리식품,냉동 18개월,,(주)이에스그린푸드,20170443338804,20251218,20260115
볶음밥,볶음밥,33 KIMCHI FRIED RICE 33 김치볶음밥,즉석조리식품,냉동 18개월,,(주)이에스그린푸드,20170443338805,20251218,20260115
돈까스,돈까스,3300돈까스스파게티,즉석섭취식품,제조일의 제조시간으로부터 96시간,,(주)가온에프에스,201105280671096,20251122,20251125
돈까스,돈까스,3300돈까스스파게티,즉석섭취식품,제조시간으로부터 96시간,,(주)우리델리카,20150443298676,20230608,20250328
토마토,토마토,3300어메이징토마토스파게티,즉석섭취식품,제조일의 제조시간으로부터 96시간,,(주)가온에프에스,201105280671053,20250705,20260127
콩나물,콩나물,337녹두와콩나물생막걸리,탁주,제조일로부터 45일,,337백곡막걸리,2013002023737,20240129,20240129
김밥,김밥,33김밥어묵조림소스,소스,제조일부터 실온 12개월,,아람식품,2012039400495,20180122,20230610
갈비,갈비,33닭갈비비법양념소스,소스,냉동12개월,,아람식품,20120394004150,20211115,20230610
새우,새우,33대왕새우후라이,기타 수산물가공품,제조일부터 12개월,,(주)씨앤에스푸드,2014043335364,20260326,20260401
김밥,김밥,33떡볶이 김밥단무지,절임식품,제조일로부터 3개월,,농업회사법인 (주)세천팜,2003026307554,20231127,20250312
오리,오리,33떡볶이 오리지널,즉석조리식품,제조일로부터 냉동 12개월까지,,(주)로뎀푸드 제2공장,20210391302153,20250709,20250712
오리,오리,33떡볶이오리지널,떡류,제조일로부터 냉동 12개월,,(주)산돌식품,20030394159346,20251217,20251220
갈비,갈비,33떡푸짐 춘천 치즈 닭갈비,떡류,제조일로부터 냉동12개월,별첨,(주)산돌식품,20030394159367,20210504,20230610
사과,사과,33사과떡볶이소스,소스,제조일로부터 냉동12개월,,아람식품,20120394004153,20220318,20230610
어묵,어묵,33어묵소스,소스,제조일부터 실온12개월,,아람식품,2012039400483,20161206,20251227
마늘,마늘,33우리마늘비법양념소스,소스,냉동12개월,,아람식품,20120394004149,20211115,20230610
유부,유부,33유부조미액,소스,제조일로부터 냉장12개월,,아람식품,20120394004190,20231110,20240209
갈비,갈비,345돼지갈비숙성텐더분말,혼합제제,3개월,해당없음,돈까밀로,202302725851,20230606,20230621
갈비,갈비,345돼지갈비숙성텐더소스,소스,제조일로부터 3개월,,돈까밀로,201402025659,20230525,20230610
낙지,낙지,350g 낙지젓,양념젓갈,5개월,,(주)정성식품,20160333060199,20180807,20220909
오리,오리,36 아몬드 (오리지널),혼합음료,제조일로부터 6 개월,,삼육식품,1985044900195,20191108,20230314
오렌지,오렌지,365 유기농아침오렌지,과.채주스,제조일로부터 20일,,서울우유협동조합거창공장,200606240121,20060214,20160706
토마토,토마토,365 유기농아침토마토,과.채주스,제조일로부터 20일,,서울우유협동조합거창공장,200606240122,20060214,20160706
토마토,토마토,365 토마토,과.채가공품,제조일로부터 24개월,,주식회사 후르츠웨이에프엔비,20210196166268,20240705,20240711
고구마,고구마,365 한끼솔루션 고구마맛,두류가공품,제조일로부터 24개월,,코스맥스엔비티(주),200703582241260,20221201,20221222
닭가슴살,닭가슴살,365.24 닭가슴살 꼬꼬칩 매콤,기타 어육가공품,제조일로부터 1년,,신선어람,2016036900143,20210125,20210202
닭가슴살,닭가슴살,365.24 닭가슴살 꼬꼬칩 매콤한 김스틱,기타 수산물가공품,12개월,12개월,주식회사 태산알엔디 영광공장,2020053113743,20210609,20210707
닭가슴살,닭가슴살,365.24 닭가슴살 꼬꼬칩 오리지널,기타 어육가공품,제조일로부터 1년,,신선어람,2016036900142,20210125,20210202
고등어,고등어,365℃화덕구이 자반고등어,기타 수산물가공품,제조일로부터 12개월까지,,피쉬베이커리,2011027533942,20230220,20230304
꿀,꿀,3654꿀빚815,기타 주류,해당사항없음,,아이비영농조합법인,201300170729,20240718,20240826
고추,고추,365고추씨가루,고추종자,제조일로부터 6개월,첨부서류 참조,농업회사법인주식회사패밀리팜,2022048102510,20220608,20220610
오징어,오징어,365오징어다리살,조미건어포,제조일로부터1년까지,제조일로부터 12개월,해향푸드,201503454478,20190416,20190420
오렌지,오렌지,365일 건강한 레드오렌지,혼합음료,제조일로부터 12개월간,,연세대학교 연세유업,19930461022212,20180823,20190215
사과,사과,365일 건강한 사과 드링크,과.채음료,제조일로부터 12개월간,,연세대학교 연세유업,19930461022211,20180823,20190223
들깨,들깨,365일 먹고 싶은  들깨칼국수,간편조리세트,제조일부터  365 일 (12개월),,주식회사 애니웰푸드,20200524172124,20241023,20241025
튀김가루,튀김가루,365일 바삭하고 고소한 튀김가루,곡류가공품,제조일로부터 12개월까지,,주식회사 제이푸드서비스,20110360063350,20220812,20250520
부침가루,부침가루,365일 바삭하고 쫀득한 부침가루,곡류가공품,제조일로부터 12개월까지,,주식회사 제이푸드서비스,20110360063349,20220812,20250527
우엉,우엉,365일 우엉차,침출차,2년,,녹차원주식회사,19980467010372,20160225,20160706
현미,현미,365일 현미녹차,침출차,2년,,녹차원주식회사,19980467010367,20160224,20160706
새우,새우,365크림용새우,기타 수산물가공품,제조일로부터 12개월,,새롬에프에스(주),2015044903943,20240314,20240316
현미,현미,365편안 우리 현미 누룽지,곡류가공품,제조일로부터 1년,1년,(주)바른들식품 농업회사법인,2012018158912,20200610,20200611
복숭아,복숭아,365품 국산100% 복숭아잼,잼,제조일로부터 1년,제조일로부터 1년,장성예찬영농조합법인,2016052807616,20171120,20190706
오리,오리,365품 국산콩부각 오리지널,두류가공품,제조일로부터 6개월,제조일로부터 6개월,장성예찬영농조합법인,2016052807650,20230713,20230714
딸기|잼,"딸기,잼",365품 딸기잼,잼,제조일로부터 1년,,장성예찬영농조합법인,201605280766,20161216,20161220
복숭아,복숭아,365품 복숭아100% 그대로 말린,과.채가공품,제조일로부터 1년,제조일로부터 1년,장성예찬영농조합법인,2016052807642,20201028,20201029
잼,잼,365품 블랙커런트잼 57%,잼,제조일로부터 1년,,장성예찬영농조합법인,2016052807610,20170825,20180823
잼,잼,365품 빈스구아바잎잼,잼,제조일부터           1년,제조일부터           1년,장성예찬영농조합법인,2016052807632,20190616,20210615
잼,잼,365품 빈스구아바잼,잼,제조일부터           1년,제조일부터           1년,장성예찬영농조합법인,2016052807631,20190616,20190618
블루베리,블루베리,365품 설탕0% 국산 블루베리잼,잼,제조일로부터 1년,제조일로부터 1년,장성예찬영농조합법인,2016052807621,20180823,20210615
사과,사과,365품 알맹이가 살아있는 생생사과잼,잼,제조일로부터 1년,제조일로부터 1년,장성예찬영농조합법인,201605280763,20161216,20210615
현미,현미,365품 유기농 현미100% 황금눈쌀 누룽지 과자,곡류가공품,제조일로부터 1년,,장성예찬영농조합법인,2016052807639,20200527,20200529
사과,사과,365품 통째로 착즙한 NFC 장성사과주스,과.채주스,제조일로부터 1년,제조일로부터 1년,장성예찬영농조합법인,2016052807638,20200227,20200229
버섯,버섯,365품 표고버섯100% 분말,과.채가공품,제조일로부터 1년,,장성예찬영농조합법인,2016052807612,20170920,20191212
현미,현미,365품 황금귀리현미누룽지,곡류가공품,제조일로부터 1년,제조일로부터 1년,장성예찬영농조합법인,2016052807647,20220219,20220224
과자,과자,365품 황금보리 누룽지 과자,곡류가공품,제조일로부터 1년,,장성예찬영농조합법인,2016052807640,20200527,20200605
토마토,토마토,365품 NFC착즙 생토마토주스,과.채주스,제조일로부터 1년,제조일로부터 1년,장성예찬영농조합법인,2016052807649,20220908,20220920
사과,사과,365품 NFC착즙 장성사과100주스,과.채주스,제조일로부터 1년,제조일로부터 1년,장성예찬영농조합법인,201605280761,20161216,20201205
복숭아,복숭아,365피치마토(복숭아향),과.채가공품,8일,8일,아뮤즈바이오 주식회사,2019049901753,20230711,20240117
두부,두부,365한컵두부,두부,제조일로터 15일 (냉장상태 10℃이하),,(주)오빌식품,1972033800132,20060908,20160706
피자,피자,369피자시즈닝,복합조미식품,12개월,,주식회사 굿메이트식품,201603689293,20161204,20161213
볶음밥,볶음밥,37.5 김치볶음밥용소스,소스,제조일부터 12개월 (냉동보관),,(주)동원홈푸드,2002046107315267,20241011,20251101
블루베리,블루베리,37.5 블루베리콤포트,소스,제조일부터 12개월 (냉장보관),,(주)동원홈푸드,2002046107313361,20221125,20230920
드레싱,드레싱,37.5 시저드레싱,소스,제조일로부터 6개월까지,,이푸드(주),200904330552930,20210608,20210609
오렌지,오렌지,37.5 오렌지베이스,음료베이스,제조일부터 12개월 (냉장보관),,(주)동원홈푸드,2002046107313359,20221107,20230417
포도,포도,37.5 청포도베이스,음료베이스,제조일부터 12개월 (냉장보관),,(주)동원홈푸드,2002046107313360,20221031,20221102
포도,포도,37.5 청포도베이스,음료베이스,제조일부터 12개월 (냉장보관),,(주)동원홈푸드,201904421491305,20221216,20221217
토마토,토마토,37.5 토마토소스,소스,제조일로부터 3개월까지,,이푸드(주),200904330552714,20200508,20200711
토마토,토마토,37.5 토마토소스,소스,제조일부터 3개월 (냉장보관),,(주)동원홈푸드,201904421491341,20221221,20230322
고구마,고구마,37.5고구마크림스프,즉석조리식품,제조일부터 12개월 (냉동보관),,(주)동원홈푸드,201904421492377,20241104,20241105
고구마,고구마,37.5고구마크림스프,즉석조리식품,제조일부터 12개월 (냉동보관),,(주)동원홈푸드,2002046107315293,20241104,20241105
파스타,파스타,37.5만능파스타소스,소스,제조일로부터 9개월까지,,이푸드(주),200904330552789,20201013,20201028
스테이크소스,스테이크소스,37.5스테이크소스,소스,제조일부터 6개월 (냉장보관),,(주)동원홈푸드,2002046107313556,20230308,20230920
스테이크소스,스테이크소스,37.5스테이크소스,소스,제조일부터 6개월 (냉장보관),,(주)동원홈푸드,201904421491389,20230308,20230919
쌈장,쌈장,38 쌈장베이스,소스,제조일로부터 6개월 까지,,엠지푸드솔루션 주식회사,200100535802799,20241114,20241121
잼,잼,38%애플잼파이,빵류,제조일로부터 9일까지,,롯데웰푸드(주),19870364014582,20231018,20260201
사과,사과,3816 양구사과즙,과.채주스,제조일로부터12개월,제조일로부터 12개월,양구군 농산물가공지원센터,201904190439,20200722,20230725
사과,사과,3816 양구사과즙,과.채주스,,12개월,농업회사법인주식회사양구친환경제2공장,202205680239,20221108,20230610
사과,사과,3816양구사과잼,잼,제조일로부터 12개월,제조일로부터 12개월,양구군 농산물가공지원센터,2019041904321,20210818,20230725
사과,사과,3816양구사과주스,과.채주스,18개월,,한울식품 영농조합법인F2,2012055615233,20191104,20230221
사과,사과,3816양구사과주스,과.채주스,18개월,,한울식품 영농조합법인,1996055618052,20200430,20200502
사과,사과,3816양구사과즙,과.채주스,제조일로부터 1년,,농업회사법인 주식회사 프레스네이처,202305760081,20230221,20240810
사과,사과,3816양구사과즙,과.채주스,제조일부터 실온 1년,,애플빌,201403720213,20200401,20200407
사과,사과,38썬애플 사과즙,과.채주스,제조일로부터 24개월(실온 : 1℃-35℃),,양심건강푸드,2013037244029,20160921,20230422
사과,사과,38썬애플 사과즙,과.채주스,제조일부터 실온 1년,,애플빌,201403720214,20200401,20200407
사과,사과,38썬애플사과즙,과.채주스,12개월,,아름다운농원,201903915295,20230419,20230426
고추,고추,3900난리부르스고추장양념,소스,제조일로부터 냉장3개월,,태원식품산업(주),198503110016087,20161207,20161216
계란,계란,3900리챔계란밥,즉석섭취식품,제조일부터 52시간,,(주)비지에프푸드 전북,200804940611488,20260619,20260626
파스타,파스타,3900원크림파스타정식,즉석섭취식품,제조일의 제조시간으로부터 96시간,,(주)가온에프에스,201105280671091,20251116,20260113
오리,오리,396커피컴퍼니 싱글오리진 파우더커피,커피,제조일로부터 2년,해당없음.,에이비비알 주식회사,20210269526224,20260416,20260425
버터,버터,39갈릭버터,복합조미식품,제조일로부터 12개월까지,,주식회사 쿠즈락,20200470166385,20251104,20260411
감자,감자,39모둠감자,서류가공품,9개월,,(주)돈키호테,2012034523957,20181018,20240313
오리,오리,39치킨 배터(오리지널),복합조미식품,제조일로부터 12개월까지,,주식회사 쿠즈락,20200470166375,20251031,20251101
새우,새우,39팝콘새우튀김,기타 수산물가공품,제조일로부터 12개월까지,,주식회사 와이앤비푸드,20120464159203,20251210,20260117
스낵,스낵,3가지 떡볶이 스낵,과자,제조일로부터 12개월,,(주)동화씨앤에프,19900355116393,20240514,20240518
고추,고추,3가지 매콤한 멕시코 고추 아라비아따 파스타소스,소스,제조일부터 12개월 (실온보관),,(주)동원홈푸드,200204610736550,20140926,20171230
나물,나물,3가지나물밥,즉석조리식품,"냉동, 12개월",,(주)시아스,200504150202498,20170216,20170227
나물,나물,3가지나물밥,곡류가공품,냉장 3일,,(주)이에스그린푸드,20170443338574,20230531,20230831
샌드위치,샌드위치,3가지맛 굿모닝 샌드위치,즉석섭취식품,제조일로부터 72시간까지,,(주)푸드코아,200402750571483,20250228,20250715
멸치,멸치,3가지천연재료 멸치 해물다시팩,기타 수산물가공품,제조일부터 18개월,,빅마마씨푸드(Bigmama sea-food),2004060452394,20160725,20220927
어묵,어묵,3꼬치모듬어묵탕,어묵,제조일로부터 24개월까지,,(주)환공식품,19960607392380,20251022,20251028
묵,묵,3년 묵은 복된장,한식된장,제조일로부터 2년,제조일로부터 2년,(주)비비에프(BBF),2014061458522,20211021,20211027
묵,묵,3년 묵은 천일염,천일염,제조연월일 표기 (식품위생법상 유통기한 표시 생략가능 제품),-,농업회사법인 신안천일염주식회사,201005310335,20120711,20210428
묵,묵,3년 묵은 천일염,천일염,5년,,청수식품(주),1996052507836,20100204,20160706
묵,묵,3년 묵은 천일염 황토가마 구운소금,가공소금,5년,,자린고비 주식회사,201405271062,20170221,20170224
묵,묵,3년 묵은 천일염과 올리브유로 볶은 김파래자반,가공김(조미김 또는 구운김),제조일로부터 6개월,신선도유지,(주)대명건해,2009052507323,20120516,20250213
멸치,멸치,3년숙성 기장멸치 액젓,소스,18개월,,주식회사 케이비식품,2022027301616,20221121,20240909
된장,된장,3년숙성 자염 된장,한식된장,1년,12개월,농업회사법인 황골(주),201204151181,20121122,20190118
현미,현미,3년숙성 현미흑초,발효식초,제조일로부터 5년,소비기한 5년,농업회사법인(주)비니거파크,2017051901512,20220627,20230627
된장,된장,3년숙성콩된장,한식된장,,제조일로부터 2년,아나농 주식회사 농업회사법인,201604720731,20170417,20220503
된장,된장,3년숙성토종국산콩전통된장,한식된장,1년,,백연농가,201203960191,20120222,20230610
현미,현미,3년숙성현미흑초,발효식초,2년,,문경천연현미식초,201305581354,20190501,20190509
두부,두부,3단압출 쫄깃 두부면 채소전골맛,숙면,제조일로부터 5개월,,농업회사법인 한둘푸드주식회사,20240291516105,20250401,20250402
두부,두부,3단압출 쫄깃 두부면 해물짬뽕맛,숙면,제조일로부터 5개월,,농업회사법인 한둘푸드주식회사,20240291516106,20250401,20250402
두부,두부,3단압출 쫄깃 사각 두부 수제비 채소전골맛,숙면,제조일로부터 5개월,,농업회사법인 한둘푸드주식회사,20240291516107,20250401,20250402
두부,두부,3단압출 쫄깃 사각 두부 수제비 해물짬뽕맛,숙면,제조일로부터 5개월,,농업회사법인 한둘푸드주식회사,20240291516108,20250401,20250402
두부,두부,3단압출 쫄깃 얇은 국산두부면,숙면,제조일로부터 5개월,,농업회사법인 한둘푸드주식회사,20240291516126,20250611,20250723
참치,참치,3단참치샐러드샌드,즉석섭취식품,제조시간으로부터 72시간,,(주)우리델리카,20150443298128,20171113,20220817
갈비,갈비,3대비법 갈비양념(보통맛),소스,6개월,,주식회사 소모,2013018827139,20200109,20200114
들기름,들기름,3대전통들기름,들기름,제조일로부터 365일,제조일로부터 365일,평원식품,199603834746,20060530,20240104
참기름,참기름,3대전통참기름,참기름,제조일로부터 1년,,평원식품,199603834745,20060530,20230610
김자반,김자반,3대째 달인 광천김 김자반,조미김,제조일로부터 12개월까지,,(주)김노리,20130473129175,20230526,20240523
김자반,김자반,3대째 달인 광천김 김자반,조미김,제조일로부터 12개월,,주식회사 광천김 제2공장,20000473050421,20231013,20231018
고추,고추,3도씨 생홍고추 포기김치,김치,제조일로부터 냉장보관 180일,해당없음,주식회사 담김,20120415012119,20260517,20260520
고추,고추,3도씨 홍고추 깍두기,김치,제조일로부터90일,해당없음.,미지향식품,20160193289115,20250327,20250402
고추,고추,3도씨 홍고추 깍두기(국산),김치,제조일로부터90일,해당없음.,미지향식품,20160193289121,20250407,20250411
고추,고추,3도씨 홍고추 열무김치,김치,제조일부터90일,해당없음.,미지향식품,20160193289116,20250327,20250402
고추,고추,3도씨 홍고추 열무김치(국산),김치,제조일부터90일,해당없음.,미지향식품,20160193289119,20250407,20250410
고추,고추,3도씨 홍고추 총각김치,김치,제조일로부터90일,해당없음.,미지향식품,20160193289117,20250327,20250408
고추,고추,3도씨 홍고추 총각김치(국산),김치,제조일로부터90일,해당없음.,미지향식품,20160193289120,20250407,20250410
고추,고추,3도씨 홍고추 포기김치,김치,제조일로부터 120일,,미지향식품,20160193289118,20250327,20250410
고추,고추,3도씨 홍고추 포기김치(국산),김치,제조일로부터120일,해당없음.,미지향식품,20160193289122,20250407,20250411
된장,된장,3된장,한식된장,제조일로부터 2년,,삼보식품 주식회사,20070501014100,20230404,20240117
오징어,오징어,3무(無)오징어채,조미건어포,제조일로부터 12개월,,케이엘식품(주),2017059539627,20220214,20220215
불고기,불고기,3배농축불고기소스,소스,7개월  실온,,(주)원일식품,200004430422424,20150903,20160706
사과|식초,"사과,식초",3배사과식초,발효식초,3년,,(주)오뚜기 삼남공장,1992025503613,20020423,20220125
식초,식초,3배양조식초,발효식초,3년,,(주)오뚜기 삼남공장,1992025503614,20020423,20240528
식초,식초,3베리식초,발효식초,제조일로부터1년 개봉후3개월,,농업회사법인발효순이주식회사,2011059910051,20160520,20160706
식초,식초,3베리식초,발효식초,제조일로부터  1년,,농업회사법인발효순이주식회사,20110599100101,20240107,20240109
닭가슴살,닭가슴살,3분 닭가슴살 고기만두,만두,12개월(냉동),,(주)취영루,19920355173489,20250805,20260430
닭가슴살,닭가슴살,3분 닭가슴살 김치만두,만두,9개월,,(주)취영루,19920355173490,20250805,20260430
짜장,짜장,3분 렌틸콩짜장,소스,24월(실온),,(주)오뚜기,20010445055344,20140513,20210113
카레,카레,3분 렌틸콩카레,카레(커리),24월(실온),,(주)오뚜기,20010445055345,20140513,20191019
파스타,파스타,3분 매콤크림 파스타 소스,소스,실온 12개월,,(주)오뚜기,20010445055920,20260109,20260113
짜장,짜장,3분 사천짜장,소스,제조일부터 24월,,(주)오뚜기,20010445055246,20100331,20221210
카레,카레,3분 인도카레 마크니,카레(커리),제조일로부터 24개월,24개월,(주)오뚜기,20010445055386,20160115,20191019
카레,카레,3분 태국카레소스 그린,소스,제조일로부터 24개월,24개월,(주)오뚜기,20010445055387,20160115,20180309
햄,햄,3분 햄버그스테이크,즉석조리식품,16개월,,주식회사 오뚜기,1992030803861,19920710,20220802
갈비,갈비,3분30초땡 빙글만두 갈비,만두,제조일로부터 12개월,,(주)엄지식품,20010493358902,20190717,20250218
만두,만두,3분30초땡 빙글만두 고기,만두,제조일로부터 12개월,,(주)엄지식품,20010493358903,20190717,20250218
고추|만두,"고추,만두",3분30초땡 빙글만두 고추,만두,제조일로부터 12개월,,(주)엄지식품,20010493358900,20190717,20250218
만두,만두,3분30초땡 빙글만두 김치,만두,제조일로부터 12개월,,(주)엄지식품,20010493358901,20190717,20250218
참치,참치,3분간편한끼 똑똑고소한참치죽,즉석조리식품,12개월  실온,,(주)그린에프엠,2013044320527,20161125,20220729
참치,참치,3분김치참치덮밥소스,소스,12월(실온),,(주)오뚜기,20010445055312,20150616,20240405
나물,나물,3분나물 데친고사리,기타가공품,제조일로부터12개월,,지리산피아골식품 영농조합법인,2011051702545,20210412,20221231
나물,나물,3분나물 데친곤드레,기타가공품,제조일로부터12개월,,지리산피아골식품 영농조합법인,2011051702555,20220829,20221231
나물,나물,3분나물 데친부지깽이,기타가공품,제조일로부터12개월,,지리산피아골식품 영농조합법인,2011051702546,20210412,20221231
나물,나물,3분나물 데친취나물,기타가공품,제조일로부터12개월,,지리산피아골식품 영농조합법인,2011051702544,20210412,20221231
나물,나물,3분나물 데친토란대,기타가공품,제조일로부터12개월,,지리산피아골식품 영농조합법인,2011051702543,20210412,20221231
낙지,낙지,3분낙지덮밥소스,소스,제조일로부터 12개월까지,,(주)오뚜기,20010445055300,20120601,20250318
낙지,낙지,3분매운낙지덮밥소스,소스,12월(실온),,(주)오뚜기,20010445055299,20120601,20180309
카레,카레,3분백세카레믹스-1,향신료조제품,제조일로부터 12개월까지,,주식회사 오뚜기,197202880023755,20190118,20190124
카레,카레,3분백세카레믹스-2,향신료조제품,제조일로부터 12개월,,주식회사 오뚜기,197202880023684,20180412,20190124
카레,카레,3분백세카레믹스-3,향신료조제품,12개월,,주식회사 오뚜기,197202880022892,20130319,20160706
짜장,짜장,3분쇠고기간짜장,소스,24월,,(주)오뚜기,2001044505599,20041223,20230221
짜장,짜장,3분쇠고기짜장,소스,24월,,(주)오뚜기,2001044505553,20031202,20220709
카레,카레,3분쇠고기카레,카레(커리),24월,,(주)오뚜기,2001044505554,20031202,20230221
불고기,불고기,3분오삼불고기덮밥소스,소스,12월(실온),,(주)오뚜기,20010445055302,20120605,20180309
오이,오이,3분오이김치파우더,복합조미식품,18개월,,주식회사 이엘푸드,202103931307,20210624,20230610
만두,만두,3분이면OK 전자레인지 찐만두(매운맛),만두,제조일로부터 9개월,,주식회사 푸드웨어,20030493186135,20051031,20251216
만두,만두,3분이면OK 전자레인지 찐만두(순한맛),만두,제조일로부터 9개월,,주식회사 푸드웨어,20030493186136,20051031,20240615
짜장,짜장,3분짜장,소스,24개월,,(주)오뚜기,2001044505598,20041223,20220708
짜장,짜장,3분짜장-A,소스,24월(실온),,(주)오뚜기,20010445055293,20120521,20180309
갈비,갈비,3분춘천닭갈비덮밥소스,소스,제조일로부터 12개월까지,,(주)오뚜기,20010445055297,20120529,20250318
카레,카레,3분카레 약간매운맛(3개입),카레(커리),24월,,(주)오뚜기,20010445055170,20090320,20170120
카레,카레,3분카레-A매운맛,카레(커리),24월(실온),,(주)오뚜기,20010445055295,20120521,20191019
카레,카레,3분카레-A순한맛,카레(커리),24월(실온),,(주)오뚜기,20010445055296,20120521,20191019
카레,카레,3분카레-A약간매운맛,카레(커리),24월(실온),,(주)오뚜기,20010445055294,20120521,20191019
카레,카레,3분카레(매운맛),카레(커리),24월,,(주)오뚜기,2001044505571,20040528,20191019
카레,카레,3분카레(순한맛),카레(커리),24월,,(주)오뚜기,2001044505585,20041014,20191019
카레,카레,3분카레(약간매운맛),카레(커리),24월,,(주)오뚜기,2001044505570,20040528,20221026
꿀,꿀,3색 꿀떡,떡류,제조일로부터 7일,,농업회사법인 더미들래 주식회사,20040484740140,20240702,20250919
나물,나물,3색 나물,조림류,제조일로부터 5일,,도리깨침,20200280142271,20220629,20220705
나물,나물,3색 모듬 나물,조림류,7일,,(주)미자언니에프엔디,2018010616919,20230831,20230905
꿀,꿀,3색꿀떡(냉동),떡류,제조일로부터 12개월,,영농조합법인(금수레),2020035007255,20230807,20250219
나물,나물,3색나물,조림류,제조일부터 6일까지,,한우리음식,20150106272381,20220126,20220208
나물,나물,3색나물1,즉석조리식품,주문 즉시제조/ 냉장5일,냉장5일,농업회사법인 산들래 주식회사,20100528066217,20240222,20240226
나물,나물,3색나물2,즉석조리식품,주문 즉시제조/ 냉장5일,주문 즉시제조/ 냉장5일,농업회사법인 산들래 주식회사,20100528066216,20240222,20240223
나물,나물,3색모둠나물,조림류,제조일로부터 3일,,농업회사법인(주)승화푸드,200700565441534,20200910,20240907
어묵,어묵,3색볼어묵,어묵,제조일로부터 24개월,,주식회사 수연푸드,2020045215854,20240215,20260513
식초,식초,3색정통발효식초,발효식초,36개월,,대상(주)오산공장,19930336060226,20150313,20201013
탄산,탄산,3색탄산캔디,캔디류,제조일로부터 12개월,,(주)아우레이트,20070199457138,20250423,20250424
고추|갈비,"고추,갈비",3선 갈비고추장,소스,제조일로부터 6개월(냉장보관),,경북농축산,2019013228637,20230324,20230325
쌈장,쌈장,3선쌈장,혼합장,제조일로부터 1년,,경북농축산,2019013228679,20250822,20250826
불고기,불고기,3시 불고기 오븐 사각피자,빵류,제조일로부터 12개월,,(주)지지푸드,20080294280403,20231127,20240427
햄,햄,3시 오븐 햄치즈 브리또,빵류,21일(냉장),,(주)지지푸드,20080294280164,20150311,20240502
피자,피자,3시오븐 고르곤졸라피자,빵류,제조일로부터 12개월,,(주)지지푸드,20080294280414,20240306,20240309
불고기,불고기,3시오븐 불고기피자,빵류,제조일로부터 12개월,,(주)지지푸드,20080294280412,20240306,20240803
불고기,불고기,3시오븐 삼각불고기피자,빵류,제조일로부터 12개월,,(주)지지푸드,20080294280424,20240520,20240522
불고기,불고기,3시오븐 소불고기피자,빵류,제조일로부터 12개월,,(주)지지푸드,20080294280432,20240801,20240806
베이컨,베이컨,3시오븐 알라팔라 포테이토&베이컨피자,빵류,제조일로부터12개월(냉동),,(주)지지푸드,20080294280273,20200414,20200417
토마토,토마토,3시오븐 올리브유토마토 피자,빵류,제조일로부터 12개월,,(주)지지푸드,20080294280419,20240409,20250116
어묵,어묵,3인분 인절미 어묵탕,어묵,제조일로부터 12개월,,대보식품 주식회사,2010060164760,20200618,20200620
소고기,소고기,3일소고기국밥,즉석조리식품,9개월(냉동),,주식회사 세원프레쉬,20150368651708,20220203,20220208
샌드위치,샌드위치,3입모닝샌드위치,즉석섭취식품,48시간,,미리내푸드,201900564914,20190817,20190820
김밥,김밥,3절참맛구운김밥김,조미김,12개월,,고젠코리아 주식회사,201203647329,20150604,20260201
꿀,꿀,3종 꿀떡,떡류,제조일로부터 12개월,,주식회사 정우푸드,20160144403112,20190103,20260226
꿀,꿀,3종 꿀떡(앙금),떡류,제조일로부터180일까지,,주식회사 정우푸드,20160144403218,20240110,20240117
새우,새우,3종 새우회,기타 수산물가공품,제조일로부터 24개월까지,,(주)비산,20150128107160,20240508,20240509
나물,나물,3종나물영양밥,즉석조리식품,"냉동, 12개월",,(주)시아스,200504150202530,20170322,20170327
감자,감자,3종모듬패밀리감자,서류가공품,냉동12개월,,(주)토담푸드시스템,2010011473935,20170705,20181120
나물,나물,3종보름나물,조림류,제조일로부터 5일,,예향,20200280205154,20240202,20260210
딸기,딸기,3초닥 딸기향,기타가공품,제조일로부터 24개월,,(주)나루아토,2024091100560,20250616,20250621
오리,오리,3초닥 오리지널,기타가공품,제조일로부터 24개월,,(주)나루아토,2024091100552,20250416,20250619
딸기,딸기,3호 딸기,빵류,제조일로부터 냉동12개월,,아이리치베이커리,2002060180266,20140310,20260528
불고기,불고기,3호 소불고기도시락,즉석섭취식품,제조시간으로부터 8시간,,청구도시락,2000017607738,20240109,20240111
고구마,고구마,3호 적고구마,빵류,제조일로부터 냉동12개월,,아이리치베이커리,20020601802106,20180509,20260115
젤리,젤리,3d젤리 망고맛,캔디류,제조일로부터 12개월(365일),,건영웰푸드,2025066600141,20260529,20260530
포도,포도,3D젤리 청포도맛,캔디류,제조일로부터 12개월 (365일),,건영웰푸드,2025066600140,20260529,20260530
브로콜리,브로콜리,3days 브로콜리새싹분말,기타가공품,제조일로부터 2년,,진성엔에프,20140370108245,20191021,20191023
소금,소금,3H스마트구운소금,태움.용융소금,제조일 표시,,태화제염,199701603099,20161205,20161206
딸기,딸기,3HA 수제딸기케이크,빵류,제조일로부터 40일,,한국제과식품협동조합,2014018801623,20230417,20250109
멸치,멸치,3LOW멸치(다시용),기타 수산물가공품,제조일로부터 24개월까지,,쌍용건해주식회사,2013060435813,20210728,20210729
멸치,멸치,3LOW멸치(볶음용),기타 수산물가공품,제조일로부터 24개월까지,,쌍용건해주식회사,2013060435815,20210728,20210729
멸치,멸치,3LOW멸치(조림용),기타 수산물가공품,제조일로부터 24개월까지,,쌍용건해주식회사,2013060435814,20210728,20210729
식초,식초,3P 식초샷,과.채주스,24개월,,(주)일동플러스팜,20100182349706,20260310,20260317
식초,식초,3P식초샷,과.채주스,24개월,,영농조합법인청송주왕산싱싱사과,2013056403926,20260219,20260220
오리,오리,3Things오리지널스프,복합조미식품,제조일로부터 12개월,,(주)케이에스에프,20120364498817,20230713,20260201
갈비,갈비,3XL갈비삼각,즉석섭취식품,제조시간으로부터 50시간,,(주)비지에프푸드,20200450031434,20241231,20250101
불고기,불고기,3XL만능고추장아찌불고기,즉석섭취식품,제조시간으로부터 48시간,,(주)비지에프푸드,20200450031348,20240108,20240110
돈까스,돈까스,3XL매콤돈까스,즉석섭취식품,제조시간으로부터 52시간,,(주)푸드플래닛,201503831781166,20241026,20251101
만두,만두,3XL물만두강정,즉석섭취식품,제조시간으로부터 52시간 까지,,(주)비지에프푸드,20200450031629,20251208,20260110
참치,참치,3XL스리라차참치마요,즉석섭취식품,제조시간으로부터 50시간 까지,,(주)비지에프푸드,20200450031587,20250929,20251001
참치,참치,3XL콘참치마요삼각,즉석섭취식품,제조시간으로부터 50시간 까지,,(주)비지에프푸드,20200450031546,20250722,20250724
스낵,스낵,4.5타임 뻥스낵,과자,제조일로부터 1년까지,,다솔푸드,200903558702,20091228,20170901
햄,햄,4.5호햄버거용빵,빵류,제조일로부터 15일(실온보관),,주식회사삼립,199503380154160,20110308,20250523
오징어,오징어,400g 오징어젓,양념젓갈,5개월,,(주)정성식품,20160333060198,20180807,20220909
어묵,어묵,40년 전통 부산 국제시장 모듬어묵탕,어묵,제조일로부터24개월,,주식회사 부산참식품,19730144010141,20230302,20230401
두부,두부,40년 전통 조춘자 할머니의 가마솥 손두부,두부,19일,,성원,201705200764,20171031,20220208
두부,두부,40년 전통 조춘자 할머니의 가마솥 순두부,두부,19일,,성원,201705200766,20171031,20220208
두부,두부,40년 전통 조춘자 할머니의 가마솥 흑두부,두부,19일,,성원,201705200765,20171031,20220208
배추,배추,40년전통 오대복 수제 배추김치,김치,제조일로부터 180일,,농업회사법인 주식회사 보감 남원지점,19960492181258,20230904,20240117
오이,오이,40년전통 오대복 오이소박이,김치,제조일로부터 90일,,농업회사법인 주식회사 보감 남원지점,19960492181262,20230904,20240117
된장,된장,40초큐브된장국 기본맛,즉석조리식품,제조일로부터12개월,,예천농산물가공협동조합,202208241414,20221018,20250322
된장,된장,40초큐브된장국 얼큰맛,즉석조리식품,12개월,해당없음.,예천농산물가공협동조합,2022082414110,20230313,20250322
두부,두부,40kcal 두부면,두류가공품,제조일부터 14개월,,(주)해청정,2023064826024,20260226,20260228
샌드위치,샌드위치,4242미트샌드위치소스,소스,제조일부터 8개월 (냉장보관),,(주)동원홈푸드,201904421492580,20250311,20250320
샌드위치,샌드위치,4242미트샌드위치소스,소스,제조일부터 8개월 (냉장보관),,(주)동원홈푸드,2002046107315672,20250311,20250314
샌드위치,샌드위치,4242바베큐샌드위치소스,소스,제조일부터 6개월 (냉장보관),,(주)동원홈푸드,2002046107315720,20250318,20250320
오징어,오징어,430chef 오징어볶음(매운맛),즉석조리식품,24개월,,영동씨푸드(주),20100333065631,20231127,20231128
오징어,오징어,430chef 오징어볶음(보통맛),즉석조리식품,24개월,,영동씨푸드(주),20100333065630,20231127,20231128
오징어,오징어,430chef 통오징어짬뽕,즉석조리식품,12개월,,영동씨푸드(주),20100333065621,20231015,20250416
고추|고추장,"고추,고추장",4323. 고추장불백소스,소스,제조일로부터 6개월까지,,(주)호반식품,201604150511534,20250901,20250902
오징어,오징어,4324. 오징어쭈꾸미소스,소스,제조일로부터 6개월까지,,(주)호반식품,201604150511533,20250901,20250902
된장,된장,4325. 된장찌개소스,소스,제조일로부터 6개월까지,,(주)호반식품,201604150511532,20250901,20250902
두부,두부,4327. 순두부양념파우더,복합조미식품,제조일로부터 12개월까지,,(주)호반식품,201604150511530,20250829,20250902
초콜릿,초콜릿,44단백바 두바이초콜릿,초콜릿가공품,제조일로부터 12개월까지,,(주)엄마사랑,200204150291184,20250114,20250115
고구마,고구마,45고구마앙금-c,조림류,제조일로부터 90일 까지,,(주)태산,19950555004232,20150701,20210129
딸기|잼,"딸기,잼",45도 과일잼 딸기,잼,제조일로부터 12개월,,주식회사 대상다이브스,20060464021293,20180910,20240511
블루베리,블루베리,45도 과일잼 블루베리,잼,제조일로부터 12개월,,주식회사 대상다이브스,20060464021294,20180910,20200229
사과|잼,"사과,잼",45도 과일잼 사과,잼,제조일로부터 12개월,,주식회사 대상다이브스,20060464021317,20190509,20210417
현미,현미,4가지 곡물로 균형 있게 지은 렌틸콩현미밥,즉석조리식품,12개월,,화심영농조합법인,20150461821260,20250624,20250802
버섯,버섯,4가지 버섯 가득 잡채,조림류,제조일로부터 5일,,도리깨침,20200280142942,20260514,20260529
햄,햄,4가지 햄이 풍성한 햄가득부대찌개,즉석조리식품,제조일로부터 12개월까지,,주식회사궁중,2001049808756,20240724,20240726
햄,햄,4가지 햄이 풍성한 햄가득부대찌개,즉석조리식품,제조일로부터 12개월까지,,참바다영어조합법인 멀티센터,20160500054296,20250224,20260523
오리,오리,4가지 향미유로 만든 숙성양념소스 오리지날,소스,제조일로부터 12개월,,빌카 주식회사,20130263001160,20250325,20250328
버섯,버섯,4가지맛 통째 바삭 표고버섯,과.채가공품,제조일로부터 24개월(실온),,(주)호재준,20170415060104,20260424,20260429
버섯,버섯,4가지맛 통째 바삭 표고버섯칩,과.채가공품,제조일로부터 24개월(실온),,(주)호재준,2017041506052,20240216,20250807
토마토,토마토,4가지치즈& 토마토스파게티,숙면,45일(냉장),,(주)피피이씨음성생면,19880445009586,20110819,20180801
귤,귤,4곡발효효소+감귤 SEI,효소식품,제조일로부터 2년,,큐어드 주식회사,20160311198125,20230404,20230411
고추,고추,4남매 발아고추씨 막장,한식된장,제조일로부터 1년,,황수연전통식품 영농조합법인,2007048709039,20151124,20240117
현미,현미,4남매 발아현미간장,한식간장,제조일로부터 1년,,황수연전통식품 영농조합법인,2007048709022,20110930,20240117
현미,현미,4남매 발아현미된장,한식된장,제조일로부터 1년,,황수연전통식품 영농조합법인,2007048709021,20110930,20240117
들기름,들기름,4남매 생들기름,들기름,제조일로부터 1년,,황수연전통식품 영농조합법인,2007048709012,20100428,20240117
깻잎,깻잎,4남매 양념깻잎장아찌,절임식품,제조일로부터 6개월,,황수연전통식품 영농조합법인,2007048709042,20151211,20240117
고구마,고구마,4남매고구마된장,한식된장,제조일로부터 1년,,황수연전통식품 영농조합법인,2007048709017,20100818,20240117
된장,된장,4남매된장찌개,즉석조리식품,제조일로부터 12개월,,황수연전통식품 영농조합법인,2007048709045,20181011,20240117
고추|고추장,"고추,고추장",4남매딸기고추장,고추장,제조일로부터 1년,,황수연전통식품 영농조합법인,2007048709028,20121115,20240117
고추|고추장,"고추,고추장",4남매마고추장,고추장,제조일로부터 1년,,황수연전통식품 영농조합법인,2007048709014,20100818,20240117
된장,된장,4남매마된장,한식된장,제조일로부터 1년,,황수연전통식품 영농조합법인,2007048709019,20100818,20240117
고추|멸치,"고추,멸치",4남매멸치볶음고추장,혼합장,12개월,,황수연전통식품 영농조합법인,2007048709032,20140308,20240117
들깨,들깨,4남매생들깨가루,기타가공품,제조일로부터 1년,,황수연전통식품 영농조합법인,2007048709011,20100420,20240117
된장,된장,4남매시골된장,한식된장,제조일로부터 1년,,황수연전통식품 영농조합법인,200704870903,20070404,20240117
들기름,들기름,4남매시골들기름,들기름,제조일로부터 1년,,황수연전통식품 영농조합법인,2007048709010,20100420,20240117
쌈장,쌈장,4남매시골쌈장,혼합장,제조일로부터 1년,,황수연전통식품 영농조합법인,200704870905,20070420,20240117
된장,된장,4남매시골진된장,한식된장,제조일로부터 1년,,황수연전통식품 영농조합법인,2007048709018,20100818,20240117
참기름,참기름,4남매시골참기름,참기름,제조일로부터 1년,,황수연전통식품 영농조합법인,200704870909,20100420,20240117
고추|고추장,"고추,고추장",4남매유기농고추장,고추장,제조일로부터 1년,,황수연전통식품 영농조합법인,2007048709026,20120127,20240117
된장,된장,4남매유기농된장,한식된장,제조일로부터 1년,,황수연전통식품 영농조합법인,2007048709025,20150611,20240117
된장,된장,4남매쥐눈이콩된장,한식된장,제조일로부터 1년,,황수연전통식품 영농조합법인,2007048709016,20100818,20240117
고추|고추장,"고추,고추장",4남매찹쌀고추장,고추장,제조일로부터 1년,,황수연전통식품 영농조합법인,2007048709013,20100818,20240117
버섯,버섯,4남매표고버섯볶음고추장,혼합장,12개월,,황수연전통식품 영농조합법인,2007048709031,20140308,20240117
한우,한우,4남매한우볶음고추장,혼합장,12개월,,황수연전통식품 영농조합법인,2007048709030,20140308,20240117
현미,현미,4남매현미된장,된장,12개월,,황수연전통식품 영농조합법인,2007048709029,20140308,20240117
햄,햄,4단햄치즈&크랩맛살샌드,즉석섭취식품,제조일로부터 72시간,,(주)우리델리카,201504432985,20151027,20220127
버터,버터,4도씨맥주 갈릭버터소스,소스,제조일로부터 6개월,,소스나라,20130285283258,20250114,20250125
토마토,토마토,4도씨맥주 토마토소스,소스,제조일로부터 12개월,,소스나라,20130285283257,20250114,20251212
김밥,김밥,4무백색김밥단무지,절임식품,3개월,,주식회사 일미농수산,19980257052749,20251105,20251113
그래놀라,그래놀라,4번 구워 더 바삭한 그래놀라바,과자,제조일로부터 1년 까지(실온보관),-,하늘식품,2016035505038,20241024,20250426
참깨,참깨,4번구워더바삭한 고단백김스낵(아몬드&참깨),조미김,16개월,,어업회사법인 명품김(주),20130471018191,20230601,20230725
스낵,스낵,4번구워더바삭한 고단백김스낵(치즈),조미김,16개월,,어업회사법인 명품김(주),20130471018190,20230601,20230725
스낵,스낵,4번구워더바삭한 고단백김스낵(플레인),조미김,16개월,,어업회사법인 명품김(주),20130471018189,20230601,20230725
현미,현미,4분 청춘누룽지 현미,곡류가공품,제조일로부터 1년,,제이식품,2011002541125,20180111,20190409
후추,후추,4색 후추 그라인더,천연향신료,48개월,,(주)신영에프에스,2019038785415,20210305,20210327
배추,배추,4색보감 유기농 양배추즙,과.채주스,제조일로부터 12개월,제조일로부터12개월,농업회사법인녹색식품(주),2013051213272,20210113,20240724
유부,유부,4색토핑유부초밥,즉석섭취식품,제조시간으로부터 43시간,,롯데평택CK 주식회사,199503062741795,20221207,20230328
유부,유부,4색토핑유부초밥,즉석섭취식품,제조시간으로부터 43시간,,롯데용인CK 주식회사,200003470522900,20221213,20230324
후추,후추,4색혼합후추&핑크솔트,가공소금,식품등의 표시기준에 의거 유통기한 표시대상이 아니므로 제조년월일 또는 수입시 지정된 유통기한을 표기식품등의 표시기준에 의거 제조년월일을 표시,,더 조은 푸드,2016035816140,20200305,20200306
후추,후추,4색혼합후추분말,천연향신료,제조일로부터 24개월(2년),,가보식품(주),20100332296585,20220831,20220902
라면,라면,4식단 짬뽕라면밥,즉석조리식품,제조일로부터 12개월까지,,(주)참미푸드,2013056801223,20150331,20180224
햄,햄,4인치햄버거번,빵류,제조일로부터 12개월까지,,(주)푸드코아,200402750571659,20260605,20260616
귀리,귀리,4일 발효 귀리쌀,곡류가공품,제조일로부터 18개월까지,,광복발효기술(주),20110494136117,20170411,20240509
현미,현미,4일 발효 찰현미,곡류가공품,제조일로부터 18개월까지,,광복발효기술(주),20110494136112,20170210,20240509
현미,현미,4일 발효 현미,곡류가공품,제조일로부터 18개월까지,,광복발효기술(주),20110494136111,20170210,20240528
현미,현미,4일 발효 현미,곡류가공품,제조일로부터 18개월까지,,광복발효기술(주),20110494136142,20190801,20240404
고등어,고등어,4짜 고등어,기타 수산물가공품,제조일로부터 12개월까지,,(주)등푸른식품,20000144393229,20230829,20230905
마늘|크림치즈,"마늘,크림치즈",4쪽 크림치즈마늘빵,빵류,제조일로부터 9개월,,주식회사 태웅푸드,20130368264331,20240605,20250114
마늘,마늘,4쪽마늘빵,빵류,9개월,,주식회사 태웅푸드,20130368264255,20200603,20250104
젤리,젤리,4R 유산균 워터젤리,과.채음료,제조일로 부터 24개월 까지,,주식회사 아인가,2022068308322,20230612,20240117
불고기,불고기,"5,980 불고기 샌드위치",즉석섭취식품,제조시간으로부터 76시간,,(주)신세계푸드오산공장,200203364252886,20260408,20260415
갈비,갈비,5.5닭갈비발효양념소스,소스,제조일로부터 3개월까지,,(주)에프비신영,2013027507473,20180403,20260111
갈비,갈비,5.5닭갈비전용 찰순대,즉석조리식품,제조일로부터 15일,,무궁화 식품,2008044002412,20130522,20260226
사탕,사탕,5.5미니롤솜사탕,캔디류,제조일로부터 18개월,해당없음,(주)예성에프앤비,2019006038645,20230831,20230905
나물,나물,5+6지리산산나물과립,기타 농산가공품,제조일로부터 2년,,산청기능성 콩 영농조합법인,20090622055110,20230119,20230127
나물,나물,5+7 산나물효소미음누룽지,곡류가공품,제조일로부터 1년,해당없음.,산청기능성 콩 영농조합법인,2009062205579,20200903,20200907
유부,유부,50% 당을 낮춘 새콤달콤 유부초밥,가공두부,제조일로부터 80일 (냉장보관 시),,(주)두솔,19890474008226,20250331,20250411
유부,유부,50% 당을 낮춘 유부초밥,가공두부,제조일로부터 6개월,,주)신미씨앤에프(차암),20110449023247,20220727,20220728
유부,유부,50%당을낮춘롤유부초밥,가공두부,제조일로부터 80일,,(주)두솔,19890474008240,20260211,20260325
라면,라면,500라면,유탕면,제조일로부터 6개월까지.,,삼양식품(주)원주공장,198803831271813,20190905,20230610
라면,라면,500라면 스프,복합조미식품,제조일로부터 10개월까지.,,삼양식품(주)원주공장,198803831271854,20191112,20230610
오리,오리,502커피로스터스 싱글오리진,커피,1년,1년,영농조합법인덕은,20160377262410,20220624,20220628
마늘,마늘,504시간의 힘 발효흑마늘액,액상차,제조일로부터 2년,,장구리협동조합,2018047040914,20200821,20250121
블루베리,블루베리,5050 블루베리 주스,과.채주스,제조일로부터 2년,2년,농업회사법인주식회사오마케팅,201605640526,20211012,20211019
배추,배추,5050브로콜리양배추즙,액상차,365일,,내장산 산약초마을영농조합법인,2014049020514,20150915,20240117
소금,소금,50년 소금장인 이종갑의 봉선화 미죽염,가공소금,5년,해당없음.,봉선화식품,2012036842430,20170714,20171229
소금,소금,50년 소금장인 이종갑의 봉선화 양치죽염,가공소금,제조일부터  5년,,봉선화식품,2012036842428,20170714,20170722
딸기,딸기,50도넛 딸기쉘,빵류,제조일로부터 9개월(냉동),,(주)195에프앤비,20100227415156,20250203,20250205
두부,두부,50주년 리얼프라이스 1974왕두부,두부,제조일로부터 30일,,소이미푸드(주),2014046605244,20210302,20210311
버터,버터,512 버터커피 깊고진한맛,커피,제조일로부터 9개월,,(주)삼양패키징광혜원공장,20070443110410,20190722,20210821
돼지고기,돼지고기,512김치돼지고기볶음소스,즉석조리식품,제조일부터 12개월,,(주)오래식품,199903683391857,20200203,20200313
쿠키,쿠키,516쿠키 말차,과자,제조일로부터 6개월,,소드락이,2025096294113,20260407,20260411
오리,오리,516쿠키 오리지널,과자,제조일로부터 6개월,,소드락이,2025096294111,20260112,20260122
참깨,참깨,518발효참기름(참깨분),참기름,제조일로부터 24개월,해당없음.,한들향기,2023070011915,20231016,20240117
한우,한우,518빛고을한우 사골고기곰탕,즉석조리식품,제조일로부터 10개월,,(주)후드원,200304451282573,20231023,20231025
한우,한우,518빛고을한우 사골곰탕,즉석조리식품,제조일로부터 10개월까지,,(주)후드원,200304451282572,20231023,20231025
오리,오리,51커피로스터스 싱글오리진 볶은커피,커피,제조일로부터 6개월,제조일로부터 6개월,51커피로스터스(51 COFFEE ROASTERS),202601542342,20260212,20260214
버터,버터,52market 클린프로틴바 피넛버터,기타가공품,제조일로부터 12개월,제조일로부터 12개월,(주)네이처인,20110050881230,20250814,20250905
된장,된장,53 된장찌개양념,소스,제조일로부터 9개월 까지,제조일로부터 9개월,맛&멋,2021032665224,20260313,20260324
갈비,갈비,536갈비양념,소스,제조일로부터6개월,,주식회사세명에프엔에프,20100154489911,20260126,20260127
갈비,갈비,53년 전통 종로 가마솥 할마이갈비탕,즉석조리식품,제조일로부터 12개월까지,제조일로부터 12개월까지,한담에프앤비,202306834674,20250217,20260512
새우,새우,55.5코코넛흰다리새우까스,기타 수산물가공품,제조일로부터 12개월까지,,(주)그린푸드,20000149041439,20190515,20210824
닭가슴살,닭가슴살,550 닭가슴살치즈덮밥,즉석조리식품,제조일로부터 12개월까지,,에이푸드 주식회사,20090445082703,20241121,20251115
두부,두부,550 두부제육덮밥,즉석조리식품,제조일로부터  12개월까지,,에이푸드 주식회사,20090445082704,20241122,20241126
두부,두부,550 들깨버섯두부밥,즉석조리식품,제조일로부터 12개월까지,,에이푸드 주식회사,20090445082702,20241121,20241122
오징어,오징어,550 제육오징어덮밥,즉석조리식품,제조일로부터 12개월까지,,에이푸드 주식회사,20090445082699,20241120,20241126
불고기,불고기,550 표고버섯소불고기덮밥,즉석조리식품,제조일로부터 12개월,,에이푸드 주식회사,20090445082697,20241119,20241122
불고기,불고기,550 해물소불고기덮밥,즉석조리식품,제조일로부터 12개월까지,,에이푸드 주식회사,20090445082698,20241120,20241121
브로콜리,브로콜리,55도 브로콜리새싹 과립,기타가공품,제조일로부터 24개월,,(주)나루아토,2024091100530,20250103,20250110
귤,귤,55CHU 금귤베이스,음료베이스,제조일로부터 12개월,,(주)삼진푸드,199104430292563,20240828,20240830
포도,포도,55CHU 청포도베이스,음료베이스,제조일로부터 12개월,,(주)삼진푸드,199104430292568,20240828,20240830
나물,나물,57산나물누룽지고추장샘,곡류가공품,제조일로부터 1년,,산청기능성 콩 영농조합법인,20090622055103,20210601,20210616
계란,계란,58계란빵,빵류,제조일로부터 6개월,,맘스케이크 주식회사,20170415083106,20230512,20250513
불고기,불고기,592 불고기소스,소스,6개월,,(주)유진푸드,20180452496175,20211028,20211030
파스타,파스타,5가지 고소한 치즈 치즈 파스타소스,소스,제조일부터 12개월 (실온보관),,(주)동원홈푸드,200204610736549,20140926,20190223
나물,나물,5가지 봄나물 세트,조림류,제조일로부터 5일,,도리깨침,20200280142930,20260304,20260310
어묵,어묵,5가지 야채 듬뿍 사각어묵,어묵,제조일로부터 12일까지,,(주)늘푸른바다,19960144406792,20210510,20220907
어묵,어묵,5가지 야채 듬뿍 사각어묵2,어묵,제조일로부터 24개월까지,,(주)늘푸른바다,19960144406880,20230503,20260328
새우,새우,5가지 야채듬뿍 새우볶음밥,즉석조리식품,제조일로부터 12개월까지,,농업회사법인 주식회사 한우물,200804930741073,20220208,20240117
부침가루,부침가루,5가지 재료로만 만든 메밀부침가루,곡류가공품,"제조일로부터 365일(12개월, 1년)",,씨제이제일제당(주),19960080359718,20161031,20211209
부침가루,부침가루,5가지 재료로만 만든 부침가루,곡류가공품,제조일로부터 12개월까지,12개월,씨제이제일제당(주),19960080359453,20121119,20210727
부침가루,부침가루,5가지 재료로만 만든 부침가루,곡류가공품,제조일로부터 12개월까지,,씨제이제일제당(주),20050614233621,20180314,20250716
튀김가루,튀김가루,5가지 재료로만 만든 튀김가루,곡류가공품,제조일로부터 12개월,,씨제이제일제당(주),20050614233406,20130405,20250730
나물,나물,5가지국산곡물로만든 5가지나물밥,즉석조리식품,제조일로부터 9개월까지.,,천일식품(주),199301993491212,20210323,20210421
버섯,버섯,5가지국산곡물로만든 5가지버섯밥,즉석조리식품,제조일로부터 9개월까지.,,천일식품(주),199301993491213,20210323,20210421
불고기,불고기,5가지국산곡물로만든 소불고기밥,즉석조리식품,제조일로부터 9개월까지,,천일식품(주),199301993491214,20210323,20210421
감자,감자,5가지모둠감자,즉석조리식품,제조일로부터 12개월 까지,,그린식품(주),19900364031593,20201215,20260201
파스타,파스타,5가지정통치즈크림파스타소스,소스,제조일부터 6개월 (실온보관),,(주)동원홈푸드,200204610737772,20160524,20161212
과자,과자,5곡 뚜부과자,과자,제조일로부터 6개월,,(주)쿠키아,201405066133,20161124,20231222
현미,현미,5곡현미누룽지스낵,곡류가공품,제조일로부터1년,,농업회사법인 유한회사 지리온,202004960541,20200408,20240117
소금,소금,5년묵은 구운소금,태움.용융소금,60개월,,(주)솔트팜,2007035554662,20201218,20201224
된장,된장,5년숙성전통된장,한식된장,제조일로부터 1년,,오래된미래,2020039401719,20200310,20250930
김밥,김밥,5무 백색 김밥단무지,절임식품,100일,,(주)으뜸농산,20040472026238,20140929,20170930
오이,오이,5無 생오이피클,절임식품,3개월,,두리푸드,20220515156101,20221014,20230225
김밥,김밥,5무(無) 김밥단무지,절임식품,제조일로부터 90일,-,(주)명인식품,2014036825083,20191224,20191227
블루베리,블루베리,5무(無) 블루베리무쌈,절임식품,제조일로부터 3개월,첨부,(주)명인식품,2014036825077,20191229,20250326
블루베리,블루베리,5무(無) 블루베리무피클,절임식품,제조일로부터 90일,-,(주)명인식품,2014036825074,20191224,20240711
오이,오이,5무(無) 생오이피클,절임식품,제조일로부터 3개월,-,(주)명인식품,2014036825076,20191230,20240711
김밥,김밥,5무(無)김밥단무지,절임식품,제조일로부터 3개월,,주식회사 일미농수산,19980257052568,20200722,20200725
김밥,김밥,5無(무)김밥단무지,절임식품,제조일로부터 3개월,,주식회사 일미농수산,19980257052562,20200617,20200724
오렌지,오렌지,5無(무)주스키즈100%유기농망고오렌지,과.채주스,제조일로부터 18개월,,(주)웰팜,20030445042671,20170518,20220621
포도,포도,5無(무)주스키즈유기농포도,과.채주스,18개월,,(주)웰팜,20030445042175,20090224,20220504
오이,오이,5배농축 오이냉국 육수,소스,제조일로부터 12개월,제조일로부터  12 개월까지(실온보관),평화에프앤비,20120443104623,20250903,20250905
잼,잼,5베리잼,잼,제조일로부터 2년,,농업회사법인 주식회사 자연저장소,202409432449,20241209,20250906
오리,오리,5분 떡볶이오리지날,기타가공품,제조일로부터12개월,,양양이네소스,20150449041149,20210908,20210914
짜장,짜장,5분 떡볶이짜장,기타가공품,제조일로부터 12개월,,양양이네소스,20150449041158,20210908,20210914
미역,미역,5분 사골 미역국,기타가공품,12개월,,(주)김앤김,2015020924552,20220509,20240123
고추장,고추장,5분고추장,기타장류,3개월,,지리산피아골식품 영농조합법인,2011051702538,20201123,20201127
현미,현미,5분도 현미가래떡,떡류,90일,,(주)삼정약선,2015028806031,20210627,20231122
현미,현미,5분도 현미누룽지,곡류가공품,1년,,누룽지나무,201802220651,20180214,20220324
현미,현미,5분도 현미누룽지(귀리),곡류가공품,1년,,누룽지나무,201802220652,20190304,20220324
감자,감자,5분도 현미누룽지(돼지감자),곡류가공품,1년,,누룽지나무,201802220654,20190304,20220324
현미,현미,5분도 현미누룽지(보리),곡류가공품,1년,,누룽지나무,201802220653,20190304,20220324
현미,현미,5분도 현미떡국떡,떡류,90일,,(주)삼정약선,2015028806030,20210627,20231122
현미,현미,5분도 현미떡볶이떡,떡류,90일,,(주)삼정약선,2015028806032,20210627,20231122
오리,오리,5분떡볶이오리지널맛,복합조미식품,제조일로부터 12개월,,양양이네소스,20150449041156,20210908,20210914
짜장,짜장,5분떡볶이짜장맛,복합조미식품,제조일로부터 18개월,,양양이네소스,20150449041155,20210908,20210914
낙지,낙지,5분전자렌지 낙지볶음밥,즉석조리식품,9개월,,천일식품(주),19930199349614,20131118,20190125
새우,새우,5분전자렌지 새우볶음밥,즉석조리식품,9개월,,천일식품(주),19930199349618,20131118,20180710
볶음밥,볶음밥,5분전자렌지 차슈볶음밥,즉석조리식품,9개월,,천일식품(주),19930199349617,20131118,20180710
참치,참치,5분전자렌지 참치김치볶음밥,즉석조리식품,9개월,,천일식품(주),19930199349615,20131118,20180710
볶음밥,볶음밥,5분전자렌지 치킨데리야키볶음밥,즉석조리식품,9개월,,천일식품(주),19930199349616,20131118,20180710
짜장,짜장,5분컷 짜장떡볶이스프,복합조미식품,제조일로부터 18개월,,한국에스비식품(주),196903640041927,20230302,20260201
나물,나물,5색나물,과.채가공품,제조일로부터 5일,,주식회사케이제이푸드(KJ Food),20210424124393,20230201,20230202
나물,나물,5색산채나물 비빔세트,조림류,제조일로부터 4일,,하반 반찬,2025024896345,20251219,20260110
만두,만두,5색야채&고기 물만두,만두,제조일로부터 12개월까지,,(주) 푸르온,19990461386589,20170517,20240511
두부,두부,5원 기부하는 두부,두부,20일(냉장보관요),,농업회사법인 (주)설악앤푸드,202205720509,20230323,20240615
두부,두부,5원 기부하는 두부,두부,20일(냉장보관요),,설악식품,2000039221579,20230510,20240605
두부,두부,5원 기부하는 두부 1,두부,15,,봄내식품,20050380698111,20220708,20230610
두부,두부,5원 기부하는 두부 2,두부,15,,봄내식품,20050380698112,20220708,20230610
두부,두부,5원 기부하는 맛있는 두부,두부,20일(냉장보관요),,농업회사법인 (주)설악앤푸드,2022057205010,20230327,20240615
두부,두부,5원 기부하는 맛있는 두부,두부,20일(냉장보관요),,설악식품,2000039221580,20230510,20240605
도토리묵,도토리묵,5원 기부하는 참인 도토리묵,묵류,제조일로부터30일,해당없음.,주식회사 청원농산,2006019934218,20231201,20231214
나물,나물,5종 나물 비빔 키트,조림류,제조일로부터 5일,,도리깨침,20200280142867,20250625,20250708
버섯,버섯,5종 버섯 고추장,혼합장,제조일로부터 12개월,,향적원,19970499022220,20230517,20240117
나물,나물,5종나물,과.채가공품,제조일로부터 5일,,주식회사찬장에프에스대전,20220321100636,20230322,20230324
나물,나물,5종나물,과.채가공품,제조일로부터 5일,,주식회사케이제이푸드(KJ Food),202104241242,20211217,20230314
나물,나물,5종나물 현미밥,즉석조리식품,제조일로 부터 9개월,,(주)다솜푸드,201603633234,20170118,20170126
버섯,버섯,5종버섯혼합분말,기타가공품,제조일로부터 24개월까지,,(주)더원네이처,201703720401065,20240807,20240808
버섯,버섯,5종혼합버섯분말,기타가공품,제조일로부터 24개월,,상아생명과학주식회사,20190391466128,20241120,20241123
나물,나물,5플러스8산나물효소누룽지,곡류가공품,제조일로부터1년,,산청기능성 콩 영농조합법인,2009062205569,20191022,20191115
초콜릿,초콜릿,5호2단초콜릿케익,빵류,15일,,씨제이푸드빌주식회사,19970445144173,20000110,20231102
우엉,우엉,5cm우엉채,기타 농산가공품,제조일로부터 12일까지,,초록들코리아주식회사,2004016889224,20160723,20191212
바나나,바나나,5K 오트밀 바나나,곡류가공품,18개월,18개월,찬슬,2003060721590,20150728,20221125
소고기,소고기,5K PRICE 소고기라면,유탕면,제조일로부터 6개월 까지,,(주)하림산업 함열식품 2공장,20200491534195,20260610,20260612
갈비,갈비,5K-춘천식닭갈비소스,소스,8개월 / 냉장,,(주)시아스,200504150205189,20260202,20260203
핫도그,핫도그,5K프라이스 바삭크런치핫도그,빵류,제조일부터      12  개월 까지,,(주)우양 서천공장,20210475029293,20260527,20260529
멸치,멸치,5k프라이스멸치맛쌀국수,건면,제조일로부터 18개월,해당사항 없음,농업회사법인 (주)백제,20130473042293,20250801,20250804
고구마,고구마,5mix브런치샐러드 리코타고구마,즉석섭취식품,"냉장, 30일",,(주)시아스,200504150204273,20210903,20220211
베이컨,베이컨,5mix브런치샐러드에그베이컨포테이토,즉석섭취식품,"냉장, 30일",,(주)시아스,200504150204275,20210903,20220211
두부,두부,5V 두부함박스테이크,즉석조리식품,제조일로부터 12개월까지(냉동보관),,메디쏠라 연구소 키친,20160116016412,20240215,20241001
불고기,불고기,5V 소불고기,즉석조리식품,제조일로부터 12개월까지(냉동보관),,메디쏠라 연구소 키친,20160116016413,20240215,20241001
사과,사과,600고지 사과쨈,잼,제조일부터 12개월,,춘천농가공협동조합,20200399247124,20220928,20230610
어묵,어묵,60계 꼬치어묵탕,어묵,제조일로부터 1년 (-18℃ 이하 냉동보관),,대인에프앤씨 주식회사,19660202002139,20241205,20241215
마요네즈,마요네즈,60계 마요네즈,마요네즈,8개월,,(주)시아스,200504150202174,20160125,20220815
소금,소금,60계 맛소금,복합조미식품,제조일로부터 24개월,,(주)태산종합상사,2005033212823,20250422,20250423
젤리,젤리,60계 어흥젤리,캔디류,제조일로부터1년,,국제제과(주),20010415034702,20210909,20210910
어묵,어묵,60계용 볼어묵,어묵,제조일부터 1년,,(주)사조대림,19880311002512,20240910,20240927
청양고추,청양고추,60계청양고추마요소스,소스,제조일부터 8개월 (냉장보관),,(주)동원홈푸드,201904421491365,20230109,20240723
청양고추,청양고추,60계청양고추마요소스,소스,제조일부터 8개월 (냉장보관),,(주)동원홈푸드,2002046107313487,20230105,20240723
고추장,고추장,60년 손맛 찹쌀 고추장,고추장,제조일로부터 12개월,,두원식품,201804887829,20190228,20240117
고구마,고구마,60년매콤한고구마순대,즉석조리식품,12개월,,농업회사법인 주식회사 돈덕,2014038316058,20251204,20251206
두부,두부,60두부,두부,제조일로부터 30일,,소이미푸드(주),2014046605226,20190522,20250819
버섯,버섯,60억 꽃송이버섯,과.채가공품,,2년,주식회사 기운찬,2014044902739,20230105,20230107
버섯,버섯,60억 꽃송이버섯 효소분말,곡류가공품,제조일로부터 2년,,(주)나노셀,20200532077137,20230404,20230408
연어,연어,63프라임 연어스테이크,기타 수산물가공품,제조일로부터 2년,,우영수산주식회사,20050144621491,20240312,20240321
연어,연어,63프라임 훈제연어,기타 수산물가공품,제조일로부터 2년,,우영수산주식회사,20050144621430,20230221,20230222
연어,연어,63프리미엄 훈제연어,기타 수산물가공품,제조일로부터 24개월까지(냉동보관),-,씨후레쉬(주),2011027501560,20250807,20250808
연어,연어,63프리미엄 훈제연어,기타 수산물가공품,제조일로부터 2년,,우영수산주식회사,20050144621505,20240806,20250916
돈까스,돈까스,63호(돈까스카레덮밥),즉석섭취식품,제조일부터 8시간,제조일부터 8시간,주식회사 꿈해비타트,2012046110863,20170427,20170507
핫도그,핫도그,666버거 브리오슈핫도그번,빵류,제조일로부터 6개월,,(주)유로베이크,20150347299920,20230511,20230523
고추장,고추장,678고추장찌개소스,소스,제조일로부터 6개월(냉장),,(주)산마을,19930439009288,20111212,20171218
꿀,꿀,678꿀닭강정소스,소스,제조일로부터 6개월까지,,(주)에프앤에스식품,2021035217835,20210515,20210521
마늘,마늘,678마늘토핑소스,소스,제조일로부터 6개월까지,,(주)에프앤에스식품,2021035217839,20210517,20210525
불고기,불고기,678불고기간장소스,소스,제조일로부터 6개월까지,,(주)에프앤에스식품,2021035217837,20210517,20210525
어묵,어묵,678어묵소스,소스,제조일로부터 6개월까지,,(주)에프앤에스식품,202103521781223,20231103,20231123
불고기,불고기,68 불고기 피자,빵류,제조일로부터 12개월까지,,(주)한맥홈푸드,2019039114196,20251128,20251202
두부,두부,6가지 채소 포두부 롤 키트,간편조리세트,제조일로부터 5일,,도리깨침,20200280142943,20260514,20260519
버터,버터,6곡단팥빵_앙버터,빵류,제조일로부터 3일까지,,실크테라 2공장,2025091081954,20250918,20250923
크림치즈,크림치즈,6곡단팥빵_크림치즈,빵류,제조일로부터 3일까지,,실크테라 2공장,2025091081953,20250918,20250923
요거트,요거트,6곡요(쌀누룩 발효 비건 요거트),기타 농산가공품,제조일로부터 냉동 6개월,,여룩,202607910511,20260218,20260417
젤리,젤리,6년근 고려홍삼 젤리 스틱,기타가공품,제조일로부터 36개월,,천이고려홍삼EG,2019047318066,20250425,20250430
젤리,젤리,6년근 고려홍삼정 데일리 젤리스틱,기타가공품,제조일로부터 2년까지,,주식회사동진제약,20010467001411,20231227,20260113
젤리,젤리,6년근 고려홍삼정 데일리 젤리스틱,혼합음료,제조일로부터 2년까지,,동진바이오농업회사법인(주),2019047315554,20210329,20221028
젤리,젤리,6년근 고려홍삼정 데일리 젤리스틱,기타가공품,제조일로부터 2년까지,,주식회사동진제약,20010467001412,20240105,20240110
젤리,젤리,6년근 고려홍삼젤리,캔디류,제조일로부터 실온 2년,,명성제과,1993037205860,20080416,20170901
젤리,젤리,6년근 굿데이 홍삼정 젤리스틱,캔디류,제조일로부터 24개월,,(주)휴온스엔,20190473161163,20211115,20211118
식초,식초,6년근 도라지식초,발효식초,3년,3년,주식회사 태평농원,2006052311418,20160412,20160905
마늘,마늘,6년근 홍삼 흑마늘 블랙골드 프리미엄,인삼.홍삼음료,제조일로부터 2년까지,,농업회사법인(주)글로벌금산진생,20190473163223,20241125,20241128
스낵,스낵,6년근 홍삼김스낵,조미김,제조일로부터 12개월,,어업회사법인 명품김(주),2013047101831,20160615,20160706
젤리,젤리,6년근 홍삼젤리,캔디류,제조일로부터 2년,,산포농연,1999029414636,20220817,20260106
젤리,젤리,6년근 홍삼젤리,캔디류,제조일로부터 24개월,,일광제과,19700144004703,20241217,20241218
버섯,버섯,6년근고려홍삼상황버섯,인삼.홍삼음료,2년,,태웅식품(주),19890445014371,20071129,20170120
젤리,젤리,6년근고려홍삼정콜라겐젤리스틱,기타가공품,3년,3년,인삼코리아,2004046715440,20221207,20221210
마늘,마늘,6년근고려홍삼흑마늘,인삼.홍삼음료,2년,,태웅식품(주),19890445014370,20071129,20170120
꿀,꿀,6년근꿀홍삼절편,당절임,제조일로부터 36개월,,주식회사 성윤에프엔지(F&G),20040467071102,20181116,20181120
버섯,버섯,6년근진홍삼상황버섯,액상차,3년,,태웅식품(주),19890445014319,20060821,20170120
젤리,젤리,6년근홍삼구미젤리,캔디류,제조일로부터 12개월,,서주푸드(주)2공장,20170484590120,20191010,20240117
꿀,꿀,6년근홍삼꿀단지,액상차,24개월,,향토농산홍삼사업부,20060467265110,20141024,20160706
꿀,꿀,6년근홍삼로열젤리꿀스틱,인삼.홍삼음료,제조일로부터24개월,,삼성바이오헬스케어(주),20030347111247,20200128,20200129
버섯,버섯,6년근홍삼상황버섯,액상차,3년,,태웅식품(주),19890445014316,20060821,20170120
꿀,꿀,6년근홍삼이든꿀보감,기타가공품,제조일로부터 24개월 까지,,고려인삼과학(주),19980355336289,20110728,20160706
젤리,젤리,6년근홍삼젤리,캔디류,제조일로부터 18개월,,달곰씨앤에프,2014035624186,20170118,20260508
젤리,젤리,6년근홍삼젤리,캔디류,"제조일부터730일 (24개월,2년)",해당없음,다산식품,2008027513792,20200114,20200122
젤리,젤리,6년근홍삼젤리 II,캔디류,제조일로부터 24개월,,달곰씨앤에프,2014035624188,20170118,20231025
마늘,마늘,6년근홍삼흑마늘정스틱,인삼.홍삼음료,제조일로부터24개월,,삼성바이오헬스케어(주),20030347111257,20200508,20200512
마늘,마늘,6년근홍삼흑마늘진액,액상차,제조일로부터 36개월,,고려제원삼,20130467045101,20220221,20220225
마늘,마늘,6년근홍삼흑마늘진액,인삼.홍삼음료,제조일로부터 24개월,,고려인삼주식회사,2008038390458,20090828,20230610
포도,포도,6년숙성 자연발효 포도와인식초,발효식초,제조일로부터 36개월(실온),,주식회사넥스팜,2003044900222,20100212,20201218
오리,오리,6무유황오리용씨즈닝,복합조미식품,12개월,,주식회사아시푸드,2018045622285,20190322,20190325
사과,사과,6번 샤워한 뽀드득 사과주스,과.채주스,제조일로부터 1년,,장수군농산물종합가공센터,201104970317,20170725,20240117
나물,나물,6색나물,조림류,제조일보부터 5일,냉장보관 5일,농업회사법인 산들래 주식회사,20100528066109,20210222,20210225
고구마,고구마,6인치고구마시카고피자,빵류,제조일로부터 12개월,,(주)지지푸드,20080294280504,20260305,20260319
마늘,마늘,6쪽 마늘 자염,가공소금,제조일로부터 2년,,도다테크,2021057417722,20260228,20260304
마늘,마늘,6쪽마늘빵,빵류,9개월,,주식회사 태웅푸드,20130368264254,20200603,20250104
요거트,요거트,6초 완전한끼 바나나 요거트 맛,기타가공품,제조일로부터 2년,,다원바이오,20150182104824,20210813,20210818
닭가슴살,닭가슴살,6초닭가슴살소스,소스,"냉장, 6개월",,(주)시아스,200504150203640,20200107,20200108
된장,된장,6형제 고향 된장,된장,,1년,삼상식품공업,1991062507510,20181112,20181115
소금,소금,6형제 맛핌 요리소금,재제소금(재제조소금),5년,5년,6형제소금 팩토리,2014053105114,20250214,20250215
소금,소금,6형제 맛핌 함초소금,가공소금,5년,5년,6형제소금 팩토리,201405310515,20191218,20191219
블루베리,블루베리,6형제 블루베리소금,가공소금,제조일로부터 2년,,6형제소금 팩토리,201405310513,20150127,20160706
고추장,고추장,6형제 순창매실고추장,고추장,1년 6개월(18개월),,(주)기픈샘,19980499028121,20180823,20240117
소금,소금,6형제 아로니아소금,가공소금,제조일로부터 5년,제조일로부터 5년,6형제소금 팩토리,201405310512,20140915,20160706
소금,소금,6형제 함초소금,가공소금,제조일로부터 3년,,6형제소금 팩토리,201405310511,20140725,20200708
소금,소금,6형제 해양심층수 함초소금,가공소금,5년,,6형제소금 팩토리,2014053105113,20240920,20240927
블루베리,블루베리,6형제블루베리고추장,고추장,1년6개월(18개월),,(주)기픈샘,19980499028155,20201119,20240117
고구마,고구마,6PM 단백질쉐이크 고구마맛,기타가공품,제조일로부터24개월,,진명뉴트리션,20080188175407,20210924,20211002
버터,버터,7-SELECT 버터쿠키,과자,제조일로부터 12개월,,주식회사 신흥제과,19950464070185,20180320,20250415
복숭아,복숭아,7-SELECT 복숭아아이스티,혼합음료,24개월,,태웅식품(주),198904450141090,20250123,20250514
버터,버터,700허니버터맛시즈닝,복합조미식품,제조일로부터1년(실온),,태원식품산업(주),198503110014815,20150206,20160706
토마토,토마토,72시간 발효 병아리콩 토마토 사워도우 깜빠뉴,빵류,제조일로부터 7일,,(주)본비반트,200603680761116,20260310,20260314
토마토,토마토,72시간 발효 병아리콩 토마토 사워도우 슬랩,빵류,제조일로부터 7일,,(주)본비반트,200603680761115,20260310,20260314
버터,버터,72시간 발효 저당 버터 사워도우 깜빠뉴,빵류,제조일로부터 7일,,(주)본비반트,20060368076985,20251030,20251116
버터,버터,72시간 발효 저당 버터 사워도우 깜빠뉴 하프,빵류,제조일로부터 7일,,(주)본비반트,200603680761033,20251112,20251123
버터,버터,72시간 발효 저당 버터 사워도우 슬랩,빵류,제조일로부터 7일,,(주)본비반트,200603680761015,20251111,20251113
버터,버터,72시간 발효 저당 버터 사워도우 슬랩 하프,빵류,제조일로부터 7일,,(주)본비반트,200603680761032,20251112,20251121
크림치즈,크림치즈,72시간 발효 저당 크림치즈 버터 사워도우 깜빠뉴,빵류,제조일로부터 12개월,상기 소비기한과 동일,(주)본비반트,200603680761151,20260529,20260617
토마토,토마토,72시간 발효 저당 토마토 푸가스,빵류,제조일로부터 7일,,(주)본비반트,200603680761017,20251112,20251119
크림치즈,크림치즈,72시간 발효 초코 카카오 크림치즈 깜빠뉴,빵류,제조일로부터 12개월,,(주)본비반트,200603680761114,20260310,20260320
포도,포도,72시간 발효종 건포도 브리오슈 식빵,빵류,제조일로부터 12개월,상기 소비기한과 동일,(주)본비반트,200603680761085,20260310,20260326
오렌지,오렌지,72시간 발효종 오렌지 화이트초코 브리오슈 식빵,빵류,제조일로부터 12개월,상기 소비기한과 동일,(주)본비반트,200603680761083,20260211,20260213
버터,버터,72시간 저당 버터 사워도우 슬랩,빵류,제조일로부터 7일,,(주)본비반트,20060368076978,20250922,20251016
버터,버터,72시간 저당 버터 사워도우 슬랩 하프,빵류,제조일로부터 7일,,(주)본비반트,200603680761058,20260107,20260111
버터,버터,72시간 저당 버터 사워도우 슬랩1,빵류,제조일로부터 12개월,,(주)본비반트,200603680761048,20251204,20251212
토마토,토마토,72시간 저당 토마토 푸가스,빵류,제조일로부터 7일,,(주)본비반트,20060368076980,20250922,20251116
토마토,토마토,72시간 저당 토마토 푸가스1,빵류,제조일로부터 12개월,,(주)본비반트,200603680761036,20251119,20251125
한우,한우,72시간 한우곰탕,즉석조리식품,제조일로부터 6개월까지,,주식회사 농업회사법인 포프리,202207390432,20220503,20230308
꿀,꿀,75% 프리미엄 꿀유자차,액상차,제조일로부터 24개월,,녹차원(주),20160518117106,20230223,20230413
꿀,꿀,75% 프리미엄 꿀유자차,액상차,제조일로부터 24개월,,녹차원 주식회사,20130372378207,20241021,20241023
참깨,참깨,776 참깨소스,소스,제조일로부터 12개월까지,,주식회사 바로에프에스,20150149277125,20190401,20240627
된장,된장,79 고기된장술밥 베이스,즉석조리식품,12개월,,에프와이지주식회사 괴산공장지점,20170433732624,20251016,20260122
딸기,딸기,797 딸기맛,리큐르,병입년월일만 기재,,농업회사법인 대한주조 주식회사,2013001705542,20240613,20240613
복숭아,복숭아,797 복숭아맛,리큐르,병입년월일만 기재,,농업회사법인 대한주조 주식회사,2013001705544,20240613,20240613
블루베리,블루베리,797 블루베리맛,리큐르,병입년월일만 기재,,농업회사법인 대한주조 주식회사,2013001705545,20240613,20240613
사과,사과,797 사과맛,리큐르,병입년월일만 기재,,농업회사법인 대한주조 주식회사,2013001705546,20240613,20240613
포도,포도,797 청포도맛,리큐르,병입년월일만 기재,,농업회사법인 대한주조 주식회사,2013001705547,20240613,20240613
돈까스,돈까스,79김치돈까스전골,즉석조리식품,제조일로부터 12개월,,솜씨협동조합,20180348238639,20250808,20260309
어묵,어묵,79꼬치어묵,어묵,24개월,,(주)효성어묵,19820144026591,20231206,20251011
감자,감자,79냉동감자채전,기타가공품,제조일로부터12개월,,(주)탑프레시,20160355186202,20250425,20250430
불고기,불고기,79대포석쇠불고기소스,소스,제조일로부터 6개월까지,,(주)호반식품,20160415051814,20220318,20220322
돈까스,돈까스,79돈까스 김치전골,즉석조리식품,제조일로부터 9개월,,주식회사 에쓰와이푸드,20120368050275,20240703,20240712
된장,된장,79된장술밥,간편조리세트,제조일로부터 12개월,,솜씨협동조합,20180348238640,20250811,20250813
들기름,들기름,79들기름소스,소스,제조일로부터 6개월까지,,(주)호반식품,201604150511605,20260107,20260109
잼,잼,79망고소프트잼,잼,제조일로부터 1년,,주식회사 자미원,2009039810083,20200331,20230610
블루베리,블루베리,79블루베리청,음료베이스,제조일로 부터 12개월,,(주)누리지에프에스,20200363209161,20230427,20240911
두부|순두부,"두부,순두부",79순두부찌개소스,소스,제조일로부터 6개월까지,,(주)호반식품,20160415051589,20201021,20201023
양파,양파,79양파절임,절임식품,제조일로부터 60일까지,,농업회사법인(주)승화푸드,200700565442396,20250826,20250828
어묵,어묵,79어묵탕분말,복합조미식품,제조일로부터 12개월까지,,(주)호반식품,201604150511597,20251216,20251217
만두,만두,79왕교자만두,만두,제조일로부터 9개월,,(주)엄지식품,20010493358914,20200225,20240117
시리얼,시리얼,79콘시리얼바,과자,12개월,별첨,(주)씨알푸드,20080435169222,20200211,20250911
요구르트,요구르트,79콘요구르트바,과자,12개월,별첨,(주)씨알푸드,20080435169223,20210125,20250911
유부,유부,7가지 국산 채소 플레이크가 솔솔 유부초밥,가공두부,80일,,우천식품,1991037209282,20210327,20260224
감자,감자,7가지 모듬감자,서류가공품,제조일로부터 12개월,,(주)더원에스에프,2022047840928,20230518,20250416
어묵,어묵,7가지 모듬어묵,어묵,제조일로부터 24개월까지,,삼진식품(주),20110144370476,20230509,20251113
만두,만두,7가지 신선야채 우리밀 포자찜만두,만두,제조일로부터 12개월 까지,,(주)지엠에프,19950492079481,20170314,20240222
토마토,토마토,7가지 신선한 야채 토마토파스타소스,소스,제조일부터 12개월 (실온보관),,(주)동원홈푸드,200204610736552,20140926,20161212
볶음밥,볶음밥,7가지 야채와 깍두기볶음밥,즉석조리식품,제조일로부터 9개월,,농업회사법인 주식회사 한우물,2008049307428,20100715,20240117
김자반,김자반,7가지 채소&볶은돌김자반(초사리),조미김,제조일로부터 12개월,,(주)자연드림바이오식품 김공방,2017044402541,20230413,20230512
라면,라면,7가지 채소가득 우리밀라면,유탕면,제조일로부터 6개월,,(주)새롬식품(완주공장),19960494020427,20160628,20240117
닭가슴살,닭가슴살,7가지야채와닭가슴살볶음밥,즉석조리식품,제조일로부터 9개월,,농업회사법인 주식회사 한우물,200804930742,20100907,20240117
라면,라면,7가지채소가득우리밀라면 건더기스프,기타가공품,제조일로부터 12개월,,(주)새롬식품(완주공장),19960494020428,20160628,20240117
불고기,불고기,7가지채소불고기비빔밥,즉석조리식품,제조일로부터 9개월까지,,천일식품(주),199301993491006,20180221,20180710
과자,과자,7곡딸기롤과자,과자,제조일로부터 12개월까지,,(주)개미식품,19720275004136,20170915,20251206
버섯,버섯,7곡제면소 버섯들깨탕,즉석조리식품,제조일로부터 12개월,,(주)교동식품,19970440082241,20240924,20241227
버섯,버섯,7곡제면소 버섯들깨탕,즉석조리식품,제조일로부터 12개월,,(주)교동식품 제4공장,20190447031182,20240924,20241227
짜장,짜장,7곡제면소 짜장소스,즉석조리식품,제조일로부터 12개월,,(주)교동식품 제4공장,20190447031184,20240924,20251028
꿀,꿀,7공주 어니언 꿀호떡,빵류,제조일로부터 12개월,해당없음,(주)재연에프앤비,2020046426246,20221017,20230823
귤,귤,7드랍스 감귤 (전량수출용 12%),기타 주류,제조일로부터 10 년,,고려원 주식회사 농업회사법인,20200016222197,20231025,20240412
귤,귤,7드랍스 감귤 12% (전량수출용),기타 주류,,제조일로부터 10년,네이처리카 농업법인(주),2022002043842,20220831,20220831
복숭아,복숭아,7드랍스 복숭아 (전량수출용 12%),기타 주류,제조일로부터 10년,,고려원 주식회사 농업회사법인,20200016222199,20231025,20240802
복숭아,복숭아,7드랍스 복숭아 12% (전량수출용),기타 주류,,제조일로부터 10년,네이처리카 농업법인(주),2022002043810,20220425,20220425
블루베리,블루베리,7드랍스 블루베리 (전량수출용 12%),기타 주류,제조일로부터 10년,,고려원 주식회사 농업회사법인,20200016222205,20231030,20240801
사과,사과,7드랍스 사과 (전량수출용 12%),기타 주류,제조일로부터 10년,,고려원 주식회사 농업회사법인,20200016222192,20231024,20240412
사과,사과,7드랍스 사과 12% (전량수출용),기타 주류,,제조일로부터 10년,네이처리카 농업법인(주),2022002043880,20230607,20230607
수박,수박,7드랍스 수박 (전량수출용 12%),기타 주류,제조일로부터 10 년,,고려원 주식회사 농업회사법인,20200016222196,20231024,20240801
수박,수박,7드랍스 수박 12% (전량수출용),기타 주류,,제조일로부터 10년,네이처리카 농업법인(주),2022002043879,20230607,20230607
오리,오리,7드랍스 오리지날 후레쉬 (전량 수출용 16%),기타 주류,제조일로부터 10년,,고려원 주식회사 농업회사법인,20200016222201,20231026,20240802
요구르트,요구르트,7드랍스 요구르트 ( 전량수출용 12%),기타 주류,제조일로부터 10 년,,고려원 주식회사 농업회사법인,20200016222193,20231024,20240412
요구르트,요구르트,7드랍스 요구르트 12% (전량수출용),기타 주류,,제조일로부터 10년,네이처리카 농업법인(주),2022002043845,20220831,20220831
포도,포도,7드랍스 청포도 (전량수출용 12%),기타 주류,제조일로부터 10년,,고려원 주식회사 농업회사법인,20200016222198,20231025,20240802
포도,포도,7드랍스 청포도 12% (전량수출용),기타 주류,,제조일로부터 10년,네이처리카 농업법인(주),2022002043811,20220425,20220425
김밥,김밥,7미든든김밥,즉석섭취식품,제조시부터 72 시간,,(주)대정,20190545009908,20251104,20260323
김밥,김밥,7미든든김밥,즉석섭취식품,제조시간으로부터 50시간,,(주)영진데리카후레쉬,200303641181748,20251031,20260401
다시마,다시마,7번 다시마튀각,기타 수산물가공품,제조일로부터 1년,,유한회사 7번상회,2023022623078,20230318,20230323
불고기|고추장,"불고기,고추장",7번가고추장불고기소스,소스,6개월,,(주)뫼루니식품,19980208183860,20230309,20250426
감자,감자,7번가피자 감자샐러드,즉석섭취식품,제조일부터 60일 (냉장보관),,(주)동원홈푸드,2002046107312737,20211130,20211201
고구마,고구마,7번가피자 고구마무스,서류가공품,제조일부터 2개월 (냉장보관),,(주)동원홈푸드,2002046107312713,20211126,20211201
마요네즈,마요네즈,7번가피자 마요네즈,마요네즈,8개월,,대상(주)기흥공장,19800347002695,20251119,20251125
드레싱,드레싱,7번가피자 머스타드피클드레싱,소스,제조일부터 6개월 (냉장보관),,(주)동원홈푸드,20190442149960,20211130,20211202
크림치즈,크림치즈,7번가피자 프리미엄 크림치즈볼,기타가공품,냉동-6개월,,농업회사법인 주식회사 얌푸드,2020032432616,20230516,20230609
요거트,요거트,7번가피자 홀스레디쉬요거트소스,소스,제조일부터 6개월 (냉장보관),,(주)동원홈푸드,20190442149951,20211125,20211126
요거트,요거트,7번가피자 홀스레디쉬요거트소스,소스,제조일부터 6개월 (냉장보관),,(주)동원홈푸드,2002046107312728,20211125,20211127
요거트,요거트,7번가피자홀스레디쉬요거트소스,소스,제조일로부터 4개월,,태원식품산업(주),1985031100110482,20210311,20210319
시래기,시래기,7보해초(꼬시래기),기타 수산물가공품,제조일로부토 1년,,(주)진현,2015060760947,20190506,20200924
미역,미역,"7보해초(미역,다시마)",기타 수산물가공품,제조일로부터 1년,,(주)진현,2015060760946,20190502,20200924
미역,미역,7보해초(미역줄기 샐러드),기타 수산물가공품,,해당없음.,(주)진현,2015060760949,20190531,20190604
전복,전복,7분 전복죽,즉석조리식품,제조일로부터 12개월,,(주)만나푸드,2018026951378,20220502,20220629
볶음밥,볶음밥,7선 양주식볶음밥,즉석조리식품,제조일로부터 12개월까지,,농업회사법인 주식회사 한우물,200804930741505,20241018,20241025
라면,라면,7세이버라면,즉석조리식품,제조일로부터 12개월,,주식회사 나드리,20160188178378,20250304,20251017
라면,라면,7세이버라면할랄,즉석조리식품,제조일로부터 12개월,,주식회사 나드리,20160188178392,20250826,20250906
현미,현미,7일 현미쌀과자,과자,제조일로부터 12개월까지,제조일로부터 12개월까지,맘스쌀과자,20090139094156,20241217,20241220
양파,양파,7일 현미쌀과자(양파맛),과자,제조일로부터 12개월까지,제조일로부터 12개월까지,맘스쌀과자,20090139094157,20241217,20241220
토마토,토마토,7일건강꿀토마토즙,액상차,제조일로부터 2년,,하동농산물가공영농조합법인,20180614164304,20230612,20230621
나물,나물,7종 나물(비빔밥용)+고추장,과.채가공품,제조일로부터 5일,,주식회사케이제이푸드(KJ Food),20210424124375,20220725,20230817
버섯,버섯,7종약용버섯균사체발효식초,발효식초,제조일로부터 5년,해당없음.,(주)이뮤니카코리아,202305110932,20230115,20230128
귤,귤,7Days 곤약젤리 감귤,캔디류,제조일로부터 12개월,별첨,주식회사 도투락,20130555108323,20240130,20240220
젤리,젤리,7Days 곤약젤리 리치,캔디류,제조일부터 12개월,별첨,주식회사 도투락,20130555108324,20240130,20240209
포도,포도,7Days 곤약젤리 청포도,캔디류,제조일부터 12개월,별첨,주식회사 도투락,20130555108325,20240130,20240209
사과|젤리,"사과,젤리",7Days 곤약젤리 풋사과,캔디류,제조일부터 12개월,별첨,주식회사 도투락,20130555108326,20240130,20240209
복숭아,복숭아,"7days 제로 곤약젤리, 복숭아맛",캔디류,제조일로부터 12개월까지,,(주)자임에프앤비,20140368660383,20240503,20260516
젤리,젤리,"7days 제로 곤약젤리, 자두맛",캔디류,제조일로부터 12개월까지,,(주)자임에프앤비,20140368660439,20240909,20260516
포도,포도,"7days 제로 곤약젤리, 청포도맛",캔디류,제조일로부터 12개월까지,,(주)자임에프앤비,20140368660384,20240503,20260516
어묵,어묵,80% 네모어묵,어묵,제조일로부터 45일,,(주)대광에프앤씨,19990144396309,20230412,20230413
오렌지,오렌지,800바 저당 오렌지,빙과,해당없음,,(주)삼우냉동,2005048133642,20250407,20250517
포도,포도,800바 저당 청포도,빙과,해당없음,,(주)삼우냉동,2005048133643,20250407,20250517
꿀,꿀,80겹 페스츄리 꿀약과,과자,제조일로부터 12개월,,소미한과,2016035539611,20250718,20250719
오리,오리,80도씨 과테말라 싱글오리진 드립백 커피,커피,제조일로부터 2년,,(주)커피하람,20220476230140,20250709,20250711
오리,오리,80도씨 에티오피아 예가체프 싱글오리진 드립백 커피,커피,제조일로부터 2년,,(주)커피하람,20220476230137,20250709,20250711
오리,오리,80도씨 케냐 싱글오리진 드립백 커피,커피,제조일로부터 2년,,(주)커피하람,20220476230138,20250709,20250711
오리,오리,80도씨 콜롬비아 싱글오리진 드립백 커피,커피,제조일로부터 2년,,(주)커피하람,20220476230139,20250709,20250711
물엿,물엿,80물엿,물엿,제조일로부터 2년,,(주)쎄레스,19850368057147,20260206,20260212
고구마,고구마,80kcal 고구마꽃맛살 샐러드,즉석섭취식품,제조일로부터 6일까지 (냉장),,주식회사 삼립 청주공장,201704150801044,20240819,20240821
오렌지,오렌지,815 FIZZ 오렌지,탄산음료,PET: 제조일로부터 12개월/CAN: 제조일로부터 24개월,,(주)상일,19920624042875,20220224,20240128
포도,포도,815 FIZZ 포도,탄산음료,PET: 제조일로부터 12개월/ CAN: 제조일로부터 24개월,,(주)상일,19920624042876,20220224,20240128
마늘,마늘,829마늘,천연향신료,제조일로부터 24개월,제조일로부터 24개월,(주)태한무역,201604336225,20170727,20170731
물엿,물엿,82물엿,물엿,제조일로부터 2년까지,,(주)쎄레스,1985036805779,20190612,20190614
만두,만두,830곤약만두,만두,,해당없음.,성경순만두,1996016300264,20221111,20251016
베이컨,베이컨,853168 베이컨파우다후레바,복합조미식품,제조일로부터 12개월까지,,(주)엠에스씨,198506140551754,20100112,20210304
포도,포도,8794 청포도에이드,음료베이스,제조일로부터 24개월,,주식회사 엔아이에프,20170275127275,20240223,20240410
마늘,마늘,87마늘소스,소스,6개월,,주식회사 바인푸드,2007008017194,20170303,20191227
오리,오리,8810 싱글 오리진,커피,제조일로부터 12개월,,후룹로스터스,2022009452519,20260207,20260214
유부,유부,88냉동유부,가공두부,6개월,,(주)한미식품,20150464166299,20250409,20250415
마늘,마늘,88냉삼 간장마늘소스,소스,제조일로부터 6개월,,하남소스제조,20090345067270,20260413,20260414
고추장,고추장,88냉삼 고추장소스,소스,제조일로부터 6개월,,하남소스제조,20090345067247,20251211,20251213
밀가루,밀가루,88메밀가루,곡류가공품,제조일로부터 24개월까지,,진화식품,20050364896267,20250912,20260201
된장,된장,88미담차돌된장찌개용소스,소스,제조일로부터 6개월,,주식회사 푸드에스엠,20230501071124,20230320,20230324
스낵,스낵,88서울 떡볶이 스낵,과자,제조일로부터 12개월,,(주)동화씨앤에프,19900355116359,20230302,20230311
불고기,불고기,88서울불고기김치찌개소스,소스,제조일부터 3개월 (냉장보관),,(주)동원홈푸드,200204610738956,20170822,20170826
불고기,불고기,88서울불고기냉면육수,소스,제조일부터 3개월 (냉장보관),,(주)동원홈푸드,200204610738881,20170713,20170717
불고기,불고기,88서울불고기두루치기소스,소스,제조일부터 4개월 (냉장보관),,(주)동원홈푸드,200204610738882,20170713,20170717
불고기,불고기,88서울불고기소스,소스,6개월,,(주)선도식품,20070445032133,20170908,20180309
참기름,참기름,88소곱탄 참기름,참기름,제조일로부터 12개월,제조일로 부터 실온 ( 1℃ ~ 35℃ ) 12개월,주식회사 진솔,2022052047355,20260212,20260214
스테이크소스,스테이크소스,88스테이크소스,소스,제조일로부터 9개월,,프레시플러스 주식회사,200304432174690,20210528,20210601
고추장,고추장,88육회비빔밥고추장소스,소스,제조일부터  6개월 (냉장보관),,(주)동원홈푸드,2002046107316203,20250812,20250814
고추장,고추장,88육회비빔밥고추장소스,소스,제조일부터  6개월 (냉장보관),,(주)동원홈푸드,201904421492850,20250812,20250819
콩나물|불고기,"콩나물,불고기",88콩나물불고기용소스,소스,제조일로부터 6개월,,태원식품산업(주),1985031100113827,20231106,20231107
콩나물|불고기,"콩나물,불고기",88콩나물불고기용소스,소스,제조일로부터 6개월,,태원식품산업(주),1985031100113819,20231103,20231107
된장,된장,8900삼비된장원액,소스,제조일로부터 6개월까지,,(주)미래푸드,2019042411575,20220524,20220527
유부,유부,8가지 생생건더기 꼬마유부 초밥,가공두부,냉장에서  45일,,우천식품,1991037209245,20130509,20190515
쌈장,쌈장,8가지국산양념쌈장,혼합장,제조일로부터 8개월(실온보관),,씨제이제일제당(주),1991045804762,20100527,20220706
현미,현미,8곡 발아현미 미숫가루,곡류가공품,10개월,,바이미 영농조합법인,2009044404912,20120725,20160706
새우,새우,8곡 크리스피 새우칩,기타 수산물가공품,제조일로부터 12개월까지,,주식회사 시즈너FS,200104440025,20230511,20230518
나물,나물,8색 보름나물 세트,조림류,제조일로부터 5일,,하반 반찬,20250248963103,20260223,20260228
짜장,짜장,8월의중식 특화짜장소스,소스,제조일로부터 10개월까지,,(주)가온푸드,201404432561674,20220124,20220422
짜장,짜장,8월의중식짜장소스,소스,제조일로부터 10개월까지,,(주)가온푸드,201404432561459,20210726,20220125
오이,오이,8절오이,과.채가공품,제조일로부터 7일,,(주)탭스인터내셔널1공장,20170275045403,20241021,20241022
나물,나물,8종나물 (비빔밥용)+양념장,과.채가공품,제조일로부터 5,,주식회사찬장에프에스대전,20220321100387,20221206,20230221
나물,나물,8종나물 비빔밥용+매실고추장,과.채가공품,제조일로부터 5일,,주식회사찬장에프에스대전,202203211004,20220809,20230221
나물,나물,8종나물(비빔밥용)+ 고추장,과.채가공품,제조일로부터 5일,,주식회사케이제이푸드(KJ Food),202104241244,20211217,20230314
토마토,토마토,8치즈블렌딩 클래식토마토 치즈피자,빵류,제조일로부터 12개월까지,,(주)한맥홈푸드,2019039114190,20250430,20250614
햄,햄,9/028086스모크드햄향,향미유,제조일로부터 12개월까지,,(주)엠에스씨,198506140552619,20170213,20170215
감자,감자,90 감자뇨끼,서류가공품,제조일로부터 12개월,,주식회사 지엔오24,202505749118,20260527,20260605
햄,햄,90857 쿡드햄 플러스 50,복합조미식품,제조일로부터 12개월,,(주)세우아이앤씨,19950368109939,20221208,20221210
배추,배추,90일 이상 키워 속이 꽉 찬 청명가을 배추로 담근 남도식 김장 김치,김치,제조일로부터 365일,,농업회사법인주식회사담채원,20000475069123,20231019,20260204
배추,배추,90일 이상 키워 속이 꽉 찬 청명가을 배추로 담근 중부식 김장 김치,김치,제조일로부터 365일,,농업회사법인주식회사담채원,20000475069122,20231019,20260204
오리,오리,91컴퍼니 오리엔탈필라프,즉석조리식품,12개월,,(주)시아스,200504150204741,20230901,20230902
굴소스,굴소스,91컴퍼니굴소스,소스,제조일부터 12개월 (냉동보관),,(주)동원홈푸드,201904421492375,20241023,20241026
굴소스,굴소스,91컴퍼니굴소스,소스,제조일부터 12개월 (냉동보관),,(주)동원홈푸드,2002046107315292,20241023,20241024
드레싱,드레싱,91컴퍼니랜치드레싱,소스,제조일부터 6개월 (냉장보관),,(주)동원홈푸드,2002046107314499,20240130,20240201
드레싱,드레싱,91컴퍼니랜치드레싱,소스,제조일부터 6개월 (냉장보관),,(주)동원홈푸드,201904421491948,20240130,20240203
드레싱,드레싱,91컴퍼니발사믹드레싱,소스,제조일부터 6개월 (냉장보관),,(주)동원홈푸드,2002046107314490,20240129,20240131
드레싱,드레싱,91컴퍼니발사믹드레싱,소스,제조일부터 6개월 (냉장보관),,(주)동원홈푸드,201904421491943,20240129,20240131
요거트,요거트,91컴퍼니요거트소스,소스,제조일부터 6개월 (냉장보관),,(주)동원홈푸드,2002046107314488,20240202,20240206
요거트,요거트,91컴퍼니요거트소스,소스,제조일부터 6개월 (냉장보관),,(주)동원홈푸드,201904421491942,20240202,20240206
불고기,불고기,92간장불고기소스,소스,제조일로부터 12개월까지,,(주)삼일에프엔비,200504641271311,20240325,20240329
귀리,귀리,96시간 숙성하여 맛이 깊고 부드러운 귀리쌀,곡류가공품,제조일로부터 18개월까지,,광복발효기술(주),20110494136107,20161216,20240509
현미,현미,96시간 숙성하여 맛이 깊고 부드러운 찰현미,곡류가공품,제조일로부터 18개월까지,,광복발효기술(주),2011049413696,20160829,20240509
귀리,귀리,96시간 숙성하여 맛이 깊고 부드러운 콩과 귀리가 들어간 10곡,곡류가공품,제조일로부터 18개월까지,,광복발효기술(주),20110494136158,20210507,20240404
귀리,귀리,96시간 숙성하여 맛이 깊고 부드러운 콩과귀리 10곡,곡류가공품,제조일로부터 18개월까지,,광복발효기술(주),20110494136129,20171219,20240627
현미,현미,96시간 숙성하여 맛이 깊고 부드러운 현미,곡류가공품,제조일로부터 18개월까지,,광복발효기술(주),2011049413698,20160829,20240528
짜장,짜장,96짜장소스,소스,제조일로부터 6개월,,가나식품(주),20080364332897,20251204,20260201
오리,오리,98쌀 회오리 떡볶이 매운맛,즉석조리식품,12개월,,주식회사 미주웰빙푸드,2024057445519,20250207,20250315
오리,오리,98쌀 회오리 떡볶이 순한맛,즉석조리식품,12개월,,주식회사 미주웰빙푸드,2024057445518,20250207,20250315
오리,오리,98쌀 회오리 떡볶이 순한맛(호),즉석조리식품,12개월,,주식회사 미주웰빙푸드,2024057445520,20250308,20250315
고등어,고등어,99.9 가시없는 순살 고등어,기타 수산물가공품,제조일로부터 24개월까지,,천일에스에프,20170568011120,20240523,20260304
고등어,고등어,99.9 가시없는 순살 노르웨이 고등어,기타 수산물가공품,제조일로부터 24개월까지,,천일에스에프,20170568011121,20240523,20260304
고등어,고등어,99.9 가시없는 순살간고등어,기타 수산물가공품,제조일로부터 24개월,,디스이즈 주식회사,20130403079400,20251010,20251018
고추장,고추장,990 새콤달콤초고추장,혼합장,제조일로부터18개월,,신송식품주식회사,19880449001308,20230306,20250404
쌈장,쌈장,990 짠맛을줄인양념쌈장,혼합장,1년 6개월,,신송식품주식회사,19880449001309,20230306,20260331
두부,두부,990맛있는두부,두부,(0~10 ℃)제조일로부터 20일,,소이빈네이처제2공장,19980568016186,20221206,20221213
사과,사과,999사과주스,과.채주스,제조일로부터 1년 6개월,-,(주)가보팜스,19910512116206,20240603,20240608
멸치,멸치,99식품 멸치소금간,젓갈,,3년,99식품,201601561151,20160329,20160706
고추장,고추장,99육회본가고추장육회소스,소스,제조일부터 6개월 (냉장보관),,(주)동원홈푸드,201904421493020,20260113,20260521
고추장,고추장,99육회본가고추장육회소스,소스,제조일부터 6개월 (냉장보관),,(주)동원홈푸드,2002046107316559,20260113,20260521
포도,포도,99죽염포도당,당류가공품,제조일로부터 24개월,,콜마비앤에이치(주) 음성공장,20060445110275,20160407,20160706
포도,포도,99죽염포도당,당류가공품,제조일로부터 24개월,,콜마비앤에이치(주)세종3공장,20240365166122,20250523,20250524
포도,포도,99죽염포도당 플러스+,캔디류,제조일로부터 24개월,,콜마비앤에이치(주) 음성공장,20060445110882,20240530,20240604
버터,버터,99칼로리칩 버터솔트,과자,12개월,,(주)에스디씨2공장,2018051909718,20200825,20250904
버터,버터,99칼로리칩 버터솔트,과자,12개월,,(주)에스디씨,20060515035128,20200703,20250904
핫도그,핫도그,99eats 미국식 핫도그 렐리쉬,빵류,제조일로부터 9개월,,주식회사 그린베이크,20200349722157,20251121,20260610
핫도그,핫도그,99eats 미국식 핫도그 칠리치즈,빵류,제조일로부터 9개월,,주식회사 그린베이크,20200349722155,20251121,20251126
핫도그,핫도그,99eats 미국식 핫도그 콘마요,빵류,제조일로부터 9개월,,주식회사 그린베이크,20200349722156,20251121,20251218
샌드위치,샌드위치,99eats 쓱싹 대만식 삼색샌드위치,즉석조리식품,제조일로부터 12개월,,(주)리더스푸드,20090311553144,20260430,20260503
부추,부추,9가지 야채와 부추잡채볶음밥,즉석조리식품,제조일로부터 9개월,,농업회사법인 주식회사 한우물,2008049307429,20100715,20240117
볶음밥,볶음밥,9가지 야채와 잡채볶음밥,즉석조리식품,제조일로부터 9개월까지,,농업회사법인 주식회사 한우물,20080493074382,20171019,20240117
돈까스,돈까스,9라파 돈까스소스,소스,제조일로부터 6개월까지,,(주)청명푸드,20130370087318,20190626,20190628
나물,나물,9찬모둠나물,조림류,제조일로부터 4일,,도리깨침,20200280142221,20220115,20220125
나물,나물,9찬모둠나물2,조림류,제조일로부터 4일,,도리깨침,20200280142407,20230111,20250206
포도,포도,9칼로리 포도,캔디류,제조일부터6개월,,(주)뚜또,2008057106247,20110824,20230602
버터,버터,9회말2아웃 팝칩 버터갈릭맛,과자,제조일로부터 12개월,,주식회사 싱싱푸드,2018055918367,20250416,20250514
고추장,고추장,9회죽염고추장,고추장,,18개월,복식품,1999053309917,20140127,20191228
된장,된장,9회죽염된장,된장,18개월,,농업회사법인 주식회사 흥국농산,199706230697,20000107,20160706
된장,된장,9회죽염된장,한식된장,,18개월,복식품,1999053309924,20140127,20160706
갈치,갈치,가가반상 일품손질갈치,기타 수산물가공품,제조일로부터2년,,(주)씨웰,2011060444098,20210121,20210122
유부,유부,가격파괴든든유부초밥,즉석섭취식품,제조시간으로부터 52시간,,(주)푸드플래닛,201503831781355,20250724,20251101
상추,상추,가공양상추,신선편의식품,제조일로부터 7일 (냉장),,주식회사 삼립 청주공장,201704150808,20170721,20170727
계란,계란,가농 DHA 계란과자,과자,제조일로부터 6개월까지,,(주)자연드림치유식품 베이커리공방,20180521026220,20250207,20250414
쌈장,쌈장,가담쌈장,혼합장,제조일로 부터 12개월,,미성식품,2005056000431,20180128,20180130
수박,수박,가당 수박,과.채가공품,제조일로부터 냉동 24개월까지,,주식회사 SB식품,20100449019150,20180809,20180810
수박,수박,가당 수박,과.채가공품,제조일로부터 냉장 12개월까지,,주식회사 SB식품,20100449019149,20180620,20180621
참외,참외,가당참외,과.채가공품,제조일로부터 36개월까지,,(주)남양냉동식품,19900227031272,20190703,20190704
참외,참외,가당참외퓨레(8:2),과.채가공품,제조일로부터 36개월까지,,(주)남양냉동식품,19900227031304,20250708,20250716
키위,키위,가당키위,과.채가공품,제조일로부터 12개월까지,제조일로부터 12개월까지,아그라나프루트코리아주식회사,199104430101884,20170718,20260326
키위,키위,가당키위퓨레(9:1),과.채가공품,36개월(냉동보관),,(주)남양냉동식품,19900227031167,20131015,20160706
명태,명태,가득담은 명태알 대구곤이,기타 수산물가공품,제조일로부터 2년까지,,대성수산,2018051088450,20250703,20250705
오이,오이,가득원 생오이피클,절임식품,3개월,,두리푸드,20220515156185,20221020,20221022
오이,오이,가득원 오이지 슬라이스,절임식품,3개월,,두리푸드,2022051515610,20221015,20221020
브로콜리,브로콜리,가득채운 프리미엄 NMN 브로콜리 포뮬러 53460,과.채가공품,제조일로부터 24개월까지,,(주)한미양행,198803550331620,20260311,20260407
닭고기,닭고기,가락닭고기맛라면,유탕면,제조일로부터 5개월,,주식회사두런,2011030418435,20231012,20231020
닭고기,닭고기,가락닭고기맛라면스프,복합조미식품,제조일로부터 18개월까지,,주식회사 썬에프엘,20000344064986,20230913,20230915
유부,유부,가락유부우동,숙면,3개월,,(주)피피이씨음성생면,198804450092167,20220802,20251230
유부,유부,가락유부우동우동,간편조리세트,제조일로부터 12개월,,굿팜푸드,20210424064216,20250520,20250528
당면,당면,가랑당면,건면,제조일로부터36개월,,농업회사법인(주)안성식품,1984046701087,20220215,20231215
갈치,갈치,가래떡 갈치어묵(냉동),어묵,제조일로부터 1년,,제주어묵,2021062496225,20220928,20221018
시금치,시금치,가래떡 시금치,과자,6개월,,아이누리,2015038313319,20150227,20230610
볶음참깨,볶음참깨,가래울 볶음참깨,기타 농산가공품,1년,,가래울영농조합법인,2016037206410,20170824,20220813
부침가루,부침가루,가루쌀 부침가루,기타가공품,제조일로부터 365일 까지,,사조동아원(주) 부산공장,19950129282651,20240411,20240415
우유,우유,가루쌀 우유크림 카스테라,빵류,20일,,엠즈베이커스주식회사,20170308389458,20240813,20240814
우유,우유,가루쌀 우유크림 카스텔라,빵류,9개월,,엠즈베이커스주식회사,20170308389555,20250718,20250729
튀김가루,튀김가루,가루쌀 튀김가루,기타가공품,제조일로부터 365일 까지,,사조동아원(주) 부산공장,19950129282650,20240411,20240415
젓갈,젓갈,가리비 젓갈,양념젓갈,제조일로부터 1년,제조일로부터 1년,진미씨푸드,199903920598,20090731,20250814
명란,명란,가리비명란마요초밥4P,즉석섭취식품,제조일로부터 48시간,,(주)스위시팩토리,2025052522789,20260514,20260520
젓갈,젓갈,가리비무말랭이젓갈,양념젓갈,제조일로부터 6개월까지,,주식회사 구룡,2020020344089,20260126,20260327
젓갈,젓갈,가리비양념젓갈,양념젓갈,6개월,없음,현대식품,2008030419726,20121119,20161123
젓갈,젓갈,가리비젓갈,젓갈,제조일로부터 6개월,,효자씨푸드,2019046730618,20200129,20200130
젓갈,젓갈,가리비젓갈,양념젓갈,제조일로부터 12개월,,효자씨푸드,2019046730621,20211229,20211231
젓갈,젓갈,가리비젓갈,양념젓갈,제조일로부터 180일,5℃이하에서 냉동보관 제조일로부터 180일,진주식품,2007039206113,20180105,20230610
젓갈,젓갈,가리비젓갈,양념젓갈,180일,,오가네푸드,2012039207317,20150827,20230610
젓갈,젓갈,가리비젓갈,양념젓갈,,제조일로부터1년,영원푸드,2014044901923,20211123,20211125
젓갈,젓갈,가리비창란젓갈,양념젓갈,품질유지기한(제조일로부터 365일),,주식회사 그린웰푸드,2003025530479,20111213,20160706
젓갈,젓갈,가리비창란젓갈-1,양념젓갈,품질유지기한(제조일로부터 365일),,주식회사 그린웰푸드,2003025530480,20111213,20160706
젓갈,젓갈,가리비창란젓갈-2,양념젓갈,해당사항없음,제조일로부터 365일,주식회사 그린웰푸드,20030255304159,20160502,20170606
젓갈,젓갈,가리비창란젓갈-3,양념젓갈,해당사항없음,제조일로부터 365일,주식회사 그린웰푸드,20030255304160,20160502,20170521
순두부,순두부,가마솥 순두부,두부,15일,,가래울영농조합법인,2016037206412,20170824,20241112
순두부,순두부,가마솥 순두부,두부,제조일로부터 10일,,농업회사법인 (주)행복한버섯,2018033588737,20220706,20240809
도토리묵,도토리묵,가마솥도토리묵,묵류,제조일로부터 3일,,가마솥메주,200104970333,20100820,20240117
연두부,연두부,가마솥연두부,두부,제조일로부터 15일,,대명식품,200801689901,20081224,20160706
베이컨,베이컨,가마어묵 베이컨(B),어묵,제조일로부터 11일까지,,(주)늘푸른바다,19960144406367,20171106,20190321
부추,부추,가마어묵 부추(A)N,어묵,제조일로부터 8일까지,,(주)늘푸른바다,19960144406379,20180310,20180313
깻잎,깻잎,가마어묵깻잎(A)N,어묵,8일,,(주)늘푸른바다,19960144406335,20170818,20190316
베이컨,베이컨,가마어묵베이컨(A),어묵,8일,,(주)늘푸른바다,19960144406111,20150114,20170610
베이컨,베이컨,가마어묵베이컨(A)N,어묵,8일,,(주)늘푸른바다,19960144406337,20170818,20170821
베이컨,베이컨,가마어묵베이컨(B),어묵,11일,,(주)늘푸른바다,19960144406158,20150114,20170610
조기,조기,가마장작참조기구이,기타 수산물가공품,제조일로부터3개월,,존스가마장작로스팅,2014046329624,20240909,20240911
음료,음료,가마장작커피음료 감,커피,12개월,,존스가마장작로스팅,201404632969,20190121,20190126
음료,음료,가마장작커피음료 건,커피,12개월,,존스가마장작로스팅,201404632967,20190121,20190126
음료,음료,가마장작커피음료 곤,커피,12개월,,존스가마장작로스팅,201404632968,20190121,20190126
갈치,갈치,가마장작화덕소금구이갈치,기타 수산물가공품,제조일로부터20일까지,,존스가마장작로스팅,2014046329619,20200521,20200526
귀리,귀리,가마크런치 누룽지칩 귀리맛,기타가공품,12개월,12개월,유니원,2021051650242,20250512,20250524
갈치,갈치,가문 갈치젓갈,양념젓갈,제조일로부터 1년(냉장),,주식회사 가문앤영광굴비,2002052715812,20220518,20220519
대파,대파,가문어 대파 꼬치,조미건어포,제조일로부터 12개월,,(주)인맥에프엔씨,202402918863,20240708,20240712
김자반,김자반,가바 콕콕 김자반,조미김,12개월,12개월,(주)김노리,2013047312983,20171113,20171118
다시마,다시마,가바보이차 다시마 장아찌,절임식품,12개월,12개월,진향당,202101567802,20220516,20220519
소시지,소시지,가바소시지용소스,소스,제조일로부터 6개월,,주식회사 에이원식품,20190505038124,20241030,20241101
부침가루,부침가루,가바쌀부침가루,곡류가공품,제조일로부터 12개월까지,,(주)대두식품,20050484141240,20160415,20240117
튀김가루,튀김가루,가바쌀튀김가루,곡류가공품,제조일로부터 12개월까지,,(주)대두식품,20050484141239,20160415,20240117
계란,계란,가벼운 오트밀 두부 계란밥,즉석조리식품,제조일로부터 12개월,,한국에스비식품(주),196903640042133,20250120,20260201
귀리,귀리,가벼운 통밀귀리 곤약밥,즉석조리식품,제조일로부터 12개월,,(주)티엘푸드,2022027226623,20250317,20250318
귀리,귀리,가볍게 시작 귀리식이섬유&포스트바이오틱스 스틱파우더,곡류가공품,제조일로부터 24개월,제조일로부터 24개월,코스맥스엔비티(주),200703582241200,20220404,20220420
음료,음료,가보 단백 음료,혼합음료,제조일로부터 12개월,,(주)에이트리에프앤비,2022078026618,20230330,20230405
음료,음료,가보 배음료,과.채음료,제조일로부터 18개월,,(주)에이트리에프앤비,2022078026619,20230330,20230405
도토리묵,도토리묵,가시나무 도토리묵,묵류,6일,6일,농업회사법인주식회사도토리건강,202507790611,20250219,20250612
도토리묵,도토리묵,가시나무 도토리묵 가루,기타가공품,2년,2년,농업회사법인주식회사도토리건강,202507790612,20250219,20250222
도토리묵,도토리묵,가시나무 도토리묵 양념간장,소스,제조일로 부터 2개월,제조일로 부터 2개월,농업회사법인주식회사도토리건강,202507790613,20250219,20250612
시래기,시래기,가시래기무침,조림류,30일(10도씨이하),,창원푸드,1999059517947,19990426,20160706
낙지,낙지,가시리낙지젓,양념젓갈,제조일로부터 18개월,,풍미식품,1972039200135,20100318,20240224
낙지,낙지,가시리낙지젓,양념젓갈,제조일로부터 6개월,,풍미식품,19720392001105,20240313,20240315
갈치,갈치,가시없는 갈치구이,기타 수산물가공품,2개월,,구이푸드,2017052813272,20201007,20201009
명태,명태,가시없는 명태 순살,기타 수산물가공품,제조일로부터 730일까지,,부경수산주식회사,20060345328262,20200131,20251220
갈치,갈치,가시없는 어린이 순살갈치,기타 수산물가공품,제조일로부터 24개월 까지,,(주)에스아이홀푸드,20190144268523,20230904,20230909
명태,명태,가시제거 어린이 순살 명태,기타 수산물가공품,제조일로부터 730일까지,,부경수산주식회사,20060345328274,20201016,20251220
유부,유부,가쓰오 유부우동,숙면,제조일로부터 12개월까지,,(주)면사랑,199304430282138,20221219,20251113
다시마,다시마,가쓰오&다시마로 깊고 깔끔한 미소된장,된장,제조일로부터 12개월,,씨제이제일제당(주),19910458047106,20221220,20221228
유부,유부,가쓰오&유부 우동소스,소스,제조일로부터 12개월,,한일식품(주),19870358015633,20200326,20200331
유부,유부,가쓰오&유부 우동후레이크,기타가공품,제조일로부터 12개월,,한일식품(주),19870358015634,20200326,20200331
계란,계란,가쓰오계란장조림 세트,즉석섭취식품,제조일로부터 4일,,(주)현대그린푸드 스마트푸드센터,201902803272778,20230208,20250903
우엉,우엉,가쓰오닭안심우엉볶음 세트,당뇨환자용 식단형 식품,제조일로부터 4일,,(주)현대그린푸드 스마트푸드센터,201902803272460,20220511,20260417
다시마,다시마,가쓰오랑멸치랑다시마 해물가쓰오다시팩,기타 수산물가공품,제조일로부터 1년,,(주)석하,2003015617239,20110216,20190516
우엉,우엉,가쓰오부시로 풍미를 더한 김밥용우엉,절임식품,제조일로부터 180일,,(주)으뜸농산,20040472026346,20191129,20241211
도토리묵,도토리묵,가쓰오어묵국도토리묵무침도시락,즉석섭취식품,제조 후 10시간,,(주)비엘푸드,201902029633122,20260420,20260421
유부,유부,가쓰오유부우동 백다시,소스,제조일로부터 6개월까지,,(주)면사랑,199304430282280,20221219,20221220
후추,후추,가야백후추70,향신료조제품,제조일로부터24개월,,(주)모아글로벌 제2공장,2018038718811,20200624,20200626
후추,후추,가야백후추90,향신료조제품,2년,,(주)모아글로벌 제2공장,2018038718813,20200624,20200707
부추,부추,가야부토스 김치부추맛 메밀칩,과자,제조일로부터 10개월,,(주)푸드킹,2020055911684,20251103,20251106
부추,부추,가야부토스 핫앤스위트부추맛 메밀칩,과자,제조일로부터 10개월,,(주)푸드킹,2020055911682,20251028,20251031
우엉,우엉,가야산푸른샘 우엉과단무지,절임식품,제조일로부터6개월,,(주)대성식품,1999056909564,20030313,20230425
귀리,귀리,가야식혜옥 밥알없는 귀리식혜,혼합음료,제조일로부터 12개월,,농업회사법인 주식회사 가야식혜옥,2023082600110,20250214,20250522
새우젓,새우젓,가야왕족 새우젓소스,소스,제조일로부터 4개월,제조일로부터 4개월,더특별한식,2023087095815,20230728,20260414
쌈장,쌈장,가야왕족 쌈장,혼합장,제조일로부터 6개월,제조일로부터 6개월,더특별한식,202308709588,20230728,20260414
깻잎,깻잎,가야원 간장깻잎,절임식품,제조일로부터 1년까지,,(주)진푸드,2002056801298,20121116,20180712
깻잎,깻잎,가야원 양념깻잎,절임식품,제조일로부터 180일까지 (0℃~10℃ 냉장보관),,(주)진푸드,2002056801295,20121116,20160706
다시마,다시마,가야진 다시마 장아찌,절임식품,제조일부터 1년,,가야진장 영농조합법인,2014046102111,20140701,20160706
키위,키위,가업키위베이스,음료베이스,제조일로부터 6개월,,태원식품산업(주),198503110019580,20200629,20200723
소시지,소시지,가예 떡속에 소시지,떡류,제조일로부터 12개월,,농업회사법인맛정주식회사,20180385381418,20230323,20260201
소시지,소시지,가예 쫀득 떡이랑 탱글 소시지 꼬치,떡류,제조일로부터 12개월,,농업회사법인맛정주식회사,20180385381417,20230412,20260201
연두부,연두부,가오연두부,두부,제조일로부터 20일(냉장보관),,(주)가오식품,198602310364,19930303,20240113
김자반,김자반,가우고수 김자반,조미김,제조일로부터 12개월,,(주)별식품,2006047314747,20191017,20191019
설탕,설탕,가은햇살유기농설탕오미자,당절임,2년,,청수종합식품,201505580942,20150608,20160706
설탕,설탕,가은햇살유기농설탕오미자청,액상차,1년,,청수종합식품,201505580946,20160711,20160801
볶음참깨,볶음참깨,가을볶음참깨,기타가공품,12개월,12개월,가을식품,202605075633,20260605,20260611
볶음참깨,볶음참깨,가을빛 볶음참깨,기타 농산가공품,제조일로부터 1년,제조일로부터 1년,(주)세찬,201804041061,20180124,20230610
시래기,시래기,가자미 시래기 조림,기타 수산물가공품,냉동 12개월,,어업회사법인 바다온 주식회사,2015053326953,20200915,20230418
계란,계란,가자미계란찜,영.유아용 이유식,제조일로부터 25일,해당없음,(주)푸드케어 2공장,202203961751073,20260202,20260321
계란,계란,가자미계란탕,영.유아용 이유식,제조일로부터 25일,해당없음,(주)푸드케어 2공장,202203961751060,20260130,20260522
젓갈,젓갈,가자미맛젓갈,젓갈,,24개월,아로비타 영농조합법인,2013048726726,20170123,20240117
다시마,다시마,가자미순두부다시마무른밥,영.유아용 이유식,제조일로부터 25일,해당없음,(주)푸드케어 2공장,202203961751062,20260130,20260522
애호박,애호박,가자미애호박죽,영.유아용 이유식,제조일로부터 12일,,순수본 주식회사,2018049118156,20180417,20240117
청경채,청경채,가자미청경채묽은죽,영.유아용 이유식,제조일로부터 12일까지,,(주)에코맘의 산골이유식,202006140371031,20230629,20230715
부추,부추,가장맛있는 부추무침용 소스,소스,6개월,,(주)원포인트드론가장맛있는소스,2013006673836,20151211,20240404
키위,키위,가족사랑 달콤한 골드키위,과.채음료,제조일로 부터 12개월,,(주)건강마을,2006046400282,20100324,20250821
오이,오이,가족오이지,절임식품,제조일로부터 6월까지,,가족식품,199105120208,19940611,20190927
우엉,우엉,가족우엉,절임식품,제조일로부터 6월까지(냉장보관),,가족식품,1991051202032,20060428,20190927
돼지고기,돼지고기,가지 돼지고기 볶음,식육함유가공품,제조일로부터 12개월,,주)씨엔에스테크,2015038072467,20201110,20230610
돼지고기,돼지고기,가지 돼지고기조림,조림류,제조일로부터 30일까지,,(주)녹선,200103770922271,20260417,20260422
애호박,애호박,"가지,양파,애호박 다진야채큐브",과.채가공품,제조일로부터 12개월,,쿡베이스,202002308871912,20260107,20260122
깻잎,깻잎,가지깻잎장아찌,절임식품,제조일로부터 90일,,(주)현대그린푸드 스마트푸드센터,201902803271187,20200820,20220119
닭고기,닭고기,가지닭고기애호박죽,영.유아용 이유식,제조일로부터 12일,,주식회사 지니온,20240320157177,20240506,20250501
돼지고기,돼지고기,가지돼지고기덮밥,즉석조리식품,제조일로부터 12개월,,(주)현대그린푸드 스마트푸드센터,201902803274563,20250930,20251024
돼지고기,돼지고기,가지돼지고기덮밥 세트,즉석섭취식품,제조일로부터 4일,,(주)현대그린푸드 스마트푸드센터,201902803271806,20210113,20251018
돼지고기,돼지고기,가지돼지고기볶음,기타가공품,냉장 10일,,방앗간팩토리,2015003646024,20150626,20210702
돼지고기,돼지고기,가지돼지고기조림,조림류,제조일로부터 10일,,농업회사법인주식회사해미래,20120548569491,20250902,20251106
돼지고기,돼지고기,가지돼지고기졸임,조림류,제조일로부터 30일까지,,(주)녹선,200103770922272,20260417,20260422
베이컨,베이컨,가지베이컨말이,기타가공품,제조일로부터 3일,,주식회사찬장에프에스대전,20220321100161,20220820,20220909
애호박,애호박,가지애호박구이볶음,조림류,제조일로부터 5일,,주식회사찬장에프에스대전,20220321100212,20221006,20221020
오이,오이,가지오이 장아찌,절임식품,제조일로부터 30일,,주식회사케이제이푸드(KJ Food),20210424124483,20230221,20231121
우엉,우엉,가지우엉 건조야채,과.채가공품,제조일로부터 12개월까지,생략,(주)세끼보약,2024078324412,20240620,20240625
우엉,우엉,가지우엉돈육밥,영.유아용 이유식,제조일로부터 20일,,주식회사 플라잉닥터 제2공장,20250483015809,20260121,20260123
부추,부추,가지전과 영양부추무침,즉석섭취식품,제조일로부터 5일,,(주)정미경키친,20200280071192,20210706,20210709
깻잎,깻잎,가지제육볶음&깻잎쌈 세트,즉석섭취식품,제조일로부터 4일,,(주)현대그린푸드 스마트푸드센터,201902803272675,20221122,20251018
튀김가루,튀김가루,가지튀김가루,기타가공품,제조일로부터 12개월(실온),,영삼푸드,2015010799319,20210507,20210515
닭다리,닭다리,가쯔오소스의 닭다리살 & 치즈 렌틸콩 덮밥,즉석조리식품,제조일로부터 12개월,제조일로부터 12개월,(주)세종인터내셔날,2021010897357,20230725,20230803
김자반,김자반,가현 김자반 명란맛,조미김,제조일로부터 1년,해당없음.,어업회사법인 가현(주),2019051624271,20250512,20250514
김자반,김자반,가현 김자반 오리지널,조미김,제조일로부터 1년,해당없음.,어업회사법인 가현(주),2019051624272,20250512,20250514
다시마,다시마,각다시마차,침출차,제조일로부터 18개월,,주해심원,200000945051,20000807,20230610
다시마,다시마,각미각색 율피찹쌀 다시마부각,기타가공품,제조일로 부터 1년,,농업회사법인 주식회사 나눔,2019061810817,20200710,20201218
다시마,다시마,각미각색 찹쌀 다시마 부각,기타가공품,제조일로부터 1년,,농업회사법인 주식회사 나눔,2019061810818,20200713,20201218
설탕,설탕,각설탕,설탕,무,,(주)삼양사울산1공장,1968024700225,20020906,20250828
청양고추,청양고추,간 청양고추,과.채가공품,제조일로부터 10일,해당없음,행복한200프로주식회사,20220777039173,20251027,20251028
깻잎,깻잎,간깻잎,과.채가공품,10일,,(주)마스타식품,2012026335828,20170830,20250930
청양고추,청양고추,간냉동청양고추,천연향신료,제조일로부터 12개월까지,,농업회사법인 제이팜 주식회사,2014036845269,20211021,20211026
대파,대파,간대파,과.채가공품,제조일로부터 10일,,농업회사법인주식회사이지,2016036503035,20230418,20260201
대파,대파,간대파,과.채가공품,제조일로부터 10 일,,농업회사법인 장봄 주식회사,201703661195,20200422,20260201
대파,대파,간대파,과.채가공품,제조일로부터 10일,,(주)마스타식품,201202633586,20120517,20250930
대파,대파,간대파,과.채가공품,제조일로부터 24개월까지,,(주)견우푸드 제3공장,20170368038406,20260413,20260415
대파,대파,간대파,과.채가공품,10일,-,청수산업,202103890175,20230113,20230118
대파,대파,간대파,과.채가공품,,제조일로 부터 12개월,아람 유통,2018038380366,20230627,20260201
대파,대파,간대파,과.채가공품,제조일로부터 10일,,파인그린 농업회사법인(주),2022061313112,20221006,20221008
대파,대파,간대파,과.채가공품,10일,,농업회사법인 (주)충서,202104692245,20241205,20241207
대파,대파,간대파,과.채가공품,제조일로부터 5일,,농업회사법인 주식회사 하나푸드,202103352788,20211205,20211207
대파,대파,간대파,천연향신료,제조일로부터 25일까지,,농업회사법인 제이팜 주식회사,2014036845223,20170903,20170907
대파,대파,간대파,과.채가공품,제조일로부터 5일까지,,농업회사법인(주)거북,20210452023122,20250904,20250905
대파,대파,간대파,과.채가공품,소비기한7일,해당없음.,농업회사법인(주)다올농산푸드,2001044321857,20231116,20240126
대파,대파,간대파,과.채가공품,제조일로부터 10일(냉장),,마이에프앤디,2010024216013,20221011,20221013
대파,대파,간대파,과.채가공품,제조일로부터 1개월(4도씨이하 냉장보관) /  제조일로부터 3개월(0도씨이하 냉동보관),,(주)케이푸드,2004061477024,20050822,20160706
대파,대파,간대파(냉동),과.채가공품,제조일로부터 18개월,,파인그린 농업회사법인(주),2022061313128,20221227,20221228
새우젓,새우젓,간맞추는 간새우젓,젓갈,제조일로부터1년,,우창식품,1987059510012,20250108,20250110
새우젓,새우젓,간새우젓,젓갈,제조일로부터 12개월,,어업회사법인 신안새우젓 주식회사,2011053100158,20161025,20230307
새우젓,새우젓,간새우젓,젓갈,,제조일로부터 180일,제주고을식품,2000062731886,20071206,20161222
소시지,소시지,간식 소시지 오리지널,어육소시지,제조일로부터 4개월 (실온보관),,(주)사조오양양산공장,20080614050309,20200408,20260228
소시지,소시지,간식 소시지 치즈맛,어육소시지,제조일로부터 4개월 (실온보관),,(주)사조오양양산공장,20080614050311,20200617,20260319
소시지,소시지,간식소시지,어육소시지,제조일로부터 120일까지,,(주)진주햄,19830614003113,20171114,20260311
갈치,갈치,간월도갈치젓,양념젓갈,,제조일로부터 12개월,(주)어업회사법인 간월도어리굴젓,2014046303637,20210728,20210731
낙지,낙지,간월도낙지젓,양념젓갈,제조일로부터 12개월(냉동보관),,섬마을,2002046306648,20120111,20180307
갈치,갈치,간이 딱 맞는 갈치구이,기타 수산물가공품,60일,,고래미 주식회사,20130362215221,20241203,20241207
시래기,시래기,간장 가리비 시래기 비빔밥,즉석조리식품,제조일로부터 12개월,,(주)다보농업회사법인,202002312209,20240123,20240126
시래기,시래기,간장 가리비 시래기 표고 다이어트 비빔밥,체중조절용 조제식품,제조일로부터 12개월,,(주)다보농업회사법인,2020023122037,20220821,20240221
시래기,시래기,간장 가리비 시래기 표고밥,즉석조리식품,제조일로부터 12개월까지,,(주)푸드인모닝스타,2022049356389,20230110,20231121
시래기,시래기,간장 가리비 시래기표고밥,즉석조리식품,"제조일로부터 12개월(내수용), 제조일로부터 24개월(수출용)",,(주)다보농업회사법인,2020023122023,20210827,20230420
돼지고기,돼지고기,간장 돼지고기볶음,조림류,제조일로 부터   30일,,(주)후누BDF(2공장),2024017604324,20250327,20250415
조개,조개,간장 맛조개장,절임식품,제조일로부터 12개월,별첨,해궁식품,2023045064424,20241107,20241108
조개,조개,간장 새조개장,절임식품,제조일로부터 12개월,별첨,해궁식품,2023045064426,20250513,20250515
닭다리,닭다리,간장 수비드 닭다리살&오믈렛,즉석조리식품,제조일로부터 12개월까지,,(주)푸드인모닝스타,20220493563269,20251212,20251218
목살,목살,간장 수비드 목살&오믈렛,즉석조리식품,제조일로부터 12개월까지,,(주)푸드인모닝스타,20220493563270,20251212,20251218
전복,전복,간장 순살 전복장,절임식품,제조일로부터 12개월,,주식회사 훈훈,2021035496326,20241114,20251111
전복,전복,간장 전복장,절임식품,제조일로부터 180일,,상원유통,20200354085209,20200629,20200701
전복,전복,간장 전복장,절임식품,제조일로부터 15일,,영종유통,202302547573,20241028,20241030
전복,전복,간장 전복장,절임식품,제조일로부터 7일,,마시차오른,201801476385,20200702,20200703
전복,전복,간장 전복장,절임식품,제조일로부터 10일,,(주)은하수산,20150149169320,20240415,20240416
전복,전복,간장 전복장,절임식품,제조일로부터 12개월이내,,하늘이 내려준 음식 하음,2023019603082,20260616,20260617
깻잎,깻잎,간장 찐깻잎,절임식품,제조일로부터 12개월,,솔거종합식품,2002047002088,20180605,20241023
계란,계란,간장계란 주먹밥,즉석조리식품,제조일로부터 9개월까지,,(주)엄지식품,20210504123274,20240105,20241003
계란,계란,간장계란곤약볶음밥&햄,즉석조리식품,제조일로부터 냉동(-18℃이하) 9개월,해당없음,(주)사랑과정성,20100368370123,20201119,20201120
계란,계란,간장계란규동,즉석섭취식품,제조일시로부터 72시간 이내,,(주)후레쉬서브,200803362281592,20251119,20251126
계란,계란,간장계란덮밥소스,즉석조리식품,제조일로부터 12일,,순수본 주식회사,20180491181518,20221028,20240117
계란,계란,간장계란밥,즉석섭취식품,제조일시로부터 72시간 이내,,(주)후레쉬서브,200803362281591,20251119,20251125
계란,계란,간장계란밥&양념불닭,즉석조리식품,제조일로부터 12개월까지,,(주)푸드인모닝스타,20220493563196,20241021,20241210
계란,계란,간장계란밥소스-이,소스,제조일부터 4개월 (냉장보관),,(주)동원홈푸드,20190442149583,20201123,20201124
계란,계란,간장계란밥소스-이,소스,제조일부터 5개월 (냉장보관),,(주)동원홈푸드,200204610739143,20171219,20250220
계란,계란,간장계란버터맛씨즈닝,복합조미식품,제조일로부터 1년,,(주)은하푸드웰,199106070161588,20220210,20230606
계란,계란,간장계란버터밥,즉석조리식품,제조일로부터 12일,,순수본 주식회사,20180491181564,20230622,20240305
계란,계란,간장계란볶음밥,즉석조리식품,제조일로부터 12개월가지,,농업회사법인 주식회사 한우물,20080493074476,20180719,20240117
계란,계란,간장계란볶음밥,즉석조리식품,냉동. 12개월,,(주)시아스,200504150204454,20220510,20220512
계란,계란,간장계란볶음밥-M,즉석조리식품,12개월,,(주)시아스,200504150204934,20241025,20241029
계란,계란,간장계란새우장,절임식품,제조일로부터 8일,,바애드(주),20110144175167,20251224,20251225
계란,계란,간장계란소스,소스,제조일로부터 6개월,,한경푸드,2021033549417,20210429,20210501
계란,계란,간장계란소스,즉석조리식품,제조일로부터 12일,,순수본 주식회사,20180491181322,20200320,20240117
계란,계란,간장계란장,기타가공품,7일,해당없음.,댓끼리푸드,2017053302020,20180529,20180602
계란,계란,간장계란조림,조림류,제조일로부터 20일,,주식회사 프씽,202102031971020,20220426,20230323
굴소스,굴소스,간장굴소스,소스,제조일로부터 12개월,제조일로부터 12개월,(주)다우푸드,202505690779,20250213,20260221
굴소스,굴소스,간장굴소스,소스,제조일로부터 12개월 까지,,주식회사 에프엔씨코리아,20050149115413,20250206,20250705
굴소스,굴소스,간장굴소스,소스,제조일로부터 3개월,,(주)찬들푸드,2021030183290,20211231,20221020
굴소스,굴소스,간장굴소스,소스,제조일로부터12개월(냉장),,햇잎푸드주식회사,20130233519267,20230310,20260310
굴소스,굴소스,간장굴소스(농축),소스,제조일로부터 6개월 (냉장),,(주)찬들푸드,20210301832126,20220315,20220316
깻잎,깻잎,간장깻잎,절임식품,제조일로부터 3일,,봉봉푸드,202103270698,20220117,20260201
깻잎,깻잎,간장깻잎,절임식품,제조일로부터 1년,,(주)선우푸드,2016031112818,20201019,20260201
깻잎,깻잎,간장깻잎,절임식품,12개월,,농업회사법인(주)착한식품,1983041500239,20170417,20241113
깻잎,깻잎,간장깻잎,절임식품,제조일로부터 1년,,부광식품,2003036421218,20240724,20260201
깻잎,깻잎,간장깻잎,절임식품,제조일로부터 5개월,,순창성가정식품(주),20190503003176,20231005,20240223
깻잎,깻잎,간장깻잎,절임식품,6개월(냉장),,광천 송가네,2003032022054,20090427,20160706
깻잎,깻잎,간장깻잎,절임식품,제조일로부터 90일까지,,(주)이음푸드시스템 가동,20130347092617,20201203,20240312
깻잎,깻잎,간장깻잎,절임식품,제조일로부터 1년,해당없음.,다다쿡,2016014708537,20161013,20250301
깻잎,깻잎,간장깻잎,절임식품,제조일로부터 12개월,,(주)정가찬,2020057504218,20200713,20240105
시래기,시래기,간장닭갈비&시래기밥,즉석조리식품,제조일로부터 9개월,,(주)씨케이케이,20130364693198,20210128,20260201
닭고기,닭고기,간장닭고기볶음,즉석조리식품,제조일로부터 냉동12개월,,(주)미미식품,198804440181486,20240521,20240523
닭고기,닭고기,간장닭고기용소스,소스,냉장 6개월,,(주)다미푸드텍,200204451302316,20260514,20260516
돼지고기,돼지고기,간장돼지고기소스,즉석조리식품,제조일로부터 10개월,,유한회사 완도세계로237,2015052901423,20240516,20240518
돼지고기,돼지고기,간장돼지고기연근덮밥,즉석조리식품,제조일로부터 12개월까지,,에이푸드 주식회사,20090445082676,20240903,20260604
돼지고기,돼지고기,간장돼지고기주물럭,간편조리세트,제조일로부터 7일,해당없음.,농업회사법인(주)승화푸드,200700565442225,20230719,20230720
목살,목살,간장목살,식육함유가공품,냉동보관 2달,60일,주식회사샵인샵컨설팅,2025077984643,20251224,20251227
계란,계란,간장버터계란밥,즉석조리식품,제조일로부터 12개월,,주식회사 엄지식품,20150493208683,20201116,20240117
계란,계란,간장버터계란밥&몽골리안비프,즉석조리식품,제조일로부터 9개월,,샐그램,2023029708137,20241022,20250306
계란,계란,간장버터계란밥S,즉석조리식품,제조일로부터 12개월,,주식회사 엄지식품,20150493208762,20210810,20240117
계란,계란,간장버터계란볶음밥,즉석조리식품,제조일로부터 12개월,,주식회사 엄지식품,20150493208687,20201202,20240117
삼겹살,삼겹살,간장삼겹살소스,소스,제조일로부터 12개월,,농업회사법인 형제비앤에스(주),20060347063379,20230906,20230908
삼겹살,삼겹살,간장삼겹살용소스,소스,제조일로부터 6개월까지,,(주)에프앤에스식품,20210352178808,20220617,20220625
조개,조개,간장새조개장,절임식품,제조일로부터 6개월,,하늘이 내려준 음식 하음,2023019603043,20250613,20250619
조개,조개,간장새조개장,절임식품,제조일로부터 90일이내,,하늘이 내려준 음식 하음,2023019603045,20250624,20250628
조개,조개,간장새조개장(냉동),절임식품,제조일로부터 12개월 이내,,하늘이 내려준 음식 하음,2023019603054,20250917,20250924
귀리,귀리,간장소불고기&귀리밥,즉석조리식품,제조일로부터 12개월까지,,(주)푸드인모닝스타,20220493563254,20250821,20250925
청양고추,청양고추,간장소스(청양고추),소스,제조일로부터 냉장(0℃~10℃) 6개월,,주식회사 다인컴퍼니,202103617893,20221108,20221109
당면,당면,간장양념당면,절임식품,제조일로부터7일,,(주)도들샘,19860560012448,20110524,20160706
돼지고기,돼지고기,간장연탄돼지고기,식육함유가공품,냉동10개월,,감성푸드,201104490243,20120319,20191203
우엉,우엉,간장우엉,절임식품,제조일로부터 6개월,,(주)부농원,1999036005911,20190820,20220301
우엉,우엉,간장우엉견과류조림,조림류,제조일로부터 7일,,농업회사법인 소생로컬푸드 주식회사,20170555120234,20200110,20200111
우엉,우엉,간장우엉견과류조림,조림류,제조일부터 7 일,,농업회사법인 소생로컬푸드 주식회사 제2공장,20210559160183,20210827,20210831
우엉,우엉,간장우엉조림,조림류,제조일로부터 20일,,(주)도마소리,2022024156642,20241125,20251119
우엉,우엉,간장우엉조림,조림류,제조일부터 10일,,농업회사법인 소생로컬푸드 주식회사,20170555120110,20190222,20190227
우엉,우엉,간장우엉조림,조림류,제조일로부터 냉장7일,,주)율마마,2020018956518,20240722,20240726
우엉,우엉,간장우엉조림,조림류,제조일로부터 15일,,농업회사법인 소생로컬푸드 주식회사 제2공장,2021055916046,20210804,20251106
닭고기,닭고기,간장제외/닭고기두부렌틸콩단호박덮밥 밀키트,즉석조리식품,제조일로부터 12개월,,쿡베이스,202002308872025,20241121,20250110
닭고기,닭고기,간장제외/닭고기두부렌틸콩단호박덮밥 밀키트(베이직),즉석조리식품,제조일로부터 12개월,,쿡베이스,202002308872000,20241121,20241205
닭고기,닭고기,간장제외/닭고기두부우엉덮밥 밀키트,즉석조리식품,제조일로부터 12개월,,쿡베이스,202002308871744,20240503,20250821
닭고기,닭고기,간장제외/닭고기두부우엉덮밥 밀키트(베이직),즉석조리식품,제조일로부터 12개월,,쿡베이스,202002308871769,20240517,20250821
닭고기,닭고기,간장제외/닭고기들깨미역국,즉석조리식품,제조일로부터 12개월,,쿡베이스,202002308872070,20260408,20260410
닭고기,닭고기,간장제외/닭고기무국,즉석조리식품,제조일로부터 12개월,,쿡베이스,202002308872068,20260408,20260409
닭고기,닭고기,간장제외/닭고기미역국,즉석조리식품,제조일로부터 12개월,,쿡베이스,202002308872069,20260408,20260409
닭고기,닭고기,간장제외/닭고기배추국,즉석조리식품,제조일로부터 12개월,,쿡베이스,202002308872067,20260408,20260410
닭고기|부추,"닭고기,부추",간장제외/닭고기버섯부추국,즉석조리식품,제조일로부터 12개월,,쿡베이스,202002308872066,20260408,20260409
닭고기,닭고기,간장제외/닭고기비트덮밥 밀키트,즉석조리식품,제조일로부터 12개월,,쿡베이스,202002308871747,20240503,20240611
닭고기,닭고기,간장제외/닭고기비트덮밥 밀키트(베이직),즉석조리식품,제조일로부터 12개월,,쿡베이스,202002308871772,20240517,20240521
닭고기,닭고기,간장제외/닭고기팽이버섯들깨탕,즉석조리식품,제조일로부터 12개월,,쿡베이스,202002308872064,20260408,20260409
부추|유부,"부추,유부",간장제외/닭안심유부부추덮밥 밀키트,즉석조리식품,제조일로부터 12개월,,쿡베이스,202002308872031,20241121,20250821
부추|유부,"부추,유부",간장제외/닭안심유부부추덮밥 밀키트(베이직),즉석조리식품,제조일로부터 12개월,,쿡베이스,202002308872022,20241121,20250821
청경채,청경채,간장제외/닭안심청경채덮밥 밀키트,즉석조리식품,제조일로부터 12개월,,쿡베이스,202002308872028,20241121,20250110
청경채,청경채,간장제외/닭안심청경채덮밥 밀키트(베이직),즉석조리식품,제조일로부터 12개월,,쿡베이스,202002308871931,20241121,20250110
우엉,우엉,간장제외/대구살우엉렌틸콩덮밥 밀키트,즉석조리식품,제조일로부터 12개월,,쿡베이스,202002308872024,20241121,20250110
우엉,우엉,간장제외/대구살우엉렌틸콩덮밥 밀키트(베이직),즉석조리식품,제조일로부터 12개월,,쿡베이스,202002308871999,20241121,20241205
돼지고기,돼지고기,간장제외/돼지고기곤드레야채덮밥 밀키트,즉석조리식품,제조일로부터 12개월,,쿡베이스,202002308872036,20241121,20250110
돼지고기,돼지고기,간장제외/돼지고기곤드레야채덮밥 밀키트(베이직),즉석조리식품,제조일로부터 12개월,,쿡베이스,202002308872008,20241121,20241205
돼지고기,돼지고기,간장제외/돼지고기두부청경채탕,즉석조리식품,제조일로부터 12개월,,쿡베이스,202002308872075,20260408,20260612
돼지고기,돼지고기,간장제외/돼지고기배추무국,즉석조리식품,제조일로부터 12개월,,쿡베이스,202002308872079,20260408,20260612
돼지고기,돼지고기,간장제외/돼지고기버섯된장국,즉석조리식품,제조일로부터 12개월,,쿡베이스,202002308872080,20260408,20260612
돼지고기|숙주,"돼지고기,숙주",간장제외/돼지고기숙주참나물국,즉석조리식품,제조일로부터 12개월,,쿡베이스,202002308872077,20260408,20260612
돼지고기,돼지고기,간장제외/돼지고기아기감자탕,즉석조리식품,제조일로부터 12개월,,쿡베이스,202002308872076,20260408,20260612
돼지고기,돼지고기,간장제외/돼지고기애호박찌개,즉석조리식품,제조일로부터 12개월,,쿡베이스,202002308872078,20260408,20260612
숙주,숙주,간장제외/돼지안심숙주덮밥 밀키트,즉석조리식품,제조일로부터 12개월,,쿡베이스,202002308872034,20241121,20250110
숙주,숙주,간장제외/돼지안심숙주덮밥 밀키트(베이직),즉석조리식품,제조일로부터 12개월,,쿡베이스,202002308872006,20241121,20241205
유부,유부,간장제외/돼지안심유부덮밥 밀키트,즉석조리식품,제조일로부터 12개월,,쿡베이스,202002308871755,20240503,20240523
유부,유부,간장제외/돼지안심유부덮밥 밀키트(베이직),즉석조리식품,제조일로부터 12개월,,쿡베이스,202002308871780,20240517,20240521
콩나물,콩나물,간장제외/돼지안심콩나물야채덮밥 밀키트,즉석조리식품,제조일로부터 12개월,,쿡베이스,202002308872017,20241121,20241205
콩나물,콩나물,간장제외/돼지안심콩나물야채덮밥 밀키트(베이직),즉석조리식품,제조일로부터 12개월,,쿡베이스,202002308871993,20241121,20241205
애호박,애호박,간장제외/두부애호박가지버섯덮밥 밀키트,즉석조리식품,제조일로부터 12개월,,쿡베이스,202002308872030,20241121,20250821
애호박,애호박,간장제외/두부애호박가지버섯덮밥 밀키트(베이직),즉석조리식품,제조일로부터 12개월,,쿡베이스,202002308872003,20241121,20250821
애호박,애호박,간장제외/새우애호박버섯국,즉석조리식품,제조일로부터 12개월,,쿡베이스,202002308872081,20260408,20260410
콩나물,콩나물,간장제외/새우콩나물국,즉석조리식품,제조일로부터 12개월,,쿡베이스,202002308872085,20260408,20260410
숙주,숙주,간장제외/숙주나물 밀키트,즉석조리식품,제조일로부터 12개월,,쿡베이스,202002308871803,20240509,20260402
시금치,시금치,간장제외/순두부시금치된장국,즉석조리식품,제조일로부터 12개월,,쿡베이스,202002308872090,20260408,20260410
애호박,애호박,간장제외/순두부애호박국,즉석조리식품,제조일로부터 12개월,,쿡베이스,202002308872087,20260408,20260410
콩나물,콩나물,간장제외/순두부콩나물양배추국,즉석조리식품,제조일로부터 12개월,,쿡베이스,202002308872093,20260408,20260410
시금치,시금치,간장제외/시금치나물 밀키트,즉석조리식품,제조일로부터 12개월,,쿡베이스,202002308871794,20240509,20260402
시금치,시금치,간장제외/시금치된장국,즉석조리식품,제조일로부터 12개월,,쿡베이스,202002308872052,20260402,20260409
시금치,시금치,간장제외/시금치버섯덮밥 밀키트,즉석조리식품,제조일로부터 12개월,,쿡베이스,202002308871759,20240503,20240524
시금치,시금치,간장제외/시금치버섯덮밥 밀키트(베이직),즉석조리식품,제조일로부터 12개월,,쿡베이스,202002308871784,20240517,20240521
시금치,시금치,간장제외/시금치새송이맑은국,즉석조리식품,제조일로부터 12개월,,쿡베이스,202002308872056,20260402,20260409
애호박,애호박,간장제외/애호박감자맑은국,즉석조리식품,제조일로부터 12개월,,쿡베이스,202002308872045,20260331,20260402
애호박,애호박,간장제외/애호박나물 밀키트,즉석조리식품,제조일로부터 12개월,,쿡베이스,202002308871795,20240509,20260507
애호박,애호박,간장제외/애호박배추된장국,즉석조리식품,제조일로부터 12개월,,쿡베이스,202002308872051,20260401,20260409
닭고기,닭고기,간장제외/양배추닭고기스프,즉석조리식품,제조일로부터 12개월,,쿡베이스,202002308872073,20260408,20260410
닭고기,닭고기,간장제외/양송이토마토닭고기덮밥 밀키트,즉석조리식품,제조일로부터 12개월,,쿡베이스,202002308871743,20240503,20240611
닭고기,닭고기,간장제외/양송이토마토닭고기덮밥 밀키트(베이직),즉석조리식품,제조일로부터 12개월,,쿡베이스,202002308871768,20240517,20240521
청경채,청경채,간장제외/청경채대구탕,즉석조리식품,제조일로부터 12개월,,쿡베이스,202002308872058,20260408,20260409
청경채,청경채,간장제외/청경채버섯덮밥 밀키트,즉석조리식품,제조일로부터 12개월,,쿡베이스,202002308872016,20241121,20250821
청경채,청경채,간장제외/청경채버섯덮밥 밀키트(베이직),즉석조리식품,제조일로부터 12개월,,쿡베이스,202002308871992,20241121,20250821
콩나물,콩나물,간장제외/콩나물 밀키트,즉석조리식품,제조일로부터 12개월,,쿡베이스,202002308871806,20240509,20260402
콩나물,콩나물,간장제외/콩나물대구탕,즉석조리식품,제조일로부터 12개월,,쿡베이스,202002308872060,20260403,20260409
콩나물,콩나물,간장제외/콩나물맑은국,즉석조리식품,제조일로부터 12개월,,쿡베이스,202002308872048,20260331,20260402
청경채,청경채,간장제외/한우청경채버섯덮밥 밀키트,즉석조리식품,제조일로부터 12개월,,쿡베이스,202002308872037,20241121,20250110
청경채,청경채,간장제외/한우청경채버섯덮밥 밀키트(베이직),즉석조리식품,제조일로부터 12개월,,쿡베이스,202002308872009,20241121,20241205
콩나물,콩나물,간장제외/한우콩나물근대국,즉석조리식품,제조일로부터 12개월,,쿡베이스,202002308872100,20260408,20260410
조개,조개,간장조개장소스,소스,제조일로부터 냉장1년,,(주)나이스푸드,20020607788363,20230418,20230705
조개,조개,간장조개장소스(냉동),소스,제조일로부터 냉동1년6개월,,(주)나이스푸드,20020607788364,20230418,20230705
청양고추,청양고추,간장청양고추절임,절임식품,제조일로부터 365일,,농업회사법인 천등산(주),2004043506639,20231102,20240126
조개,조개,간장피조개,기타 수산물가공품,제조일로부터 24개월,,주)초록햇살,20160321192146,20240819,20240824
청양고추,청양고추,간청양고추,천연향신료,제조일로부터 10일까지,,농업회사법인(주)거북,20210452023125,20250904,20250905
청양고추,청양고추,간청양고추,천연향신료,25일,-,청수산업,2021038901710,20230113,20230118
청양고추,청양고추,간청양고추,과.채가공품,,제조일로부터 10일,아름드리영농조합법인,201804972446,20230806,20240117
청양고추,청양고추,간청양고추,과.채가공품,10일,,(주)마스타식품,2012026335814,20150903,20250930
청양고추,청양고추,간청양고추,천연향신료,제조일로부터 10일,,파인그린 농업회사법인(주),2022061313118,20221006,20221008
청양고추,청양고추,간청양고추,천연향신료,제조일로부터 25일까지,,농업회사법인 제이팜 주식회사,2014036845217,20170903,20170907
청양고추,청양고추,간청양고추,천연향신료,제조일로부터 10일(냉장),,마이에프앤디,2010024216011,20221011,20221013
청양고추,청양고추,간청양고추(간땡초),천연향신료,제조일로부터 냉동1년,,(주)나이스푸드,20020607788232,20170614,20180301
청양고추,청양고추,간청양고추(냉동),과.채가공품,제조일로부터 24개월,,(주)마스타식품,2012026335860,20260331,20260409
조기,조기,간침조기,기타 수산물가공품,제조일로부터 24개월까지,,오늘의삼천포(주),2022086034621,20250407,20250419
콩나물,콩나물,간콩나물,과.채가공품,7일,-,청수산업,2021038901717,20230206,20230208
갈치,갈치,간편 갈치구이,기타 수산물가공품,2개월,,구이푸드,2017052813242,20190527,20190529
갈치,갈치,간편 갈치구이,즉석조리식품,12개월,,구이푸드,20170528132105,20250812,20250902
갈치,갈치,간편 갈치조림(냉동),기타 수산물가공품,제조일로 부터 12개월,,(주)깊은바다,20180144565124,20220517,20220518
시래기,시래기,간편 건시래기나물 스프레드(냉동),즉석조리식품,제조일로부터 1년,,(주)남도애꽃,20120347190102,20190314,20240203
시래기,시래기,간편 건시래기나물볶음,즉석조리식품,제조일로부터 1년,,(주)남도애꽃,20120347190101,20190313,20240203
계란,계란,간편 계란국,즉석조리식품,제조일로부터 12월,,상미식품주식회사,199104490041054,20240328,20240329
굴소스,굴소스,간편 굴소스 부산어묵,어묵,제조일부터 13일,,(주)사조대림,19880311002433,20161227,20161227
수박,수박,간편 까망애플수박,신선편의식품,제조일로부터 7일까지,,농업회사법인(주)정진에프피씨,20240548138154,20260520,20260528
시래기,시래기,간편 꼬시래기,기타 수산물가공품,제조일로부터 1년,,(주)진현,2015060760957,20191001,20191003
다시마,다시마,간편 다시마,기타 수산물가공품,제조일로부터 1년,,(주)진현,2015060760956,20191001,20191003
다시마,다시마,간편 다시마채,기타 수산물가공품,제조일로부터 1년,,(주)진현,2015060760955,20191001,20191003
부추,부추,간편 부추,기타가공품,제조일로부터 7일,,삼계농협 농산물산지유통센터,20120528028108,20200521,20200522
부추,부추,간편 부추,과.채가공품,5일,5일,주식회사 제이푸드월드,2019038769934,20231116,20231121
브로콜리,브로콜리,간편 브로콜리 잡채(매콤한맛),즉석조리식품,제조일로부터 12개월까지,,(주)남도애꽃,20120347190404,20230224,20240203
브로콜리,브로콜리,간편 브로콜리 잡채(전통맛),즉석조리식품,제조일로부터 12개월까지,,(주)남도애꽃,20120347190403,20230224,20240203
당면,당면,간편 생당면,숙면,제조일로부터 12개월,,주식회사 한교,1991050103952,20230601,20241210
수박,수박,간편 속노랑 수박,신선편의식품,제조일로부터 7일까지,,농업회사법인(주)정진에프피씨,20240548138155,20260520,20260528
수박,수박,간편 수박,신선편의식품,제조일로부터 7일까지,,농업회사법인(주)정진에프피씨,20240548138216,20260210,20260213
시래기,시래기,간편 시래기차 나물,과.채가공품,포장일로부터 1년,,도림원 영농조합법인,2007055610162,20180611,20191221
당면,당면,간편 쏙 네모당면,건면,24개월,제조일로부터 24 개월,(주)한밭식품,19970467134203,20260528,20260529
애호박,애호박,간편 애호박,과.채가공품,5일,5일,주식회사 제이푸드월드,2019038769930,20231116,20231121
애호박,애호박,간편 애호박,기타가공품,제조일로부터 7일,,삼계농협 농산물산지유통센터,2012052802896,20190207,20190209
상추,상추,간편 양상추,과.채가공품,5일,5일,주식회사 제이푸드월드,2019038769928,20231116,20231121
시래기,시래기,간편 제주무청시래기 요리한끼,과.채가공품,제조일로부터 24개월,,제주마미,20170627012111,20260324,20260410
참외,참외,간편 조각 참외,신선편의식품,제조일로부터 7일까지,,농업회사법인(주)정진에프피씨,20140368099288,20250903,20260523
수박,수박,간편 조각수박,신선편의식품,제조일로부터 5일 까지,,농업회사법인 주식회사 아나나스푸드,20100332430396,20230425,20260521
상추,상추,간편 채소 양상추,신선편의식품,제조일로부터 7일까지,,농업회사법인(주)정진에프피씨,20140368099179,20230329,20260115
키위,키위,간편 키위,신선편의식품,제조일로부터 7일까지,,농업회사법인(주)정진에프피씨,20240548138215,20260210,20260213
수박,수박,간편 흑미수박,신선편의식품,제조일로부터 7일까지,,농업회사법인(주)정진에프피씨,20240548138156,20260520,20260528
갈치,갈치,간편갈치조림,간편조리세트,제조일로부터7일,,(주)은해씨월드 인천지점,2021021262220,20211119,20220113
계란,계란,간편계란볶음밥 행복한맛남,즉석조리식품,제조일로부터 9개월까지,,(주)아워홈,200206141791113,20250101,20251018
김자반,김자반,간편김자반,기타가공품,제조일로부터 7일(냉장),,집반찬연구소,20010193033992,20240701,20251118
부침가루,부침가루,간편노릇 부침가루,곡류가공품,제조일로부터 24개월까지,,주식회사 제이푸드서비스,20110360063352,20220906,20250613
청양고추,청양고추,간편다진청양고추,천연향신료,24개월,,산내들,202003717445,20200530,20200616
청양고추,청양고추,간편다진청양고추,향신료조제품,25일(냉장),,라움메이드 주식회사,20110368167305,20250319,20250515
명태,명태,간편명태순살,건어포,1년,,재경상사,201304030235,20190529,20230610
미역줄기,미역줄기,간편미역줄기,기타 수산물가공품,제조일로부터 1년,,(주)진현,2015060760954,20191001,20191003
튀김가루,튀김가루,간편바삭 튀김가루,곡류가공품,제조일로부터 24개월까지,,주식회사 제이푸드서비스,20110360063353,20220906,20250613
다시마,다시마,간편솥밥 후레이크 톳다시마,기타 수산물가공품,제조일로부터 12개월까지,,(주)우리찬,20030208630712,20211207,20211209
시래기,시래기,간편시래기,기타가공품,12개월,,(주)미들찬 농업회사법인,2015061119375,20191115,20191120
시래기,시래기,간편시래기된장국,즉석조리식품,제조일로부터 12개월,,상미식품주식회사,19910449004933,20211209,20260418
목살,목살,간편식-목살김치덮밥,즉석조리식품,제조일로부터 냉동 9개월,,다원푸드서비스(주) 쉐프랑,202104240501137,20250612,20250614
상추,상추,간편양상추,신선편의식품,제조일로부터 6일까지,,농업회사법인주식회사 저스트그린,20150360314151,20180808,20260411
상추,상추,간편줄기상추,절임식품,제조일로부터 90일,제조일로부터 90일,라움메이드 주식회사,20110368167307,20251106,20251113
청양고추,청양고추,간편청양고추,과.채가공품,제조일로부터 36개월,,(주)트루나스,20170433712207,20191216,20210129
김자반,김자반,간편하게 비벼먹는 김자반,조미김,12개월,12개월,(주)김노리,2013047312942,20160408,20190201
김자반,김자반,간편하게 뿌려먹는 견과 김자반,조미김,12개월,12개월,(주)김노리,2013047312978,20170526,20170622
김자반,김자반,간편하게 뿌려먹는 해물 김자반,조미김,12개월,12개월,(주)김노리,2013047312977,20170526,20170622
수박,수박,간편하게 즐기는 조각수박,신선편의식품,5일(냉장),,농업회사법인(주)정진에프피씨,20240548138103,20240510,20240514
키위,키위,간편하게 즐기는 하프컷 키위 12입,신선편의식품,제조일로부터 8일까지,,농업회사법인주식회사푸드팩토리,20150541089404,20250416,20250430
키위,키위,간편하게 즐기는 하프컷 키위 4입,신선편의식품,제조일로부터 8일까지,,농업회사법인주식회사푸드팩토리,20150541089403,20250416,20250430
볶음참깨,볶음참깨,간편하게 톡톡 고소함이 솔솔 볶음참깨,기타 농산가공품,제조일로부터 12개월까지,,농업회사법인 한생 주식회사,20050471173237,20240705,20240709
갈치,갈치,간편한 갈치 조림,기타 수산물가공품,제조일로부터 1년6개월,,(주)등푸른식품,20000144393208,20221214,20260110
갈치,갈치,간편한 갈치 조림,기타 수산물가공품,제조일로부터 18개월,,주식회사 등푸른식품,2023016509848,20260323,20260424
갈치,갈치,간편한 갈치구이,기타 수산물가공품,제조일로부터2개월까지,,구이푸드,2017052813293,20220328,20220402
돼지고기,돼지고기,간편한 국내산돼지고기김치찜,조림류,제조일로부터 12개월 까지,,(주)녹선,200103770922209,20251203,20251205
숙주,숙주,간편한 닭가슴살 차돌숙주볶음밥,즉석조리식품,제조일로부터 12개월,,주식회사 엄지식품,201504932081092,20230320,20240117
명태,명태,간편한 속초식 명태초무침,양념젓갈,제조일로부터 1년까지,,(주)녹선,200103770922118,20250821,20250826
귀리,귀리,간편한 식단 도시락 귀리곤약밥&한입닭가슴살,즉석조리식품,냉동 9개월,,(주)이에스그린푸드,20170443338774,20250820,20260224
쌈장,쌈장,간편한 쌈장,혼합장,제조일로부터 18개월,해당없음,(주)진미식품,20110444050145,20200428,20250715
김자반,김자반,간편한 한끼 김자반,조미김,12개월,,케이푸드테크(주),2006050001777,20220414,20220517
돼지고기,돼지고기,간편한국산돼지고기장조림,조림류,제조일로부터 12개월,,한성기업(주),19840607028222,20240423,20241108
콩나물,콩나물,간편韓정식 황태즉석콩나물국,즉석조리식품,제조일로부터 12개월,,농업회사법인 주식회사 프롬웰,20110521028148,20210611,20210612
즉석밥,즉석밥,간편한즉석밥블렌딩,커피원두,2개월,제조일로부터 2개월,원더월커피로스터스,2015004296220,20220105,20230913
시래기,시래기,간편해서 좋은 꼬시래기,기타 수산물가공품,제조일로부터 24개월,,완도맘영어조합법인,2018053314120,20230517,20230525
다시마,다시마,간편해서 좋은 다시마,기타 수산물가공품,제조일로부터 24개월,,완도맘영어조합법인,2018053314122,20230517,20230525
조기,조기,간편황금조기구이,기타 수산물가공품,24개월,,(주)코람데오,2020052805199,20250110,20250114
볶음참깨,볶음참깨,갈깨유 중국산 볶음참깨,기타 농산가공품,제조일로부터 12개월,,(주)유앤미스마트팜농업회사법인,2021047024485,20250618,20250619
올리고당,올리고당,갈락토올리고당 분말(네오고스-P70),올리고당,제조일로부터 36개월까지,,(주)네오크레마 익산공장,2016027504551,20181012,20240315
올리고당,올리고당,갈락토올리고당분말,올리고당,제조일로부터 24개월,,(주)네오크레마 익산공장,2016027504512,20160927,20240117
올리고당,올리고당,갈락토올리고당을 함유한 겟 소버 헛개커피,액상차,제조일로부터 24개월,,주식회사 보성녹차인 1공장,1996051900678,20130508,20160706
계란,계란,갈릭계란4P,즉석섭취식품,제조일로부터 48시간,,(주)스위시팩토리,2025052522756,20250904,20250906
굴소스,굴소스,갈릭굴소스,소스,제조일로부터 3개월,해당없음.,(주)하농식품,2019039103423,20230912,20231025
굴소스,굴소스,갈릭굴소스,소스,제조일로부터 06개월,,비에이치푸드케어(주),200103723433509,20240418,20240706
굴소스,굴소스,갈릭굴소스볶음용 소스&건더기,소스,제조일로부터 4개월,,(주)피피이씨음성생면,198804450091128,20191224,20191228
브로콜리,브로콜리,갈릭꼬 통양배추 브로콜리즙,과.채주스,제조일로부터 18개월 까지,,농업회사법인 우포의아침 주식회사,20110618121260,20210608,20210609
마요네즈,마요네즈,갈릭마요네즈드레싱,소스,제조일로부터3개월까지,,(주)대호가,20110368667151,20160331,20160706
마요네즈,마요네즈,갈릭마요네즈소스-GS,소스,제조일로부터 18개월까지(냉동보관),,(주)제이엔제이푸드,20150443030799,20210906,20211008
소시지,소시지,갈릭버터감자&소시지,즉석섭취식품,제조시간으로부터 65시간까지,,롯데부산CK 주식회사,200206143693072,20251030,20251105
소시지,소시지,갈릭버터감자&소시지,즉석섭취식품,제조시간으로부터 65시간,,롯데광주CK 주식회사,200202215922364,20251028,20251029
소시지,소시지,갈릭버터감자&소시지,즉석섭취식품,제조시간으로부터 65시간 까지,,롯데용인CK 주식회사,200003470523214,20251024,20251028
베이컨,베이컨,갈릭베이컨볶음밥,즉석조리식품,제조일로부터 12개월,,주식회사 엄지식품,201504932081212,20240313,20240317
베이컨,베이컨,갈릭베이컨숲,즉석조리식품,제조일로부터 12개월(냉동),,농업회사법인 주식회사 더초원,2019028022850,20250901,20250903
베이컨,베이컨,갈릭베이컨주먹밥,기타가공품,냉동(-18 ℃이하)에서 제조일로부터 9개월,,(주)선진fs,2015035824815,20220224,20230330
베이컨,베이컨,갈릭베이컨주먹밥튀김,기타가공품,냉동(-18 ℃이하)에서 제조일로부터 9개월,,(주)선진fs,2015035824819,20230327,20250814
베이컨,베이컨,갈릭베이컨포테이토샐러드,즉석섭취식품,"냉장, 40일",,(주)시아스,200504150203145,20180816,20180817
소시지,소시지,갈릭소시지김밥,즉석섭취식품,제조시간으로부터 96시간,,(주)우리델리카,20150443298785,20240903,20240905
소시지,소시지,갈릭소시지볶음밥,즉석조리식품,제조일로부터 12개월,,주식회사 엄지식품,20150493208688,20201202,20240117
소시지,소시지,갈릭소시지브레드,빵류,제조일로부터 7일까지,,(주)디엔비,19980320030407,20201116,20220518
소시지,소시지,갈릭소시지빵,빵류,제조일로부터 15일,,주식회사삼립,199503380157155,20151214,20170104
쌈장,쌈장,갈릭치즈쌈장,소스,제조일로부터 6개월,,(주)텃밭에프앤에스,20120364971345,20240528,20260201
명태,명태,갈릭크런치 명태 탕수어,기타 수산물가공품,제조일로부터 12개월,,(주)이정푸드,20140128202153,20250213,20250218
후추,후추,갈릭크림 바게트 후추맛,과자,실온 10개월,,파파브레드,20110275040773,20221122,20221126
닭다리,닭다리,갈릭페퍼 로스트 닭다리살 샐러드,신선편의식품,6일,,주식회사 에이타워,2015021116147,20220408,20230330
쌈장,쌈장,갈릭홀릭 마라쌈장,소스,제조일로부터 12개월,,특별한맛 주식회사,2019039311888,20260305,20260309
쌈장,쌈장,갈릭홀릭 수퍼핫 쌈장소스,소스,제조일로부터 12개월,,특별한맛 주식회사,2019039311875,20241108,20250402
쌈장,쌈장,갈릭홀릭 쌈장마요 소스,소스,제조일로부터 12개월,,특별한맛 주식회사,2019039311877,20250326,20251203
쌈장,쌈장,갈릭홀릭 쌈장소스,소스,제조일로부터 12개월,,특별한맛 주식회사,2019039311874,20241106,20250402
쌈장,쌈장,갈릭홀릭 트러플 쌈장마요 소스,소스,제조일로부터 12개월,,특별한맛 주식회사,2019039311878,20250328,20251203
후추,후추,갈릭후추후레이크,기타가공품,제조일로부터 12개월까지,,우일수산(주) 장항1지점,2009047105853,20250609,20250610
조개,조개,갈매기조개살,기타 수산물가공품,제조일로부터 24개월,,경남수산(주),1997059902723,20060524,20160706
목살,목살,갈비맛목살스테이크,식육함유가공품,제조일로부터 12개월,,주식회사미소에프엔씨,2007044902423,20160426,20230217
삼겹살,삼겹살,갈비맛벌집삼겹살용소스,소스,제조일로부터6개월,,(주)조리쿡,2004035523730,20070907,20201209
닭다리,닭다리,갈비소스와 닭다리구이 덮밥,즉석조리식품,제조일로부터 12개월까지,,(주)푸드인모닝스타,20220493563182,20240808,20240814
목살,목살,갈비양념 목살구이,즉석조리식품,제조일로부터 5일,,도리깨침,20200280142907,20251010,20251014
물엿,물엿,갈비용 물엿,당류가공품,제조일로부터 2년,,한강식품,1992035502278,20040116,20160706
설탕,설탕,갈색설탕,설탕,무,,(주)삼양사울산1공장,1968024700220,19920311,20250823
설탕,설탕,갈색설탕,설탕,없음,,씨제이제일제당(주),1973019001530,20020625,20220326
설탕,설탕,갈색설탕,설탕,없음,,대한제당(주),1978019001228,20030512,20260205
설탕,설탕,갈색설탕향 MBD3627,향료,,해당없음,(주)두비산업,199503421851358,20230630,20230701
수박,수박,갈아만든 고창수박,과.채음료,제조일로부터 12개월,,주식회사 신생활식품,19930571069370,20170804,20170915
새우젓,새우젓,갈아만든 광천토굴새우젓,젓갈,제조일로부터 2년까지,제조일로부터 2년,광천토굴전통식품,2011047305480,20180418,20180420
수박,수박,갈아만든 논산 수박,과.채가공품,제조일로 부터 36개월,,농업회사법인 주식회사 네이처팜 제2공장,2023082402019,20260616,20260617
수박,수박,갈아만든 논산 수박,과.채가공품,제조일로부터 24개월까지,,(주)신성티엔에프,20090473152676,20260327,20260403
새우젓,새우젓,갈아만든 새우젓,젓갈,제조일로부터 12개월,,오천농협액젓가공공장,1994045915264,20200723,20250904
참외,참외,갈아만든 참외스무디,과.채가공품,제조일로부터 3년까지,,농업회사법인 주식회사 지엔에프앤비 2공장,2015056908388,20220329,20220331
키위,키위,갈아만든 키위,과.채음료,제조일부터  24개월,해당없음,(주)즙스토리,2023043174191,20260424,20260430
키위,키위,갈아만든 키위청,액상차,제조일로부터2년,,이고장식품,2014047801764,20220411,20250930
키위,키위,갈아만든 키위키트,과.채가공품,제조일부터  24개월,해당없음,(주)즙스토리,2023043174152,20251014,20260429
키위,키위,갈아만든그린키위,과.채가공품,제조일로부터24개월,,푸드에이스,20140445270303,20211231,20220127
설탕,설탕,갈아만든무설탕생강차,액상차,제조일부터2년,해당없음,참들애바이오푸드 영농조합법인,19880622012105,20241007,20241009
새우젓,새우젓,갈아만든새우젓,젓갈,,제조일로부터 18개월(냉장),아라찬식품,201404640556,20141107,20160706
부추,부추,갈은 부추,기타가공품,제조일로부터 365일,,삼봉식품,2011020873881,20191016,20191019
부추,부추,갈은 부추,기타가공품,제조일로부터 14일,,농업회사법인 씨알에프앤씨주식회사,2007044704073,20161221,20161223
새우젓,새우젓,갈은 새우젓,젓갈,제조일로부터 1년,,보령식품영어조합법인,1996045916528,20200212,20250925
새우젓,새우젓,갈은 새우젓,젓갈,제조일로부터 12개월,,(주)서해글로벌,2012035547025,20150716,20250429
새우젓,새우젓,갈은새우젓,젓갈,제조일로부터 1년,,주식회사 동해글로벌,2021049170510,20240123,20240221
새우젓,새우젓,갈은새우젓,젓갈,제조일로부터 12개월까지,,경성식품,202202490493,20220729,20220802
새우젓,새우젓,갈은새우젓 오리진,젓갈,제조일로부터 1년,,(주)서해글로벌,2012035547039,20170330,20241224
숙주,숙주,갈은숙주,과.채가공품,제조일로부터 5일,,프레시플러스(주)공주제4공장,2011045808516,20170623,20170626
숙주,숙주,갈은숙주,과.채가공품,제조일로부터5일,,농업회사법인주식회사237오르토,2021037649648,20230104,20260418
갈치,갈치,갈치,기타 수산물가공품,제조일로부터1년 (냉동),,조아수산(주),2011029466415,20121220,20160706
갈치,갈치,갈치,기타 수산물가공품,제조일로부터 730일까지,,부경수산주식회사,201703685216,20170720,20251025
갈치,갈치,갈치,기타 수산물가공품,24개월,,정인수산,2007014404412,20130204,20201021
갈치,갈치,갈치,기타 수산물가공품,9개월,,(주)세건 경기지점,201103471307,20110905,20160706
갈치,갈치,갈치,기타 수산물가공품,제조일로부터 1년,,주식회사 우리바다살림,201603683635,20180305,20200917
갈치,갈치,갈치,기타 수산물가공품,제조일로부터180일(냉동),,주식회사 이소,2004029404243,20120829,20160703
갈치,갈치,갈치,기타 수산물가공품,제조일로부터2년,,경인북부수산업협동조합,2001036267417,20040628,20180112
갈치,갈치,갈치,기타 수산물가공품,제조일로부터 1년(냉동 -18도이하),,(주)헤아림,200903470268,20090305,20220920
갈치,갈치,갈치,기타 수산물가공품,1년,,스마일푸드,201403655177,20141218,20260201
갈치,갈치,갈치,기타 수산물가공품,1년,,(주)늘봄푸드,201203552611,20120417,20160706
갈치,갈치,갈치,기타 수산물가공품,제조일로부터 24개월까지,,구미수산지산점,2015054853944,20160421,20171230
갈치,갈치,갈치,기타 수산물가공품,제조일 부터 1년,,자현F.S,201203452169,20150812,20170318
갈치,갈치,갈치,기타 수산물가공품,제조일로부터 1년,,제이에스유통,201203451888,20120705,20180131
갈치,갈치,갈치,기타 수산물가공품,제조일로부터 9개월(냉동보관),,주식회사 용궁냉동,2005016902925,20070104,20180123
갈치,갈치,갈치,기타 수산물가공품,제조일로부터 9개월(-18℃이하 보관),,부경수산(주),1976014400933,20040709,20180107
갈치,갈치,갈치,기타 수산물가공품,제조일로부터 1년,,웃는물고기,2016034534410,20160826,20230106
갈치,갈치,갈치,기타 수산물가공품,제조일로부터 180일(냉동보관),,수산대장,2014019018335,20140702,20160706
갈치,갈치,갈치,기타 수산물가공품,1년(냉동),,신성푸드,201403470834,20140423,20160706
갈치,갈치,갈치,기타 수산물가공품,12개월,,김앤장푸드,201303556027,20140312,20160706
갈치,갈치,갈치,기타 수산물가공품,냉동제품: 제조일로부터 24개월,,주식회사경영푸드,202507714741,20250729,20250731
갈치,갈치,갈치,기타 수산물가공품,1년(냉동),,에스아이몰,201403552719,20160302,20160706
젓갈,젓갈,갈치골드젓갈,젓갈,제조일로부터 12개월,,신영식품하루미,1991062727045,20051114,20170120
젓갈,젓갈,갈치살젓갈,양념젓갈,,제조일로부터 12개월,신영식품하루미,1991062727073,20140618,20210812
쌈장,쌈장,갈치속쌈장,양념젓갈,,제조일로부터 6개월,대천항식품,2025069900428,20260406,20260409
쌈장,쌈장,갈치속쌈장옛날옛젓,양념젓갈,제조일로부터 6개월,,(주)선태동굴식품,2003049310115,20041027,20240117
젓갈,젓갈,갈치속젓(양념젓갈),양념젓갈,제조일로부터6개월,,대성식품,200004640984,20000410,20160706
젓갈,젓갈,갈치속젓(젓갈),젓갈,제조일로부터6개월,,대성식품,2000046409814,20000411,20160706
젓갈,젓갈,갈치순태젓갈,양념젓갈,제조일로부터 6개월,,주식회사 로열푸드 코리아,20160130135416,20221024,20250710
쌈장,쌈장,갈치쌈장,양념젓갈,제조일로부터 1년,,(주)유양,1994045922556,20200623,20210608
쌈장,쌈장,갈치쌈장,양념젓갈,제조일로부터 12개월,제조일로부터 12개월,(주)엄다종합식품,2021040197618,20240717,20241010
쌈장,쌈장,갈치쌈장,양념젓갈,제조일로부터 180일,,오천농협액젓가공공장,1994045915278,20250502,20250711
젓갈,젓갈,갈치양념젓갈,양념젓갈,,제조일로부터 6개월,농업회사법인 주식회사 비에이비,2025077563518,20251219,20251220
젓갈,젓갈,갈치젓갈,양념젓갈,제조일로부터 12개월,,신영식품하루미,1991062727088,20250611,20250613
젓갈,젓갈,갈치젓갈,양념젓갈,제조일로부터 2년,,칠게신화정,2015050961311,20180607,20260115
젓갈,젓갈,갈치젓갈,젓갈,24개월,,광령식품,201306274494,20171123,20171201
젓갈,젓갈,갈치젓갈,젓갈,2년,,염씨네식품,197701560184,20061030,20191112
젓갈,젓갈,갈치젓갈,젓갈,제조일로부터 3년,,보길도식품,199705290965,20220311,20220312
젓갈,젓갈,갈치젓갈,젓갈,24개월,,손가원젓갈,200905385317,20161121,20201028
젓갈,젓갈,갈치젓갈,양념젓갈,제조일로부터 6개월,,목포바다,2017050321413,20200715,20200722
젓갈,젓갈,갈치젓갈,젓갈,2년,,대변식품,200601561238,20180322,20180329
젓갈,젓갈,갈치젓갈,젓갈,,2년,혜인식품,201601561015,20170919,20170923
젓갈,젓갈,갈치젓갈,젓갈,,4년,동해수산,201601561622,20160503,20160718
젓갈,젓갈,갈치젓갈,젓갈,2년,,원진식품,201706128281,20171122,20201015
젓갈,젓갈,갈치젓갈쌈장,양념젓갈,1년,,신화식품,20070392265145,20171230,20260305
젓갈,젓갈,갈치젓갈쌈장,소스,제조일로부터 6개월,,주식회사 바인푸드,20070080171178,20190618,20191227
조기,조기,갈치조기조림,소스,제조일로부터 10개월까지,,농업회사법인 리치푸드시스템(주),20180603200288,20220802,20230711
키위,키위,감귤&키위,과.채음료,제조일로부터 9개월,소비기한 설정 사유서 첨부,농업회사법인(주)자담,2009063123385,20240703,20240709
아이스크림,아이스크림,감귤맛아이스크림파우더,당류가공품,2년,,한국프레나,2006033212332,20200701,20200702
아이스크림,아이스크림,감귤아이스크림,빙과,제조 연월일 표시,,젤라또팩토리,2018003622215,20210803,20210804
음료,음료,감귤음료,과.채음료,12개월,,오케이에프음료 주식회사,20100543066444,20160517,20220219
계란,계란,감동계란빵 앤 페파로니올리브,빵류,제조일부터9개월까지,,(주)도깨비제과,2024028385010,20241008,20241011
젓갈,젓갈,감로차젓갈양념,소스,냉장보관 45일까지(10도이하 냉장보관),,주식회사사계절,2002038631390,20070810,20230610
계란,계란,감성 계란빵,빵류,제조일로부터 냉동보관(-18도이하) 9개월,,주식회사 마크로드제과,20060368135631,20230210,20250906
당면,당면,감자 닭볶음탕 & 불린당면,즉석조리식품,제조일로부터 5일,,하반 반찬,20250248963113,20260312,20260317
명태,명태,감자 바사삭 명태까스60,기타 수산물가공품,제조일로 부터 12개월까지,,초산씨푸드(주),20190144840134,20240226,20240424
명태,명태,감자 바사삭 명태까스80,기타 수산물가공품,제조일로 부터 12개월까지,,초산씨푸드(주),20190144840135,20240226,20240424
베이컨,베이컨,감자 베이컨 샐러드,즉석섭취식품,제조일로부터 4일,,(주)하늘재,2023050108939,20230508,20230512
브로콜리,브로콜리,감자 브로콜리 발효 쌀죽 프리믹스,곡류가공품,12개월,해당없음,주식회사 푸른가족,2016036471215,20170217,20260201
계란,계란,감자계란국,즉석조리식품,제조일로부터 7일,,팜스더프레시,20220299544347,20250324,20250327
계란,계란,감자계란국,즉석조리식품,제조일로부터 40일,,주식회사 내담에프앤비(NAEDAM F&B),20140466024643,20200217,20230901
계란,계란,감자계란국,즉석조리식품,제조일로부터 5일,,봉봉푸드,20210327069104,20230411,20260201
계란,계란,감자계란국,즉석섭취식품,,해당없음.,(주)푸드윈,20080342441266,20230412,20230413
귀리,귀리,감자귀리닭가슴영양밥,영.유아용 이유식,제조일로부터 20일,,주식회사 플라잉닥터 제2공장,20250483015714,20251229,20260224
당면,당면,감자납작당면,건면,제조일로부터 36개월,,농업회사법인(주)안성식품,1984046701066,20160822,20230214
닭고기,닭고기,감자닭고기대추죽,영.유아용 이유식,제조일로부터 12일,,주식회사 지니온,20240320157429,20240812,20240814
당면,당면,감자당면,건면,제조일로부터 24개월,,농업회사법인(주)안성식품,198404670107,19931021,20190806
부추,부추,감자떡만두 부추잡채,만두,제조일부터 12개월,,(주)사조오양 임실공장,20000498027236,20121019,20251220
부추,부추,감자떡왕만두 부추잡채,만두,제조일부터 12개월,,(주)사조오양 임실공장,20000498027260,20130521,20251220
부추,부추,감자부추아기밥,영.유아용 이유식,제조일로부터 25일,,(주)에르코스농업회사법인,20100231185612,20260303,20260324
부추,부추,감자부추진밥,영.유아용 이유식,제조일로부터 25일,,(주)에르코스농업회사법인,20100231185558,20260206,20260227
부침가루,부침가루,감자부침가루,기타 농산가공품,제조일로부터 2년,2년,한가람 농산,20010332724139,20180426,20180430
부침가루,부침가루,감자부침가루,서류가공품,제조일로부터12개월,,(주)봉평농원,1998039702531,20020131,20260117
부침가루,부침가루,감자부침가루,곡류가공품,제조일로부터 1년,,매일만나식품,1991044303554,20020329,20170120
부침가루,부침가루,감자부침가루,기타가공품,제조일로 부터 24개월,,(주)우리집사람들,19970397057131,20160217,20200625
부침가루,부침가루,감자부침가루,기타가공품,제조일로 부터 2년,2년,한가람 농산,20010332724140,20180427,20180502
부침가루,부침가루,감자부침가루,서류가공품,12개월,,초야식품,1993044502556,19930526,20170120
부침가루,부침가루,감자부침가루,서류가공품,제조일로부터 24개월,,(주)성진식품,1991036800621,20010721,20191025
부침가루,부침가루,감자부침가루,곡류가공품,제조일로부터 24개월,,오양식품 주식회사,19930154127571,20211124,20220215
브로콜리,브로콜리,감자브로콜리옹근죽,영.유아용 이유식,제조일로부터 12일까지,,(주)에코맘의 산골이유식,2020061403792,20200415,20201201
시금치,시금치,감자시금치된장국,즉석조리식품,제조일로부터 8일까지,,(주)에코맘의 산골이유식,20200614037505,20211026,20241001
시금치,시금치,감자시금치묽은죽,영.유아용 이유식,제조일로부터 60일,,주식회사 내담에프앤비(NAEDAM F&B),20140466024681,20210209,20250301
시금치,시금치,감자시금치보미,영.유아용 이유식,제조일로부터 12일까지,,(주)에코맘의 산골이유식,2020061403749,20200410,20230110
시금치,시금치,감자시금치죽,영.유아용 이유식,제조일로부터 20일,,주식회사 플라잉닥터 제2공장,20250483015312,20250714,20260402
시금치,시금치,감자시금치한우영양밥,영.유아용 이유식,제조일로부터 20일,,주식회사 플라잉닥터 제2공장,20250483015705,20251229,20251230
케첩,케첩,감자씬스틱 케첩맛,과자,"국내용 : 제조일로부터 6개월, 수출용 : 제조일로부터 9개월, 12개월",,미찌푸드 주식회사,20140383299286,20240520,20240523
애호박,애호박,감자애호박국,즉석조리식품,제조일로부터 8일까지,,(주)에코맘의 산골이유식,20200614037456,20201109,20210301
애호박,애호박,감자애호박누룽지진밥,영.유아용 이유식,제조일로부터 12개월 1일,,(주)두손푸드 칠보지점,20170490171274,20251223,20260106
애호박,애호박,감자애호박된장국,즉석조리식품,제조일로부터12일,,순수본 주식회사,20180491181151,20180419,20240117
애호박,애호박,감자애호박미음,영.유아용 이유식,제조일로부터 13일,,(주)아이푸드,20120320039328,20170328,20251001
애호박,애호박,감자애호박미음(실온),영.유아용 이유식,제조일로부터5개월,,(주)아이푸드,20120320039630,20240327,20240403
애호박,애호박,감자애호박죽,영.유아용 이유식,제조일로부터 25일(10℃이하 냉장보관),,(주)에르코스농업회사법인,2010023118564,20110222,20220503
애호박,애호박,감자애호박죽 밀키트,즉석조리식품,제조일로부터 12개월,,쿡베이스,2020023088780,20201013,20230318
애호박,애호박,감자애호박죽 밀키트(베이직),즉석조리식품,제조일로부터 12개월,,쿡베이스,202002308871026,20230516,20240808
애호박,애호박,감자애호박죽 밀키트(쌀포함),즉석조리식품,제조일로부터 12개월,,쿡베이스,202002308871441,20240213,20240221
애호박,애호박,감자애호박죽 밀키트(육수포함),즉석조리식품,제조일로부터 12개월,,쿡베이스,20200230887615,20210524,20240914
청경채,청경채,감자청경채닭가슴무른밥,영.유아용 이유식,제조일로부터 20일,,주식회사 플라잉닥터 제2공장,20250483015661,20251223,20251225
청경채,청경채,감자청경채닭죽,영.유아용 이유식,제조일로부터 12일,,순수본 주식회사,20180491181597,20240523,20240528
청경채,청경채,감자청경채한우죽,영.유아용 이유식,제조일로부터 15일,,주식회사 플라잉닥터 제2공장,2025048301556,20250630,20260611
케첩,케첩,감자칩 케첩맛,과자,6개월,,해태가루비(주) 제 2공장,2016038342879,20230711,20250617
케첩,케첩,감자튀김&케첩맛팝콘,과자,제조일로부터 12개월,,(주)바프,20030368161657,20240709,20250913
시금치,시금치,감자현미시금치죽,영.유아용 이유식,제조일로부터 12일,,순수본 주식회사,20180491181337,20200428,20240229
명태,명태,감재골 명태식해,양념젓갈,12개월,,(주)선해,201603836397,20200305,20230610
우엉,우엉,감천문화마을 수제 우엉차,침출차,제조일로부터 2년,제조일로부터 2년,부산꽃차,201701441431,20170404,20170407
우엉,우엉,감천문화마을 우엉차 티백,침출차,제조일로부터 2년,,다원바이오,20150182104261,20170508,20180530
김자반,김자반,감천문화마을 파래 김자반볶음,조미김,제조일로부터 1년,,선일물산(주),2001050315093,20181121,20181207
튀김가루,튀김가루,감탄 튀김가루,기타가공품,제조일로부터 12개월,,오뚜기라면(주),19860309018516,20091016,20221229
귀리,귀리,감탄귀리 골드,기타가공품,제조일로부터 22개월,,"주식회사 와이즈스푼(Wise spoon Co.,Ltd.)",2016035552218,20190328,20190504
귀리,귀리,감탄귀리 레드,기타가공품,제조일로부터 22개월,,"주식회사 와이즈스푼(Wise spoon Co.,Ltd.)",2016035552219,20190418,20190504
튀김가루,튀김가루,감탄튀김가루,기타가공품,제조일부터 1년,제조일부터 1년,(주)오투스페이스,200803453978,20170329,20250410
상추,상추,감태상추환,기타가공품,제조일로부터 24개월,,건강플러스,20150042798272,20201214,20201218
젓갈,젓갈,감포 통멸치 젓갈,젓갈,제조일로부터 36개월,,천연식품,1984053821735,20250304,20250305
도토리묵,도토리묵,갑동도토리묵,묵류,제조일로 부터 3일간,,갑동도토리묵공장,199505170061,20040303,20160706
삼겹살,삼겹살,갑오징어삼겹살볶음,즉석조리식품,제조일로부터7일,,주식회사장모님에프앤비,20230300165133,20240307,20240314
초장,초장,값진초장소스,소스,제조일로부터 6개월까지,,엠지푸드솔루션 주식회사,200100535802693,20240530,20240601
김자반,김자반,갓 볶은 돌김&김자반,조미김,제조일로부터 12개월,,(주)다성물산,2017028873516,20220809,20221214
김자반,김자반,갓 볶은 돌김자반,조미김,제조일로부터 1년,,(주)아라촌,202304370713,20230221,20260201
당면,당면,갓 튀긴 듯 바삭한 튀김에 촉촉한 당면을 꽉 채운 김말이는 바로 배민이지,즉석조리식품,제조일로부터 12개월까지,,(주) 푸르온,19990461386884,20230303,20240711
귀리,귀리,갓구운밥 귀리누룽지,곡류가공품,제조일로부터 12개월,제조일로부터 12개월,갓구운밥,201702212292,20210825,20210828
청양고추,청양고추,갓다진 건조청양고추,향신료조제품,제조일로부터 18개월까지,,(주)에프엔디,20170525300208,20240105,20240111
청양고추,청양고추,갓미학 전라도 청양고추김치,김치,제조일로부터 28일,,빛고을김치 영농조합법인,20050227625248,20250813,20250814
도토리묵,도토리묵,갓바위 도토리묵,묵류,제조일로부터 5일,,갑오식품,201805642185,20241218,20241224
우엉,우엉,갓바위우엉&단무지,절임식품,270일,,농업회사법인(주)세명농산,2001055843650,20060817,20160706
김자반,김자반,갓볶아 바삭하고 고소한 미로 김자반,조미김,제조일로부터 1년,1년,미로,202105270991,20221229,20240524
계란,계란,갓생게살계란탕용육수,소스,제조일부터 12개월 (냉동보관),,(주)동원홈푸드,2002046107315246,20241002,20241003
삼겹살,삼겹살,갓성비 삼겹살소금시즈닝,복합조미식품,12개월(실온),,주식회사 세원프레쉬,201503686511319,20250602,20250606
귀리,귀리,갓성비도시락 귀리밥과 치즈제육볶음,즉석조리식품,냉동 9개월,,(주)이에스그린푸드,20170443338462,20220613,20220624
소시지,소시지,갓성비도시락 햄야채볶음밥과 소시지야채볶음,즉석조리식품,냉동 9개월,,(주)이에스그린푸드,20170443338461,20220613,20220624
돼지고기,돼지고기,갓셰프 돼지고기묵은지두루치기,식육함유가공품,제조일로부터 12개월,,(유)더원에프엔씨,2020048811352,20250821,20250826
키위,키위,갓요 키위퓨레,과.채가공품,제조일로부터 12개월,,램프에프엔비,2022080389927,20231102,20231104
다시마,다시마,갓튀긴다시마,기타 수산물가공품,제조일로부터 6개월,,인동식품,199401881309,20081107,20210602
청양고추,청양고추,갓튀김청양고추어포,기타 어육가공품,제조일로부터 1년,,(주) 신화에프에스,20060332367176,20230220,20230222
볶음참깨,볶음참깨,강가네볶음참깨,기타가공품,12개월,,해표식품 영농조합법인,201004920878,20130215,20240117
귀리,귀리,강강술래 홈채움 보리귀리퐁,과자,12개월,,(주)아우노,2013017445140,20230206,20230215
애호박,애호박,강강술래청담동 애호박찌개,간편조리세트,제조일로부터 8개월[비살균],,(주)푸드장 양주,2014037019280,20220225,20220311
새우젓,새우젓,강경 맛깔젓 새우젓,젓갈,제조일로부터 24개월,제조일로부터 24개월,대복상회,201104642022,20260328,20260404
새우젓,새우젓,강경 새우젓,젓갈,제조일로부터 24개월,,강경진젓갈,201904704161,20191209,20191211
새우젓,새우젓,강경 새우젓,양념젓갈,품질유지기한으로 변경,제조일로부터 2년,충남상회,200004641957,20070523,20180620
새우젓,새우젓,강경새우젓,젓갈,,제조일로부터1년,주식회사 기림,201706044412,20170907,20180417
새우젓,새우젓,강경참새우젓,젓갈,제조일로부터 12개월,,아라찬식품,2014046405513,20180417,20180503
다시마,다시마,강고집멸치다시마국물팩,기타가공품,제조일로부터24개월,,(주)강고집,20140332261123,20221107,20221108
요구르트,요구르트,강남 스트롱 요구르트(수출용),청주,해당없음,,농업회사법인 대한주조 주식회사,2013001705597,20251111,20251223
물엿,물엿,강남맥아물엿,물엿,2년(실온),2년,농업회사법인케이엔푸드(주),2017039503810,20201123,20230610
물엿,물엿,강남물엿,물엿,2년,2년,농업회사법인케이엔푸드(주),2017039503822,20211222,20230610
요구르트,요구르트,강남요구르트맛주,기타 주류,제조일로부터 12개월,,농업회사법인 조은술세종주식회사,20130020074234,20240701,20240701
물엿,물엿,강남조청물엿,물엿,2년,직사광선이나 비 등에 노출되지 아니한 실온에서 2년으로 함,농업회사법인케이엔푸드(주),2017039503811,20210118,20230610
숙주,숙주,강낭콩숙주무된죽,영.유아용 이유식,제조일로부터 12일까지,,주식회사 지니온,20240320157222,20240520,20240521
숙주,숙주,강낭콩숙주무죽,영.유아용 이유식,제조일로부터 12일까지,,주식회사 지니온,20240320157224,20240520,20240521
숙주,숙주,강낭콩숙주무홍국미된죽,영.유아용 이유식,제조일로부터 12일,,주식회사 지니온,20240320157692,20250519,20250524
숙주,숙주,강낭콩숙주무홍국미무른밥,영.유아용 이유식,제조일로부터 12일까지,,주식회사 지니온,20240320157221,20240520,20250524
숙주,숙주,강낭콩숙주무홍국미죽,영.유아용 이유식,제조일로부터 12일,,주식회사 지니온,20240320157693,20250519,20250524
숙주,숙주,강낭콩숙주무홍국미진밥,영.유아용 이유식,제조일로부터 12일까지,,주식회사 지니온,20240320157220,20240520,20250524
애호박,애호박,강낭콩애호박송화버섯된죽,영.유아용 이유식,제조일로부터 12일,,주식회사 지니온,20240320157448,20240820,20240822
애호박,애호박,강낭콩애호박송화버섯무른밥,영.유아용 이유식,제조일로부터 12일,,주식회사 지니온,20240320157447,20240820,20240822
애호박,애호박,강낭콩애호박송화버섯미강무른밥,영.유아용 이유식,제조일로부터 12일,,주식회사 지니온,20240320157498,20240924,20240928
애호박,애호박,강낭콩애호박송화버섯미강진밥,영.유아용 이유식,제조일로부터 12일,,주식회사 지니온,20240320157497,20240924,20240928
애호박,애호박,강낭콩애호박송화버섯죽,영.유아용 이유식,제조일로부터 12일,,주식회사 지니온,20240320157449,20240820,20240822
애호박,애호박,강낭콩애호박송화버섯진밥,영.유아용 이유식,제조일로부터 12일,,주식회사 지니온,20240320157446,20240820,20240822
밀가루,밀가루,강력 밀가루,밀가루,제조일로부터 12개월 (365일),,사조동아원(주) 부산공장,19950129282653,20240430,20260113
밀가루,밀가루,강력 밀가루,밀가루,제조일로부터 1년,제조일로부터 1년,사조동아원(주)당진제분공장,20110456055321,20251106,20260224
밀가루,밀가루,강력밀가루,밀가루,12개월,,씨제이제일제당(주),20050614233404,20130405,20160706
밀가루,밀가루,강력밀가루,밀가루,1년,,(주)삼양사 아산공장,19940461151562,20140930,20161108
밀가루,밀가루,강력밀가루,밀가루,제조일로부터 12개월까지,,주식회사 제이푸드서비스,20110360063279,20200122,20250613
밀가루,밀가루,강력밀가루 제빵용,밀가루,제조일로부터 1년,,대한제분(주),198301900201248,20250604,20250610
밀가루,밀가루,강력밀가루(1등급),밀가루,제조일로부터 1년,,(주)삼양사 아산공장,19940461151168,20040429,20160706
밀가루,밀가루,강력밀가루(1등급),밀가루,제조일로부터 12개월,,대선제분(주),201104614642,20111208,20221203
밀가루,밀가루,강력밀가루(2등급),밀가루,제조일부터 12개월까지,,대선제분(주),2011046146454,20160414,20160706
밀가루,밀가루,강력밀가루(2등급),밀가루,제조일로부터 1년,,(주)삼양사 아산공장,19940461151173,20040429,20160706
밀가루,밀가루,강력밀가루(베비에르전용),밀가루,제조일로부터 1년,,대한제분(주),19830190020656,20180712,20180718
밀가루,밀가루,강력밀가루(삼양식품),밀가루,1년,,(주)삼양사 아산공장,19940461151556,20140902,20160706
밀가루,밀가루,강력밀가루(신성푸드전용분),밀가루,제조일로부터 1년,,대한제분(주),19830190020954,20210426,20210526
밀가루,밀가루,강력밀가루(제빵전용분),밀가루,제조일로부터 1년,,대한제분(주),198301900201014,20230517,20230518
밀가루,밀가루,강력밀가루1등급,밀가루,제조일로부터 1년까지,,대한제분(주),2004012909545,20250411,20250415
밀가루,밀가루,강력밀가루1등급,밀가루,제조일로부터 1년,,대한제분(주),198301900201249,20250221,20250223
밀가루,밀가루,강력밀가루1등급,밀가루,제조일로부터1년,,(주)한탑,200401371222,20040423,20161219
밀가루,밀가루,강력밀가루1등급(베이글용),밀가루,제조일로부터 1년,제조일로부터 1년,(주)삼양사 아산공장,199404611513422,20240806,20240808
밀가루,밀가루,강력밀가루1등급A,밀가루,12개월,12개월,(주)한탑,2004013712243,20130816,20161219
밀가루,밀가루,강력밀가루2등급,밀가루,제조일로부터1년,,(주)한탑,200401371223,20040423,20161219
밀가루,밀가루,강력통밀가루,밀가루,제조일로부터 6개월,제조일로부터 6개월,사조동아원(주)당진제분공장,20110456055315,20250424,20250426
후추,후추,강릉감자칩 토마토&후추맛,과자,제조일로부터 5개월,,(주)더루트컴퍼니,2022054185377,20240212,20240216
도토리묵,도토리묵,강릉초당두부 도토리묵,묵류,30일,해당없음,주식회사 청원농산,2006019934222,20260616,20260617
도토리묵,도토리묵,강릉초당두부 도토리묵,묵류,제조일로부터 20일(실온: 1℃-35℃),,가인푸드 농업회사법인 주식회사,2020038930024,20240214,20240215
올리고당,올리고당,강봉석 우리쌀올리고당,올리고당,제조일로부터 24개월,,강봉석조청(주)농업회사법인,19930433257143,20201223,20221203
올리고당,올리고당,강봉석 유기농쌀올리고당,올리고당,제조일로부터 24개월,,강봉석조청(주)농업회사법인,19930433257139,20191203,20221203
봄동,봄동,강순의명가 봄동겉절이김치,김치,,제조일로부터 10일,(주)강순의 명가,20140506502102,20220209,20220210
명태,명태,강원명태회무침,양념젓갈,제조일로부터 180일,,진양씨푸드주식회사,201904101179,20200507,20230610
밀가루,밀가루,강원우리밀가루,밀가루,12개월,제조일로부터 1년,지리산우리밀영농조합법인,2006062307223,20251113,20251115
명태,명태,강원자연찬 명태회무침,양념젓갈,제조일로부터 냉동 1년,제조일부터 12개월,주식회사 청아굿푸드,20080395007440,20210222,20230610
귀리,귀리,강진 쌀귀리빵,빵류,제조일로부터 12개월(냉동보관),,산다움농업회사법인주식회사,1999052201040,20220707,20220723
귀리,귀리,강진 쌀귀리팥빵,빵류,제조일로부터 12개월(냉동보관),,산다움농업회사법인주식회사,1999052201041,20220707,20220723
귀리,귀리,강진농협 건강 쌀귀리 골드 분말,곡류가공품,제조일로부터 12개월,,강진농업협동조합,202508020581,20250428,20250501
귀리,귀리,강진다산조청(귀리 조청),물엿,제조일로부터 1년,제조일로부터 1년,강진지역자활센터 (달고향푸드),201905260524,20210409,20251128
다시마,다시마,강진다시마간장,한식간장,제조일로부터 1년 6개월,,강진된장영농조합법인,2010052203413,20180822,20180823
귀리,귀리,강진발아쌀귀리고추장,고추장,제조일로부터 1년,,강진된장영농조합법인,2010052203421,20221031,20221104
귀리,귀리,강진발아쌀귀리된장,한식된장,제조일로부터 18개월,해당없음.,강진된장영농조합법인,2010052203422,20221031,20221104
귀리,귀리,강진발아쌀귀리분말,곡류가공품,제조일로부터 24개월,해당없음.,강진된장영농조합법인,2010052203423,20221031,20221105
식초,식초,江淸(맑은 강) 쌀식초,발효식초,0,2년,참농영농조합법인,201504618994,20160920,20190827
콩나물,콩나물,강태현셰프 전주식콩나물국밥,즉석조리식품,제조일로부터 12개월,,주식회사 레호보트,2019029911699,20221202,20221204
콩나물,콩나물,강태현셰프 콩나물 황태국,즉석조리식품,제조일로부터 12개월,,주식회사 레호보트,2019029911690,20210830,20211006
한돈,한돈,강태현셰프 한돈 우리콩비지찌개,즉석조리식품,제조일로부터12개월,,주식회사 레호보트,2019029911691,20211004,20211006
한돈,한돈,강태현셰프한돈간편잡채,즉석조리식품,제조일로부터12개월,,주식회사 레호보트,2019029911698,20221028,20221101
새우젓,새우젓,강통새우젓,젓갈,제조일로부터 12개월,,(주)농업회사법인강통패밀리,2018033624431,20241126,20241129
새우젓,새우젓,강화도 새우젓,기타 수산물가공품,냉장12개월,,전주희약선푸드,2020035416030,20210413,20210513
새우젓,새우젓,강화도새우젓,젓갈,제조일로부터 24개월까지,,황산호,202102141731,20210713,20210716
다시마,다시마,강화드림다시마육수,기타가공품,,해당없음.,농업회사법인(주)강화드림,20160211170162,20240517,20240524
다시마,다시마,강화드림유기농다시마육수,기타가공품,,해당없음.,농업회사법인(주)강화드림,20160211170165,20240517,20240524
새우젓,새우젓,강화새우젓 추젓,젓갈,제조일로부터 1년,,동화푸드,20020392437180,20211018,20230610
새우젓,새우젓,강화섬 새우젓,젓갈,,제조일로부터2년,물고기두마리,201602112585,20190822,20251115
부침가루,부침가루,강황 부침가루,곡류가공품,제조일로부터 1년,,대한제분(주),19830190020970,20210802,20210803
후추,후추,강황 수용성 커큐민 1000 흑후추,고형차,제조일로부터 24개월,,(주)성진바이오 제1공장,20200391559422,20251222,20260103
시리얼,시리얼,강황 현미시리얼,곡류가공품,12개월,해당없음,우리네식품,1994062100171,20241028,20241029
후추,후추,강황수용성커큐민흑후추피페린,고형차,제조일로부터 24개월,,(주)성진바이오 제1공장,20200391559283,20230824,20230826
후추,후추,강후추가루,향신료조제품,2년,,(주)모아글로벌 제2공장,201803871884,20190226,20190306
후추,후추,강후추가루95,향신료조제품,제조일로부터2년까지,,(주)모아글로벌 제2공장,2018038718822,20251127,20251129
삼겹살,삼겹살,갖은양념으로맛있게만든 삼겹살쌈장,혼합장,제조일로부터 18개월,제조일로부터 18개월,(주)강남식품,2015044507965,20150605,20160706
볶음참깨,볶음참깨,개미농부 볶음참깨,기타가공품,1년,1년,(주)에이치엔푸드,201601440244,20160126,20230330
음료,음료,개복숭아 발효음료,기타발효음료,제조일부터 2년,,해맑은 생약초 영농조합 법인,201605065291,20161121,20161121
조개,조개,개조개살,기타 수산물가공품,제조일로부터 24개월,,삼삼물산(주)제2공장,2010060419390,20240820,20240824
조개,조개,개조개살,기타 수산물가공품,7,,잠수기중매인40(JSG SEAFOOD),2013012618015,20130729,20180405
명태,명태,개코 명태머리,건어포,제조일로부터 18개월,,영흥물산,2007039226611,20251216,20251218
조개,조개,갯벌의조개 간장양념,소스,제조일로부터 9개월까지,,(주)대유푸드,200904150481315,20251017,20251018
조개,조개,갯벌의조개 겉절이김치,김치,,90,예길식품주식회사,20130338231178,20251020,20251212
조개,조개,갯벌의조개 겉절이양념,김칫속,,90,예길식품주식회사,20130338231177,20251020,20251021
조개,조개,갯벌의조개 다시육수,소스,제조일로부터 06개월,,비에이치푸드케어(주),200103723433322,20230329,20230331
조개,조개,갯벌의조개 맛간장소스,소스,제조일부터 6개월 (냉장보관),,(주)동원홈푸드,201904421491567,20230621,20230623
조개,조개,갯벌의조개 맛간장소스,소스,제조일부터 6개월 (냉장보관),,(주)동원홈푸드,2002046107313888,20230621,20230622
조개,조개,갯벌의조개 매콤다대기,소스,제조일부터 12개월 (냉동보관),,(주)동원홈푸드,2002046107315651,20250305,20250307
조개,조개,갯벌의조개 물회육수,소스,제조일부터 12개월 (냉동보관),,(주)동원홈푸드,201904421492588,20250313,20250318
조개,조개,갯벌의조개 물회육수,소스,제조일부터 12개월 (냉동보관),,(주)동원홈푸드,2002046107315708,20250313,20250316
조개,조개,갯벌의조개 불소스,소스,제조일로부터 9개월까지,,(주)대유푸드,200904150481316,20251017,20251018
조개,조개,갯벌의조개 열무김치,김치,,90일,예길식품주식회사,20130338231180,20251029,20251030
조개,조개,갯벌의조개 전용 칼국수면,생면,제조일로부터 60일,,주식회사 웰면식품,2010036437521,20240426,20260201
조개,조개,갯벌의조개 참깨소스,소스,제조일부터 4개월 (냉장보관),,(주)동원홈푸드,201904421491496,20230428,20230503
조개,조개,갯벌의조개 참깨소스,소스,제조일부터 4개월 (냉장보관),,(주)동원홈푸드,2002046107313755,20230428,20230502
조개,조개,갯벌의조개 초고추장,소스,제조일부터 6개월 (냉장보관),,(주)동원홈푸드,201904421491577,20230626,20230628
조개,조개,갯벌의조개 초고추장,소스,제조일부터 6개월 (냉장보관),,(주)동원홈푸드,2002046107313899,20230626,20250722
조개,조개,갯벌의조개 칼국수면,생면,제조일로부터 12개월,,주식회사 태진식품,2018019611651,20251017,20251028
조개,조개,갯벌의조개 칼국수용분말,복합조미식품,제조일부터 12개월 (실온보관),,(주)동원홈푸드,2002046107316386,20251031,20251104
조개,조개,갯벌의조개 칼제비면,생면,제조일로부터 12개월,,주식회사 태진식품,2018019611649,20251016,20260114
조개,조개,갯벌의조개 해물다시육수,소스,제조일부터 12개월 (냉장보관),,(주)동원홈푸드,2002046107313780,20230502,20230505
계란,계란,거궁 계란말이,즉석조리식품,제조일로부터  7  일,,(주)거궁푸드시스템,20180387351158,20240321,20240326
돼지고기,돼지고기,거궁 돼지고기묵은지찜,조림류,제조일로부터 14 일,,(주)거궁푸드시스템,20180387351129,20240320,20240323
계란,계란,거궁 명란계란말이,즉석조리식품,제조일로부터   7  일,,(주)거궁푸드시스템,20180387351161,20240321,20240326
미역줄기,미역줄기,거궁 미역줄기볶음,조림류,제조일로부터 14 일,,(주)거궁푸드시스템,20180387351138,20240318,20240323
소시지,소시지,거궁 소시지야채볶음,조림류,제조일로부터 10 일,,(주)거궁푸드시스템,20180387351145,20240318,20240326
당면,당면,거궁 양념당면,조림류,제조일로부터  7  일,,(주)거궁푸드시스템,20180387351147,20240318,20240326
계란,계란,거궁 치즈계란말이,즉석조리식품,제조일로부터  7  일,,(주)거궁푸드시스템,20180387351164,20240321,20240326
한돈,한돈,거궁 한돈안심장조림(냉동),조림류,제조일로부터  12 개월(냉동),,(주)거궁푸드시스템,20180387351154,20240318,20260207
설탕,설탕,거문도해풍쑥인절미-무설탕,떡류,제조일로부터 1일,,거문도해풍쑥영농조합법인,2013050623041,20220705,20220708
설탕,설탕,거문도해풍쑥인절미(냉동)-무설탕,떡류,제조일부터 1년,,거문도해풍쑥영농조합법인,2013050623040,20211102,20211104
다시마,다시마,거백향 다시마분말,기타 수산물가공품,"365일(12개월, 1년)",,거금도뽀빠이야채마을영농조합법인,2012051802928,20200106,20200107
물엿,물엿,거산 매실맥아물엿,기타엿,제조일로부터 1년,,해가원식품,200904720315,20091204,20160706
설탕,설탕,거제 무설탕 자일리톨 캔디 복숭아향,캔디류,제조일로부터 36개월,제조일로부터 36개월,주식회사 노마드크라운,2022020732331,20251027,20251030
설탕,설탕,거제 무설탕 자일리톨 캔디 유자향,캔디류,제조일로부터 36개월까지,제조일로부터 36개월,주식회사 노마드크라운,2022020732329,20251001,20251102
설탕,설탕,거제 무설탕 자일리톨 캔디 페퍼민트향,캔디류,제조일로부터 36개월,제조일로부터 36개월,주식회사 노마드크라운,2022020732330,20251027,20251030
새우젓,새우젓,거제도진상품특선새우젓,젓갈,제조일로부터 1년,,거제식품,199706120118,19970923,20200213
삼겹살,삼겹살,거제도키조개쭈꾸미삼겹살,기타 수산물가공품,제조일로부터 2년,,다이버수산,2021060419114,20210930,20211006
소시지,소시지,거제죽순어묵바(소시지),어묵,제조일로부터 15일,해당없음.,농업회사법인산속농장주식회사,201906043825,20190618,20210724
다시마,다시마,거창한국수다시마칼국수,생면,제조일로부터 1개월,,농업회사법인 주식회사 거창한국수,2013062404142,20220317,20220325
브로콜리,브로콜리,거창한브로콜리우리밀국수,건면,제조일로부터 2년,,농업회사법인 주식회사 거창한국수,2013062404180,20251223,20251224
김자반,김자반,거해 광천돌김자반,가공김(조미김 또는 구운김),소비기한 제조일로부터 12개월,,농업회사법인 주식회사 거해,2019021122574,20250826,20250901
김자반,김자반,거해 새우멸치김자반,가공김(조미김 또는 구운김),소비기한 제조일로부터 12개월,,농업회사법인 주식회사 거해,2019021122575,20250826,20250901
당면,당면,건 당면,건면,제조일로부터 36개월,,농업회사법인(주)안성식품,1984046701070,20180718,20230203
명태,명태,건 명태포,조미건어포,제조일로부터 6개월,,(주)도건,1992060722423,20050114,20180228
브로콜리,브로콜리,건 브로콜리 고추장 무침,조림류,제조일로부터 5일,,도리깨침,20200280142597,20231025,20231102
브로콜리,브로콜리,건 브로콜리 볶음,조림류,제조일로부터 5일,,도리깨침,20200280142326,20220930,20230304
당면,당면,건 자른당면,건면,제조일로부터 36개월,,농업회사법인(주)안성식품,1984046701071,20180718,20230203
부침가루,부침가루,건강곡물 부침가루,곡류가공품,12개월,,씨제이제일제당(주),19960080359635,20150805,20201217
튀김가루,튀김가루,건강곡물 튀김가루,곡류가공품,12개월,,씨제이제일제당(주),19960080359636,20150805,20201217
다시마,다시마,건강다시마환,기타가공품,제조일로부터 24개월,,플러스라이프,2006004281389,20061206,20160706
사탕,사탕,건강담은 진짜사탕수수캔디 프로폴리스,캔디류,제조일로부터 24개월,제조일로부터 24개월,한양제과주식회사,19970310098242,20220315,20231026
소시지,소시지,건강생각소시지랑 떡이랑,식육함유가공품,-18℃이하에서 제조일로부터 12개월,,(주)태림에프웰,19940355017134,20181203,20250101
즉석밥,즉석밥,건강플랜 렌틸콩 현미즉석밥,즉석조리식품,제조일로부터 12개월,,농업회사법인 한채원 주식회사,2023082408964,20260616,20260617
케첩,케첩,건강하게 키운 토마토로 만든 유기농 토마토케첩,토마토케첩,8개월,,(주)시아스,200504150202315,20160705,20180918
돼지고기,돼지고기,건강한 돼지고기와 채소 건더기가 듬뿍 짜장소스,소스,제조일로부터 18개월,,한국에스비식품(주),196903640041188,20170927,20260201
소시지,소시지,건강한 식단 취나물밥&콘닭가슴살소시지,즉석조리식품,제조일로부터 12개월,,(주)샛별푸드,20190202430102,20220706,20230711
부침가루,부침가루,건강한 쌀 부침가루,곡류가공품,제조일부터 12월,12개월,주식회사 농심미분,2010046129450,20140530,20240215
튀김가루,튀김가루,건강한 쌀 튀김가루,곡류가공품,제조일부터 12월,,주식회사 농심미분,2010046129451,20140530,20240215
연두부,연두부,건강한 콩 연두부,두부,15일,,부흥식품,1973061801014,20140618,20160706
계란,계란,건강한끼 김치볶음밥&계란후라이,즉석조리식품,제조일로부터 냉동보관(-18℃이하) 12개월,제조일로부터 냉동보관(-18℃이하) 12개월,주식회사 가람식품,2020015600684,20230519,20230525
계란,계란,건강한끼 대패삼겹볶음밥&계란후라이,즉석조리식품,제조일로부터 냉동보관(-18℃이하) 12개월,제조일로부터 냉동보관(-18℃이하) 12개월,주식회사 가람식품,2020015600685,20230519,20230525
청양고추,청양고추,건강한끼 부산어묵 청양고추 매운 어묵바,어묵,제조일로부터 24개월,,주식회사 부산참식품,19730144010151,20250516,20250522
계란,계란,건강한끼 소불고기볶음밥&계란후라이,즉석조리식품,제조일로부터 냉동보관(-18℃이하) 12개월,제조일로부터 냉동보관(-18℃이하) 12개월,주식회사 가람식품,2020015600686,20230519,20230525
소시지,소시지,건강한끼 소시지 꼬마김밥,즉석조리식품,제조일로부터 냉동12개월(-18℃이하),,(주)케이푸드테크날러지,2024087702849,20250526,20250627
계란,계란,건강한끼 쭈꾸미볶음밥&계란후라이,즉석조리식품,제조일로부터 냉동보관(-18℃이하) 12개월,제조일로부터 냉동보관(-18℃이하) 12개월,주식회사 가람식품,2020015600687,20230519,20230525
계란,계란,건강한끼 치킨카레볶음밥&계란후라이,즉석조리식품,제조일로부터 냉동보관(-18℃이하) 12개월,제조일로부터 냉동보관(-18℃이하) 12개월,주식회사 가람식품,2020015600688,20230519,20230525
계란,계란,건강한끼 햄야채볶음밥&계란후라이,즉석조리식품,제조일로부터 냉동보관(-18℃이하) 12개월,제조일로부터 냉동보관(-18℃이하) 12개월,주식회사 가람식품,2020015600689,20230519,20230525
설탕,설탕,건강한무설탕바스크,빵류,제조일로 부터 12개월,,코만스팩토리,2019037130347,20251130,20251206
브로콜리,브로콜리,건강한브로콜리호두볶음,복합조미식품,제조일로부터 12개월,,(주)제일푸드원,20020435074145,20130215,20260530
계란,계란,건강현미밥바 계란볶음,즉석조리식품,제조일로부터 12개월,,(주)쥬비스다이어트 쥬비스푸드점,20110074017849,20240221,20240223
다시마,다시마,건다시마,기타 수산물가공품,제조일로부터6개월(실온보관),,남양씨푸드(주),2010027500364,20130709,20190620
다시마,다시마,건다시마,기타 수산물가공품,제조일부터 6개월까지,,제이에이치에프엔비(JH F&B),201304150034,20180903,20230327
다시마,다시마,건다시마,기타 수산물가공품,포장일로부터 1년까지,,(주)비에스,202502110861,20250515,20250614
다시마,다시마,건다시마,기타 수산물가공품,소분일로부터 12개월,,해성홈푸드,2012034512317,20240328,20240402
다시마,다시마,건다시마,기타 수산물가공품,제조일로부터 18개월,,주식회사 우림에프앤비,201405180434,20151127,20221129
다시마,다시마,건다시마,기타 수산물가공품,12개월(실온),,태진수산(주),2007034700324,20141211,20230819
다시마,다시마,건다시마,기타 수산물가공품,제조일로부터 1년,제조일로부터 1년,(주)바다나라,202207430672,20230130,20230201
다시마,다시마,건다시마,기타 수산물가공품,제조일로부터 18개월,,가보식품(주),20100332296587,20221208,20221213
다시마,다시마,건다시마,기타 수산물가공품,제조일로부터 12개월,,바다웰 주식회사,2019052605663,20251125,20251126
다시마,다시마,건다시마,기타 수산물가공품,제조일로부터 12개월,,(주)대운푸드시스템,2015036240382,20250626,20250703
다시마,다시마,건다시마,기타 수산물가공품,18개월,,조일농산,198706070803,20130227,20180301
다시마,다시마,건다시마,기타 수산물가공품,18개월,,신평어촌계영어조합법인,202005220242,20200814,20200825
다시마,다시마,건다시마,기타 수산물가공품,제조일로부터 6개월,,(주)해양에프에스,2007034529887,20171214,20180118
다시마,다시마,건다시마,기타 수산물가공품,제조일로부터 12월,,(주)삼일물산,199405250735,20040408,20180501
다시마,다시마,건다시마,다시마건조,상온2년,,동오식품(주),200805992804,20201026,20201027
다시마,다시마,건다시마,기타 수산물가공품,24개월,해당없음.,어업회사법인 바다채소 주식회사,202005251015,20230427,20240906
다시마,다시마,건다시마,기타 수산물가공품,18개월,,청은식품,202005220401,20200427,20200428
연두부,연두부,건달 연두부 고구마,가공두부,7일,,주식회사 사은푸드 농업회사법인,2020049154034,20230109,20240117
연두부,연두부,건달 연두부 단호박,가공두부,7일,,주식회사 사은푸드 농업회사법인,2020049154032,20221014,20240117
연두부,연두부,건달 연두부 당근,가공두부,7일,,주식회사 사은푸드 농업회사법인,2020049154029,20221014,20240117
연두부,연두부,건달 연두부 딸기,가공두부,7일,,주식회사 사은푸드 농업회사법인,2020049154035,20230109,20240117
연두부,연두부,건달 연두부 망고,가공두부,7일,,주식회사 사은푸드 농업회사법인,2020049154025,20221014,20240117
연두부,연두부,건달 연두부 백련초,가공두부,7일,,주식회사 사은푸드 농업회사법인,2020049154031,20221014,20240117
연두부,연두부,건달 연두부 복숭아,가공두부,7일,,주식회사 사은푸드 농업회사법인,2020049154026,20221014,20240117
연두부,연두부,건달 연두부 비트,가공두부,7일,,주식회사 사은푸드 농업회사법인,2020049154030,20221014,20240117
연두부,연두부,건달 연두부 사과,가공두부,7일,,주식회사 사은푸드 농업회사법인,2020049154027,20221014,20240117
연두부,연두부,건달 연두부 시금치,가공두부,7일,,주식회사 사은푸드 농업회사법인,2020049154033,20221014,20240117
연두부,연두부,건달 연두부 포도,가공두부,7일,,주식회사 사은푸드 농업회사법인,2020049154028,20221014,20240117
연두부,연두부,건달연두부 오렌지,가공두부,냉장 7일,제조일로부터 7일 냉장,주식회사 사은푸드 농업회사법인,2020049154036,20250311,20250314
연두부,연두부,건달연두부 토마토,가공두부,냉장 7일,제조일로부터 7일 냉장,주식회사 사은푸드 농업회사법인,2020049154037,20250311,20250314
밀가루,밀가루,건라면용밀가루 P,밀가루,제조일로부터 1년,제조일부터 1년,(주)삼양사 아산공장,199404611513510,20250227,20250228
명태,명태,건명태살,건어포,12개월,,(주)도건,1992060722427,20090227,20180228
미나리,미나리,건미나리,과.채가공품,제조일로부터 18개월,,농업회사법인대원농산(주),199206240105,19920529,20160706
브로콜리,브로콜리,건브로콜리,과.채가공품,제조일로부터 18개월까지,제조일로부터 18개월,베이시스푸드(주),20100443196270,20180607,20180612
브로콜리,브로콜리,건브로콜리,과.채가공품,제조일로부터 24개월,,제주농산주식회사,1985063102641,20081212,20170120
브로콜리,브로콜리,건브로콜리그릿츠,과.채가공품,제조일로부터 18개월,,(주)두콩양행,19870395020260,20221213,20230610
시금치,시금치,건새우 시금치된장국,즉석조리식품,제조일로부터 3일,,황가식품,20220308330103,20230314,20230318
애호박,애호박,건새우 애호박전,즉석조리식품,제조일로부터 5일,,주식회사케이제이푸드(KJ Food),20210424124504,20230222,20230223
미나리,미나리,건새우미나리전&간장소스,즉석조리식품,제조일로부터 4일,제조일로부터 4일,(주)하니푸드,20210268770511,20240924,20240927
시금치,시금치,건새우시금치국,즉석조리식품,제조일로부터 15일,,(주)뽀뽀뜨,200203804811238,20181217,20230610
시금치,시금치,건새우시금치된장국,즉석조리식품,제조일로부터 5일,,(주)수미찬,20210042832251,20240426,20240501
시금치,시금치,건새우시금치된장국,즉석조리식품,제조일로부터 5일,,봉봉푸드,20210327069107,20230413,20260201
시금치,시금치,건새우시금치된장국,즉석조리식품,제조일로부터 12개월,,(주)현대그린푸드 스마트푸드센터,201902803272015,20210520,20260606
시금치,시금치,건새우시금치된장국(W),즉석조리식품,제조일로부터 12개월,,(주)현대그린푸드 스마트푸드센터,201902803273736,20240715,20240820
애호박,애호박,건새우애호박전,즉석조리식품,제조일로부터 5일,,주식회사케이제이푸드(KJ Food),20210424124354,20220704,20231213
애호박,애호박,건새우애호박채전&간장소스,즉석조리식품,제조일로부터 4일,제조일로부터 4일,(주)하니푸드,20210268770489,20240807,20240808
시금치,시금치,건시금치,과.채가공품,제조일로부터 24개월,,(주)두콩양행,19870395020251,20180523,20230610
시금치,시금치,건시금치,과.채가공품,제조일로부터 12월,,(주)대동,1986062712421,19860610,20160706
애호박,애호박,건애호박볶음,조림류,제조일로부터 7일,,시화당,20210363160329,20240202,20240206
도토리묵,도토리묵,건조 도토리묵,묵류,제조일로부터 실온 24개월,,현대농산,1993037206811,20140219,20160706
명태,명태,건조 명태뼈,기타 건포류,제조일로 부터 1년,,명가씨푸드,202004211204,20241016,20241019
시금치,시금치,건조 시금치분말,과.채가공품,12개월,,(주)에프엔디 해제공장,19990525006363,20120426,20180821
콩나물,콩나물,건조 콩나물,기타가공품,제조일로부터 2년,,인그린(주),19940372201941,20170413,20170417
햇반,햇반,건조 햇반,곡류가공품,12개월,,그대로말린,20180491011201,20240109,20240117
닭고기,닭고기,건조닭고기분,복합조미식품,제조일로부터 12개월,,일우식품(주) 제2공장,2019039158187,20250324,20250403
도토리묵,도토리묵,건조도토리묵,묵류,1년,,원식품,2013054309811,20160921,20160921
명태,명태,건조명태,기타 건포류,제조일로부터1년까지,,동남농수산,1996039315443,20190426,20230610
명태,명태,건조명태,건어포,제조일로부터1년,,(주)세기물산,201403865628,20250721,20250723
명태,명태,건조명태-1,기타 건포류,제조일로부터1년까지,,동남농수산,1996039315445,20200129,20230610
명태,명태,건조명태(북어)머리,건어포,제조일로부터 1년,,(주)신우농수산,2007014435163,20160530,20160706
명태,명태,건조명태껍질,건어포,제조일로부터1년,,(주)세기물산,201403865627,20250721,20250723
명태,명태,건조명태머리,기타 수산물가공품,1년,,새롬씨푸드,2009014401811,20140526,20160706
명태,명태,건조명태머리,기타 수산물가공품,제조일로부터24개뤌,,새롬씨푸드,2009014401820,20220111,20250402
명태,명태,건조명태살용조미액,소스,제조일로부터 12개월,,그린스퀘어(주),2023026816526,20230714,20240614
명태,명태,건조명태채,건어포,제조일로부터 12개월,,(주)선해수산 익산드림캠퍼스,20220683551102,20260123,20260124
미나리,미나리,건조미나리분말,과.채가공품,제조일로부터 24개월,-,좋은영농조합법인,20060512128300,20200427,20200730
미역줄기,미역줄기,건조미역줄기,기타 수산물가공품,18개월,소비기한과 동일,영어조합법인 바다랑해초랑,20120518079142,20240219,20240220
브로콜리,브로콜리,건조브로콜리,과.채가공품,24개월,,농업회사법인 에프엔디큐웰(주) 제2공장,2016055808818,20170623,20170630
상추,상추,건조상추,과.채가공품,24개월,,농업회사법인 에프엔디큐웰(주) 제2공장,2016055808845,20181129,20181202
소시지,소시지,건조소시지S,식육함유가공품,제조일로부터12개월까지,,우일수산(주),19940471029464,20160719,20161014
소시지,소시지,건조소시지S-1,식육함유가공품,제조일로부터12개월까지,,우일수산(주),19940471029483,20170222,20170225
소시지,소시지,건조소시지W,식육함유가공품,제조일부터12개월까지,,우일수산(주),19940471029475,20161111,20230831
숙주,숙주,건조숙주,과.채가공품,제조일로부터 18개월,,(주)두콩양행,19870395020252,20180523,20230610
시금치,시금치,건조시금치,과.채가공품,제조일로부터 24개월,,(주)두콩양행,19870395020257,20210526,20230610
시금치,시금치,건조시금치,기타가공품,제조일로부터 24개월,,(주)푸른터,2001051806724,20070202,20180329
시금치,시금치,건조시금치,과.채가공품,24개월,,농업회사법인 에프엔디큐웰(주) 제2공장,2016055808817,20170623,20170630
애호박,애호박,건조애호박,과.채가공품,,해당없음.,땅끝이랑,2019052707567,20230730,20230801
조개,조개,건조조개살-EU,기타 수산물가공품,제조일로부터 18개월까지,,우일수산(주),19940471029738,20260526,20260605
청경채,청경채,건조청경채 후레이크,기타가공품,12월,,(주)부미식품,19900368020111,20000304,20160706
청양고추,청양고추,건조청양고추,과.채가공품,제조일로부터 18개월,제조일로부터 18개월까지,(주)두콩양행,19870395020264,20251014,20251016
청양고추,청양고추,건조청양고추,과.채가공품,제조일로부터 12개월까지,,우일수산(주),19940471029615,20211207,20211209
콩나물,콩나물,건조콩나물,과.채가공품,제조일로부터 18개월,,(주)두콩양행,19870395020250,20180523,20230610
청경채,청경채,건청경채조각,과.채가공품,12개월  실온,,광원푸드,201404431201,20140811,20160706
청경채,청경채,건청경채후레이크,과.채가공품,제조일로부터24개월,,삼양식품(주),2011038346216,20110701,20230610
돼지고기,돼지고기,걸룹지 ( 돼지고기),즉석조리식품,제조일로부터12월,제조일로부터12개월,JT FOOD,20210387697116,20220828,20220930
닭고기,닭고기,"걸룹지 (소고기, 닭고기)",즉석조리식품,제조일로부터12월,제조일로부터12개월,JT FOOD,20210387697151,20220828,20220930
사탕,사탕,검은깨콩사탕,캔디류,제조일로부터 24개월,,백의민족식품,1999014449946,20141210,20160706
상추,상추,검은밤 상추차,침출차,제조일로부터 3년,,(주)에스엠팜,20140086585780,20260422,20260423
볶음참깨,볶음참깨,검은볶음참깨,기타가공품,제조일로부터 12개월,,장보고FOOD,2007049305142,20090421,20240117
볶음참깨,볶음참깨,검은볶음참깨,기타가공품,1년,,유한회사 정푸드,2012048715918,20130121,20240117
볶음참깨,볶음참깨,검은볶음참깨가루,기타가공품,제조일로부터 12개월,해당사항없음,유한회사 정푸드,2012048715922,20200819,20240201
김자반,김자반,검은참깨파래김자반볶음,조미김,제조일로부터 6개월,,남해식품,200302050983,20040706,20210615
김자반,김자반,검은콩 김자반볶음,조미김,6개월,,완주군희망발전소2호점,20120494072100,20170726,20240117
밀가루,밀가루,검은콩과찰밀가루,기타가공품,제조일로부터 12개월,,씨제이제일제당(주),19960080359161,20040511,20161114
설탕,설탕,검은콩볶음(무설탕),과자,제조일로부터 8개월,,곡식플러스 영농조합법인,2013050110283,20210315,20240117
사탕,사탕,검은콩사탕,캔디류,제조일로부터 2년,,성미제과,1989022701049,20111221,20170901
사탕,사탕,검은콩사탕,캔디류,제조일로부터 18개월,,(주) 청우식품,2010037238668,20101028,20250809
사탕,사탕,검은통깨사탕,캔디류,제조일로부터 2년,,(주)다감,202402036832,20250728,20250730
밀가루,밀가루,검은통밀가루,곡류가공품,,해당없음.,땅끝이랑,2019052707565,20230730,20230801
후추,후추,검은후추올레오레진분말,복합조미식품,12월(실온),12월(실온),(주)미담에프엠,20010445242496,20141224,20160706
후추,후추,검은후추OR분말,기타가공품,제조일로부터 12개월까지,,이푸드(주)2공장,20180442122504,20190422,20190424
볶음참깨,볶음참깨,검정볶음참깨,기타 농산가공품,제조일로부터12개월,,부자농산,2008023307527,20080827,20190125
볶음참깨,볶음참깨,검정볶음참깨,기타가공품,1년,,참들미,2018025813451,20221202,20221207
볶음참깨,볶음참깨,검정볶음참깨,기타 농산가공품,제조일로부터 12개월,,이레농산,1999024244253,20230425,20230428
볶음참깨,볶음참깨,검정볶음참깨,기타 농산가공품,제조일로부터 1년,,서경디엔에프,2024055608012,20241230,20260318
볶음참깨,볶음참깨,검정볶음참깨,기타 농산가공품,제조일로부터 12개월,,이레농산,1999024244244,20230529,20230601
볶음참깨,볶음참깨,검정볶음참깨가루,기타 식용유지가공품,제조일로부터 12개월,,오케이(OK)식품,2007036248417,20130712,20250805
볶음참깨,볶음참깨,검정볶음참깨가루,기타가공품,제조일로부터 12개월(실온,,(주)기범농산,2007036224312,20140403,20160706
볶음참깨,볶음참깨,검정볶음참깨깨소금,기타 농산가공품,제조일로 부터 12개월,,부자농산,2008023307532,20160928,20240120
시금치,시금치,검정콩시금치돈육밥,영.유아용 이유식,제조일로부터 20일,,주식회사 플라잉닥터 제2공장,20250483015798,20260120,20260212
계란,계란,게맛살계란탕,즉석조리식품,30일(냉동),,(주)늘사랑회디엔씨,20110056608191,20140509,20160706
달걀,달걀,게맛살달걀스프,즉석조리식품,제조일로부터 4일,제조일로부터 4일,(주)하니푸드,20210268770359,20230829,20250924
초장,초장,게미지다 전통초장,소스,제조일로부터 12개월,,목포반찬게미지다,202207122377,20240417,20240423
계란,계란,게살순두부계란탕,즉석조리식품,제조일로부터 냉장 5일,,더맛있는F&S,20190606620103,20220831,20220903
냉동밥,냉동밥,게살오구밥용냉동밥,즉석조리식품,"냉동, 12개월",,(주)시아스,200504150203425,20190821,20190822
밀가루,밀가루,겐돈 배합메밀가루,곡류가공품,10월,,(주)겐돈에프엔비,201404814391,20141007,20240117
김자반,김자반,견과류 김자반,조미김,365,,어업회사법인(주)해어찬,201502021436,20151203,20190622
김자반,김자반,견과류 돌김자반,조미김,제조일로부터 12개월,제조일로부터 12개월,엔케이푸드(NK Food),2013034210631,20190826,20230203
당면,당면,경기누드순대(국내산당면)(S),즉석조리식품,냉장 : 제조일로부터 진공포장 30일,,경기식품,2006031115511,20220825,20260201
당면,당면,경기찰순대(국내산당면)(S),즉석조리식품,냉장 : 제조일로부터 진공포장시 30일,,경기식품,2006031115510,20220810,20260201
조개,조개,경동맛난조개살와사비,기타 수산물가공품,제조일로부터 24개월까지,,고래미 주식회사,20130362215227,20250425,20250508
돼지고기,돼지고기,경복궁 宮 돼지고기 김치찌개,즉석조리식품,제조일로부터 12개월까지,,(주)초원식품,19990208512385,20251023,20251028
음료,음료,경산 아주머니 호박음료,과.채음료,18개월,,경산시농업기술센터,2022080329092,20220524,20220526
김자반,김자반,경신함초김자반,조미김,1년,,경신식품,2002047313214,20170221,20170226
모짜렐라,모짜렐라,경양식 모짜렐라 치즈돈까스,식육함유가공품,제조일로부터 12개월까지,,(주)상신종합식품 제2공장,20140449018138,20260126,20260127
모짜렐라,모짜렐라,경양식 모짜렐라 치즈돈까스,식육함유가공품,제조일로부터 12개월,,주식회사상신종합식품,20040449005135,20251015,20251031
요구르트,요구르트,경월 훈와리 아세로라 요구르트(전량수출용),기타 주류,,,롯데칠성음료㈜강릉공장,2011001519036,20160502,20160502
물엿,물엿,경일 물엿,물엿,,제조일로부터 2년,(주)경일식품,1985056001551,20240402,20240405
계란,계란,경주계란김밥키트,즉석섭취식품,제조일시로부터 48시간,제조일시로부터 48시간 이내,(주)후레쉬서브,20080336228907,20200327,20241115
초장,초장,경주본가 해초장아찌,절임식품,12개월,,태양수산,2016053870284,20260504,20260507
조개,조개,곁드림 프리미엄 모듬조개탕,즉석조리식품,제조일로부터 12개월까지,제조일로부터12개월까지,주식회사 광진푸드,20200203731240,20260119,20260127
계란,계란,계란 4색 비빔밥,즉석조리식품,냉동 12개월,,(주)이에스그린푸드,20170443338701,20241012,20241025
계란,계란,계란 감자 사라다,조림류,제조일로부터 5일,,도리깨침,20200280142242,20220404,20250208
계란,계란,계란 나물비빔밥,즉석조리식품,제조일로부터 12개월까지,,(주)푸드인모닝스타,20220493563135,20230921,20231006
계란,계란,계란 단백질 식사 코코아,혼합음료,제조일로부터 12개월,,주식회사 연두,20180491044194,20210603,20240117
계란,계란,계란 두배 김치볶음밥,즉석조리식품,냉동 12개월,,(주)이에스그린푸드,20170443338342,20211228,20260221
계란,계란,계란 메밀김밥,즉석섭취식품,제조일로부터 5일까지,제조일로부터 5일까지,농업회사법인(주) 담푸른,2016033866960,20210829,20240116
계란,계란,계란 분말향 #1,향료제제,-,,서울향료인천공장,197401990044629,20200818,20231220
계란,계란,계란 샌드위치,즉석섭취식품,제조일로부터72시간,,케이엘씨,201200562815,20120622,20240426
계란,계란,계란 생면,생면,제조일로부터 5일,,파스타이오,202601219232,20260522,20260528
계란,계란,계란 쇠고기 장조림소스,소스,제조일로부터 18개월까지(실온),,주식회사 동방푸드마스타,199104450778139,20210302,20210303
계란,계란,계란 스파게티 생면,생면,제조일로부터 24개월,,서울프로셰프,2021035852968,20241203,20241205
계란,계란,계란 야채죽,즉석조리식품,제조일로부터 3일,,주식회사찬장에프에스대전,20220321100101,20220819,20220827
계란,계란,계란 야채죽,즉석조리식품,제조일로부터 5일,,주식회사케이제이푸드(KJ Food),2021042412462,20211217,20231210
계란,계란,계란 옷 입은 동태전,기타가공품,내수용 : 제조일로부터 12개월 / 수출용 : 제조일로부터 18개월,,(주)사옹원,20210452332445,20241023,20241026
계란,계란,계란 옷 입은 동태전,기타 수산물가공품,내수용 : 제조일로부터 12개월 / 수출용 : 수출목적 제품으로 수입자 요구기준에 맞게 설정,,(주)사옹원,20210452332391,20240405,20250327
계란,계란,계란 입은 수제 동그랑땡,기타가공품,제조일로부터 12개월,,농업회사법인 정선푸드팜 주식회사,2019041611328,20260116,20260120
계란,계란,계란 입힌 고기완자,기타가공품,제조일로부터 12개월,,(주)사옹원,2021045233294,20211204,20211207
계란,계란,계란 장조림,기타식육 또는 기타알,제조일로부터 24개월,제조일로부터 24개월 실온보관,금강레토르트식품,19980458129111,20210406,20210410
계란,계란,계란 장조림,조림류,제조일로부터 15일,,주식회사 진가네,20170160958214,20190918,20230127
계란,계란,계란 짜장밥,즉석조리식품,제조일로부터 12개월까지,,(주)푸드인모닝스타,20220493563133,20230921,20231006
계란,계란,계란 초밥,즉석섭취식품,제조일로부터 48시간,,농업회사법인주식회사큰울,2024032042456,20260520,20260522
계란,계란,계란 카사레체 생면,생면,제조일로부터 24개월,,서울프로셰프,2021035852969,20241203,20241205
계란,계란,계란 카스테라,빵류,제조일로부터 20일까지(실온),,주식회사삼립,199503380158602,20220706,20220909
계란,계란,계란 쿠키,과자,제조일로부터 실온(1~35°C) 3개월까지,,(주)파리크라상,20020383685786,20200311,20230610
계란,계란,계란 품은 동태전,기타 수산물가공품,제조일로부터 냉동 12개월까지,,(주)하늘푸드 제1공장,202505623324,20250429,20260201
계란,계란,계란 품은 동태전,기타 수산물가공품,제조일로부터 냉동 12개월까지,,(주)하늘푸드제2공장,2014036431678,20210624,20260201
계란,계란,계란 품은 어육소세지전,기타 어육가공품,제조일로부터 12개월,,주식회사 스마일푸드,2021049424035,20250513,20250515
계란,계란,계란&야채 샐러드,신선편의식품,제조일로부터 3일,,주식회사찬장에프에스대전,2022032110052,20220812,20220825
계란,계란,계란&참치샌드,즉석섭취식품,제조시부터 83시간,,(주)삼영데리카후레쉬,200506070021682,20241206,20260403
계란,계란,계란3p,즉석섭취식품,제조일로부터 48시간,,(주)스위시팩토리,2025052522729,20250610,20250612
계란,계란,계란가득 카스테라,빵류,제조일로부터 냉동보관 9개월/실온보관 15일,제조일로부터 냉동보관 9개월 / 실온보관 15일,(주)제이주원컴퍼니,2021022531478,20230109,20230117
계란,계란,계란가마보꼬,어묵,"냉장12일,냉동12개월",,에스엠푸드코리아(주),20130368394115,20190315,20221226
계란,계란,계란간장,소스,제조일로 부터 12개월,,농업회사법인리브푸드주식회사,202104563612,20210419,20210903
계란,계란,계란간장 주먹밥,즉석조리식품,제조일로부터 12개월,,(주)엄지식품,20210504123382,20250902,20250910
계란,계란,계란간장베이스,소스,냉장보관 6개월,,(주)푸드공방,20010368431401,20170620,20200918
계란,계란,계란간장볶음밥 정기도시락,즉석섭취식품,8시간,8시간,사랑 on,20130275039271,20200302,20211106
계란,계란,계란간장소스,소스,제조일로부터 냉장12개월,,(주)미미식품,198804440181707,20260422,20260423
계란,계란,계란간장소스,소스,제조일로부터 18개월,,동보식품 주식회사,197704330093437,20260130,20260207
계란,계란,계란간장소스,소스,제조일로부터 12개월까지,,주식회사 화경,200103062442282,20241222,20250417
계란,계란,계란감자샐러드,즉석섭취식품,제조일로부터65시간,,채하푸드,2022020779740,20260612,20260624
계란,계란,계란감자장조림,조림류,제조일로부터 1년까지,,올레 주식회사,20130370398121,20240227,20240322
계란,계란,계란게살볶음밥 조미액,소스,6개월,,해마루 푸드,20190385455213,20260409,20260527
계란,계란,계란고구마밥,영.유아용 이유식,제조일로부터 20일,,주식회사 플라잉닥터 제2공장,2025048301566,20250630,20260213
계란,계란,계란고명,기타가공품,3개월,,(주)면사랑,199304430281519,20180511,20180515
계란,계란,계란고명,기타가공품,12개월까지,,우일수산(주),19940471029424,20140808,20161014
계란,계란,계란고명 프리믹스,기타가공품,12개월까지,,우일수산(주),19940471029423,20140808,20161014
계란,계란,계란곤약볶음밥,즉석조리식품,제조일로부터 12개월,,주식회사 엄지식품,20150493208279,20180702,20240117
계란,계란,계란곤약볶음밥&미트볼,즉석조리식품,제조일로부터 9개월,,(주)씨케이케이,20130364693278,20230404,20260201
계란,계란,계란곤약볶음밥&함박스테이크,즉석조리식품,제조일로부터 9개월,,(주)씨케이케이,20130364693190,20210405,20260201
계란,계란,계란곤약볶음밥&핫스테이크,즉석조리식품,제조일로부터 9개월,,(주)씨케이케이,20130364693191,20210405,20260201
계란,계란,계란골드오일,기타가공품,제조일로부터 25일(실온),,신일나스텍,200402941291,20120907,20160703
계란,계란,계란과립,복합조미식품,제조일로부터 24개월까지,,맘앤푸드,2020042409075,20240522,20240523
계란,계란,계란과립,복합조미식품,"실온보관,제조일로부터 24개월까지",,다솔푸드테크 주식회사,20110257153760,20220520,20220524
계란,계란,계란과자,과자,제조일로부터 실온 12개월,,(주) 청우식품,20100372386240,20140320,20251202
계란,계란,계란과자,과자,제조일로부터 6개월,,(주)자연드림치유식품 베이커리공방,20180521026123,20200603,20211216
계란,계란,계란과자,과자,제조일로부터 365일,,주식회사 신흥제과,19950464070152,20120105,20170901
계란,계란,계란과자,과자,제조일로부터 실온(1~35°C) 3개월까지,,(주)파리크라상,20020383685800,20200915,20230610
계란,계란,계란과자 딸기,과자,제조일로부터 365일,,주식회사 신흥제과,19950464070146,20110117,20160706
계란,계란,계란과자 밀크향,과자,제조일로부터 365일,,주식회사 신흥제과,19950464070145,20110117,20160706
계란,계란,계란과자 바나나,과자,제조일로부터 365일,,주식회사 신흥제과,19950464070144,20110117,20190912
계란,계란,계란과자 오렌지향,과자,제조일로부터 365일,,주식회사 신흥제과,19950464070147,20110117,20160706
계란,계란,계란과자 치즈,과자,제조일부터 12개월,,(주) 청우식품,20100372386569,20250930,20251002
계란,계란,계란과자플레인,과자,제조일로부터 12개월,,우성식품,2019042410931,20221004,20230322
계란,계란,계란과자향 NS,향료,해당사항없음,해당사항없음,주식회사 엔아이에프,20160275332648,20201117,20220812
계란,계란,계란국,즉석섭취식품,제조 후 10시간,,(주)비엘푸드,201902029632702,20251219,20260313
계란,계란,계란국,즉석조리식품,제조일로부터 12개월까지,,(주)대도F&D,19920392069442,20251223,20251231
계란,계란,계란국,즉석조리식품,제조일로부터 5일,,예향,20200280205191,20240820,20240822
계란,계란,계란국,즉석조리식품,제조일로부터 12개월,,동림푸드(주),19910386025518,20180223,20230610
계란,계란,계란국 후레이크,복합조미식품,제조일로부터12개월,,(주)위드식품,20180387675242,20240226,20240229
계란,계란,계란국스프,복합조미식품,제조일로부터 18개월,,(주)제일푸드원,20020435074253,20190828,20190831
계란,계란,계란김밥,즉석조리식품,제조일로부터 냉동12개월,,복을만드는사람들 주식회사 농업회사법인,2020061406760,20210917,20210918
계란,계란,계란김밥,즉석조리식품,제조일로부터 12개월까지,,농업회사법인 주식회사 한우물,200804930741445,20240719,20240724
계란,계란,계란김밥3알,즉석섭취식품,제조일로부터 72시간 이내,,주식회사 탭스인터내셔널,20230377181105,20260511,20260515
계란,계란,계란김치볶음밥,즉석섭취식품,제조시부터 72시간,,(주)삼영데리카후레쉬,200506070021818,20251126,20251128
계란,계란,계란김치볶음밥,즉석섭취식품,제조 시간으로부터 72시간,-,(주)한국데리카후레쉬,20120358388982,20251125,20251128
계란,계란,계란꼬마&비엔나구이,즉석섭취식품,제조시간으로부터 52시간,,(주)푸드플래닛,201503831781550,20260519,20260520
계란,계란,계란꼬마&비엔나구이,즉석섭취식품,제조시간으로부터 50시간까지,,(주)원푸드림 주촌지점,20170607069475,20260527,20260529
계란,계란,계란꼬마&비엔나구이,즉석섭취식품,제조시간으로부터 52시간 까지,,(주)비지에프푸드,20200450031728,20260526,20260527
계란,계란,계란꽃모양가래떡,떡류,제조일로부터 7일,,동심주)농업회사법인,20170464302307,20240404,20240406
계란,계란,계란난황립,복합조미식품,제조일로부터 1년,,(주)제일푸드원,2002043507495,20080609,20210622
계란,계란,계란누들면,즉석조리식품,제조일로부터 60일,,주식회사 락컴퍼니,2021020217317,20250613,20250614
계란,계란,계란대파비빔밥,즉석조리식품,12개월/냉동(비살균/가열섭취),,(주)시아스,200504150205209,20260316,20260318
계란,계란,계란덮은오코노미야키,즉석조리식품,제조시간으로부터 96시간,,(주)우리델리카,20150443298689,20230726,20230728
계란,계란,계란두배비빔밥,즉석섭취식품,제조시간으로부터 42시간 까지,,롯데부산CK 주식회사,200206143692995,20250604,20250606
계란,계란,계란두배비빔밥,즉석섭취식품,제조시간으로부터 44시간 까지,,롯데용인CK 주식회사,200003470523187,20250528,20260214
계란,계란,계란두부 곤약김밥,즉석조리식품,제조일로부터 18개월까지 (-18℃이하 냉동보관),,(주)이노하스,2024066107540,20241111,20241121
계란,계란,계란두부부침,기타가공품,제조일로부터12개월,,(주)성원냉동식품,20030372203216,20230306,20260516
계란,계란,계란두부부침,조림류,제조일로부터 7일(냉장),,집반찬연구소,20010193033865,20220802,20240220
계란,계란,계란두부스낵 대파맛,과자,제조일로부터 1년,제조일로 부터 1년,주식회사 제주내먹,20130631190225,20230215,20230217
계란,계란,계란두부스낵 마농맛,과자,제조일로부터 1년,제조일로 부터 1년,주식회사 제주내먹,20130631190224,20230209,20230217
계란,계란,계란두부스낵 오리지널,과자,제조일로부터 1년,제조일로부터 1년,주식회사 제주내먹,20130631190223,20230210,20230217
계란,계란,계란듬뿍 꼬마김밥,즉석섭취식품,제조일로부터 72시간,,농업회사법인주식회사해미래,20120548569518,20260623,20260624
계란,계란,계란듬뿍 당근라페 김밥키트,즉석조리식품,제조일로부터 4일,,㈜슈퍼메이커즈 제2센트럴키친,20220397234533,20250715,20250716
계란,계란,계란듬뿍 샌드위치,즉석섭취식품,제조일로부터 5일,,꾸움제과,20220188346184,20260609,20260610
계란,계란,계란듬뿍 황금볶음밥,즉석조리식품,12개월,,(주)시아스,200504150204942,20241119,20241120
계란,계란,계란듬뿍김밥,즉석섭취식품,제조시간으로부터 96시간,,(주)우리델리카,20150443298319,20200529,20231223
계란,계란,계란듬뿍김밥,즉석섭취식품,제조시간으로부터 36시간까지,,나정식품,1994011534378,20240806,20240808
계란,계란,계란듬뿍김밥,즉석섭취식품,제조일시로부터 48시간,,(주)비지에프푸드제주,20180624406655,20231114,20250916
계란,계란,계란듬뿍단짠샌드위치,즉석섭취식품,72시간,72시간,(주)농업회사법인 엘푸드 서울CK2,2017008466865,20200503,20231031
계란,계란,계란듬뿍모닝샌드,즉석섭취식품,제조일로부터 72시간,,(주)현대그린푸드 스마트푸드센터,201902803272315,20220120,20250304
모짜렐라|계란,"모짜렐라,계란",계란듬뿍모닝샌드&모짜렐라샐러드,즉석섭취식품,제조일로부터 4일,,(주)현대그린푸드 스마트푸드센터,201902803272024,20210526,20240716
계란,계란,계란듬뿍모닝샌드위치,즉석섭취식품,제조일로부터 72시간,,(주)현대그린푸드 스마트푸드센터,201902803274771,20260227,20260305
계란,계란,계란듬뿍삼각김밥,즉석섭취식품,제조시간으로부터 48시간,,(주)우리델리카,20150443298340,20200810,20200813
계란,계란,계란듬뿍샌드위치,즉석섭취식품,제조일로부터 72시간까지,,(주)푸드코아,200402750571252,20230613,20230621
계란,계란,계란듬뿍샌드위치,즉석섭취식품,제조일시로부터 72시간,해당없음.,(주)후레쉬서브,200803362281358,20230801,20230823
계란,계란,계란듬뿍샐러드,즉석섭취식품,냉장 30일,,(주)엠디에스코리아 1공장,20070355264550,20200110,20230526
계란,계란,계란듬뿍후토마끼4p,즉석섭취식품,제조일로부터 48시간,,(주)스위시팩토리,2025052522728,20250610,20250611
계란,계란,계란딸기잼,즉석섭취식품,제조시간으로부터 74시간까지,,(주)원푸드림 주촌지점,20170607069454,20260319,20260507
계란,계란,계란딸기잼,즉석섭취식품,제조시간으로부터 94시간 까지,,(주)비지에프푸드,20200450031673,20260315,20260505
계란,계란,계란딸기잼햄치즈반반,즉석섭취식품,제조시간으로부터 74시간까지,,(주)원푸드림 주촌지점,20170607069456,20260323,20260505
계란,계란,계란딸기잼햄치즈반반,즉석섭취식품,제조시간으로부터 94시간 까지,,(주)비지에프푸드,20200450031696,20260323,20260505
계란,계란,계란딸기잼햄치즈반반,즉석섭취식품,제조시간으로부터 72시간,,(주)푸드플래닛,201503831781521,20260317,20260516
계란,계란,계란말이,기타가공품,5일,,믿음식품 주식회사,2009020255397,20181107,20220122
계란,계란,계란말이,즉석조리식품,제조일로부터 7일,,㈜슈퍼메이커즈 제2센트럴키친,20220397234145,20220823,20240208
계란,계란,계란말이,즉석조리식품,제조일로부터 7일까지,7일,우수에프앤씨 주식회사,202507030833,20251116,20251122
계란,계란,계란말이,조림류,제조일로부터5일,,주식회사장모님에프앤비,20230300165126,20240306,20240313
계란,계란,계란말이,즉석조리식품,제조일로부터 7일,,(주)나의부엌,20210212072108,20230811,20230819
계란,계란,계란말이,즉석조리식품,제조일로부터 5일,해당없음,국이랑 반찬이랑,2022082811259,20220918,20220923
계란,계란,계란말이,조림류,제조일로부터 7일,,제다농수산,2018062132588,20190325,20190328
계란,계란,계란말이,즉석조리식품,제조일로부터 7일,,(주)나로식품,20240510213130,20251204,20251212
계란,계란,계란말이,기타가공품,5일,,데일리식품 주식회사,20190361854316,20201103,20201106
계란,계란,계란말이,조림류,제조일로부터 7일 이내,,하늘이 내려준 음식 하음,2023019603072,20260507,20260512
계란,계란,계란말이,즉석조리식품,제조일로부터 3일,,제이피썸(주)찬미식품,2012047863089,20210322,20240117
계란,계란,계란말이,즉석조리식품,제조일로부터 7일,,주식회사케이제이푸드(KJ Food),20210424124505,20230222,20230223
계란,계란,계란말이,즉석조리식품,제조일로부터 7일,,주식회사찬장에프에스대전,20220321100204,20220819,20260530
계란,계란,계란말이,즉석조리식품,제조일로부터 3일,,농업회사법인 소생로컬푸드 주식회사,2017055512018,20190129,20190131
계란,계란,계란말이,즉석조리식품,제조일로부터 7일,,주식회사케이제이푸드(KJ Food),20210424124588,20230718,20230719
계란,계란,계란말이,기타가공품,3일,,용진식품,2013009475430,20140106,20160706
계란,계란,계란말이,즉석조리식품,제조일로부터4일,,(주)채움푸드,2021053711916,20220510,20220512
계란,계란,계란말이,즉석조리식품,제조일로부터 4일,,라임에프앤비(주),20210222240109,20210423,20240201
계란,계란,계란말이,즉석섭취식품,제조 후 10시간,,(주)비엘푸드,201902029632879,20251230,20260101
계란,계란,계란말이,즉석조리식품,제조일부터 7일,,찬상프리미엄반찬카페,2022014155050,20230302,20230303
계란,계란,계란말이,즉석조리식품,제조일시부터 60시간(냉장),,(주)늘사랑회디엔씨,2011005660889,20140318,20160706
계란,계란,계란말이,즉석조리식품,7일,,자매식품,20190349321203,20220830,20220831
계란,계란,계란말이,기타가공품,제조일로부터 5일,,농업회사법인 소생로컬푸드 주식회사 제2공장,2021055916030,20210802,20230427
계란,계란,계란말이,기타가공품,제조일로부터 7일,,시화당,20210363160487,20250819,20250823
계란,계란,계란말이,즉석조리식품,제조일로부터 4일,,(주)퀵앤쿡,2022032968724,20220629,20220701
계란,계란,계란말이,즉석조리식품,제조일로부터 냉장 4일,,김찬푸드,2023048912930,20240119,20240125
계란,계란,계란말이,즉석조리식품,제조일로부터 5일,-,그 집 반찬,2024031031118,20240725,20240730
계란,계란,계란말이,즉석조리식품,제조일로부터 7일,제조일로부터 7일,다다쿡,20160147085359,20220809,20250301
계란,계란,계란말이,즉석조리식품,제조일부터 4일,제조일부터 4일,알토랑 반찬(도원 학동점),2025077525926,20250425,20250429
계란,계란,계란말이,즉석조리식품,제조일로부터 7일,,(주)남도애꽃,20120347190461,20240827,20240829
계란,계란,계란말이,즉석조리식품,제조일로부터 5일,,도도레시피반찬이다,2024068319739,20241007,20241008
계란,계란,계란말이,즉석조리식품,제조일로부터 5일,,(주)도마소리,20220241566576,20251218,20260103
계란,계란,계란말이,즉석조리식품,제조일부터 4일,제조일부터 4일,알토랑반찬,2021051056386,20240925,20241024
계란,계란,계란말이,즉석조리식품,제조일로부터 7일,별첨,한둘아식품,2017054816156,20240922,20241012
계란,계란,계란말이,즉석조리식품,제조일로부터 7일(냉장보관),해당없음,덕순네푸드,2014049700557,20240902,20240907
계란,계란,계란말이,즉석조리식품,제조일로부터 4일,,주식회사 둥구나무,20180293292111,20220203,20221119
계란,계란,계란말이,기타가공품,제조일로부터 5일,,(주)찬팩토리,2019021281017,20200305,20200306
계란,계란,계란말이,기타가공품,제조일로부터 7일,,팜스더프레시,2022029954472,20220608,20250214
계란,계란,계란말이,즉석조리식품,제조일로부터 5일,,맛있는찬,20240145988150,20240615,20250704
계란,계란,계란말이,즉석섭취식품,제조일로부터 3일,,(주)더마을에프엔비,202505702795,20260130,20260206
계란,계란,계란말이,즉석섭취식품,제조일로부터48시간,,디에이치푸드,202303080513,20231023,20231028
계란,계란,계란말이 순봉이네,조림류,제조일로부터 7일,,제이비지 에프앤비(JBG F&B),2025023334356,20250715,20250717
계란,계란,계란말이(슈퍼키친),즉석섭취식품,제조일로부터 5일,,㈜슈퍼메이커즈 제2센트럴키친,20220397234191,20230214,20230216
계란,계란,계란말이믹스,복합조미식품,제조일로부터 12개월,해당없음.,정성푸드,202304508665,20231013,20240109
계란,계란,계란말이베이스,소스,제조일로부터 6개월,,주식회사 조이스파이스,2022036910826,20230518,20230525
계란,계란,계란말이베이스,소스,냉장보관 6개월,,(주)푸드공방,20010368431485,20180817,20180822
계란,계란,계란말이용 야채조미액,소스,제조일로부터 18개월,,프레시플러스 주식회사,200304432174661,20210518,20260103
계란,계란,계란말이용소스,소스,3개월까지(냉장보관),,주식회사 다담푸드,20080199577238,20121212,20220827
계란,계란,계란말이용시즈닝,복합조미식품,제조일로부터 12개월까지,,대영에프앤에스(주),19940306085383,20250701,20250703
계란,계란,계란말이용시즈닝,복합조미식품,제조일로부터 12개월까지,,주식회사 엘케이,20080342275371,20240813,20240815
계란,계란,계란말이용시즈닝,복합조미식품,제조일로부터 실온 12개월까지,,(주)제이엔제이푸드,20150443030792,20210819,20210821
계란,계란,계란말이용시즈닝,복합조미식품,제조일로부터 12개월,,주식회사 동방푸드마스타,199104450776981,20180814,20180817
계란,계란,계란맛볼,기타가공품,제조일로부터 18개월 까지,,(주)선양평택공장,20080308157329,20210901,20210902
계란,계란,계란맛소스,소스,제조일로부터 9개월까지,,주식회사 동방푸드마스타,1991044507710208,20260520,20260612
계란,계란,계란맛시즈닝분말,복합조미식품,12월,,영애드에프아이,20020364340401,20131114,20260201
계란,계란,계란맛어포,어묵,제조일로부터 18개월,,(주)한국에이요,2006061706214,20061002,20250508
계란,계란,계란머랭쿠키,과자,제조일로부터 실온12개월,제조일로부터 실온12개월,(주)설롱디저트,20090181982312,20240222,20240724
계란,계란,계란머스터드,빵류,제조일로부터 10일,,주식회사참조은에스에프,20150458026811,20250211,20250214
계란,계란,계란메밀김밥 KIT,즉석섭취식품,제조일로부터 5일까지,,농업회사법인(주) 담푸른,20160338669490,20250618,20251122
계란,계란,계란면,생면,제조일로부터 1년,,(주)타마루에스엠에스,2013027503362,20210806,20230208
계란,계란,계란면(Egg Noodle),숙면,7개월,,한일식품(주),19870358015308,20120308,20160706
계란,계란,계란명란마요김밥,즉석섭취식품,제조시간으로부터 72시간까지,,(주)후레쉬퍼스트,20180212258771,20260508,20260613
계란,계란,계란물,기타가공품,제조일로부터 15일까지(냉장),,주식회사 삼립 청주공장,20170415080463,20200422,20200425
계란,계란,계란물,기타가공품,제조일로부터 15일까지(냉장),,주식회사낭만연구소,20180552664102,20240617,20240720
계란,계란,계란물 글레이즈,기타가공품,제조일로부터 15일까지 (냉장),,주식회사 삼립 청주공장,20170415080302,20190515,20190516
계란,계란,계란물에 빠진 햄전,기타가공품,제조일로부터 7일,,(주)강남밥상,20200280079425,20260609,20260619
계란,계란,계란물용배터믹스-5,곡류가공품,제조일로부터 1년,,(주) 삼지에프 에스,200004613257018,20241010,20241011
계란,계란,계란물토핑,기타가공품,제조일로부터 270일까지,,(주)풍림푸드,19940443076181,20220427,20260103
계란,계란,계란물퐁당분홍소세지,기타 어육가공품,제조일로부터 12개월,,한성기업(주),19840607028228,20250616,20250618
계란,계란,계란믹스-SJ,곡류가공품,제조일로부터 1년,,(주) 삼지에프 에스,200004613256463,20240111,20240115
계란,계란,계란반미,즉석섭취식품,제조일로부터  48시간(냉장),,주식회사 리사키친,2009027505925,20200210,20200214
계란,계란,계란반숙장,조림류,7일,,데일리식품 주식회사,20190361854237,20200402,20230705
계란,계란,계란밥 & 떡갈비스틱,즉석조리식품,제조일로부터 12개월까지,,(주)푸드인모닝스타,20220493563137,20231103,20231109
계란,계란,계란밥 & 안동찜닭,즉석조리식품,제조일로부터 12개월까지,,(주)푸드인모닝스타,20220493563285,20260203,20260205
계란,계란,계란밥 스프,복합조미식품,제조일로부터 1년,제조일로부터 1년,주식회사유앤미,2024059412410,20240325,20240326
계란,계란,계란밥&깻떡,즉석조리식품,제조일로부터 냉동보관(-18℃이하) 6개월,,주식회사 가람식품,2020015600649,20201125,20211030
계란,계란,계란밥&떡갈비스틱,즉석조리식품,제조일로부터12개월,,주식회사 오늘한끼,202409191838,20240223,20240226
계란,계란,계란밥&마파두부,즉석조리식품,제조일로부터 냉동보관(-18℃이하) 6개월,,주식회사 가람식품,2020015600630,20200803,20211030
계란,계란,계란밥&미피,즉석조리식품,제조일로부터 냉동보관(-18℃이하) 6개월,,주식회사 가람식품,2020015600647,20201125,20211030
계란,계란,계란밥&오븐 닭가슴살,즉석조리식품,제조일로부터 12개월까지,,(주)푸드인모닝스타,20220493563203,20241115,20241121
계란,계란,계란밥&짜장,즉석조리식품,제조일로부터 냉동보관(-18℃이하) 6개월,,주식회사 가람식품,2020015600631,20200810,20211030
계란,계란,계란밥&카레,즉석조리식품,제조일로부터 냉동보관(-18℃이하) 6개월,,주식회사 가람식품,2020015600642,20200831,20211030
계란,계란,계란밥쯔유,소스,제조일로부터 6개월,,태원식품산업(주),1985031100112419,20220816,20220827
계란,계란,계란배터믹스5호,곡류가공품,제조일로부터 12월,,(주) 삼지에프 에스,200004613253397,20190503,20190508
계란,계란,계란버터쿠키,과자,제조일로부터 12개월,,(주)삼아인터내셔날,19910461077489,20221201,20230609
계란,계란,계란베이스밥,즉석조리식품,제조일로부터 12개월,,주식회사 엄지식품,20150493208312,20181020,20240117
계란,계란,계란복어국,즉석조리식품,제조일로부터 냉동 60일까지,,유한회사 행복예찬,2011047896230,20121029,20240117
계란,계란,계란볶음 현미밥,즉석조리식품,12개월,해당없음.,(주)쥬비스다이어트 쥬비스푸드점,20110074017847,20230613,20231019
계란,계란,계란볶음밥,즉석조리식품,"냉동, 12개월",,(주)시아스,200504150203945,20201016,20201223
계란,계란,계란볶음밥,즉석조리식품,제조일로부터 12개월,,(주)안다미로식탁,2022047912112,20240131,20240202
계란,계란,계란볶음밥,즉석조리식품,제조일로부터 12개월 이내,,주식회사 건강드림센터,2020053710512,20240424,20240426
계란,계란,계란볶음밥,즉석조리식품,제조일로부터 9개월까지,,(주)푸드트리,20140275195170,20221229,20231104
계란,계란,계란볶음밥,즉석조리식품,제조일로부터 12개월,,(주)샛별푸드,20190202430201,20240704,20240717
계란,계란,계란볶음밥,곡류가공품,냉장 3일,,(주)이에스그린푸드,20170443338634,20240128,20240130
계란,계란,계란볶음밥 & 치즈닭갈비,즉석조리식품,냉동 9개월,,(주)이에스그린푸드,20170443338598,20240102,20240104
계란,계란,계란볶음밥 도시락,즉석섭취식품,제조시간으로부터 8시간,,그린웰주식회사,20040627714169,20200626,20231110
계란,계란,계란볶음밥 행복한맛남,즉석조리식품,제조일로부터 9개월까지,,(주)아워홈,200206141791114,20250101,20251018
계란,계란,계란볶음밥&닭가슴살,즉석조리식품,제조일로부터 12개월,,(주)샛별푸드,20190202430130,20240703,20240706
닭다리|계란,"닭다리,계란",계란볶음밥&닭다리살 숯불간장 도시락,즉석조리식품,제조일로부터 12개월(냉동),,주식회사 나비야,20190378122510,20240613,20240903
계란,계란,계란볶음밥&마라핫치킨,즉석조리식품,제조일로부터 12개월(냉동),,주식회사 나비야,20190378122446,20230301,20230324
계란,계란,계란볶음밥&미트볼&피자오믈렛,즉석조리식품,제조일로부터 냉동보관(-18℃이하) 6개월,,주식회사 가람식품,2020015600661,20210504,20211030
계란,계란,계란볶음밥&소야볶음,즉석조리식품,제조일로부터 1년(냉동보관),,(주)맛과벗,20170362092316,20220427,20260212
계란,계란,계란볶음밥&짜장소스 세트,고혈압환자용 식단형 식품,제조일로부터 4일,,(주)현대그린푸드 스마트푸드센터,201902803273434,20240321,20240423
계란,계란,계란볶음밥과 떡갈비,즉석조리식품,제조일로부터 9개월,,(주)씨케이케이,20130364693251,20220719,20260201
계란,계란,계란볶음밥과 소세지야채볶음,즉석조리식품,제조일로부터 9개월,,(주)씨케이케이,20130364693422,20260612,20260617
계란,계란,계란볶음밥도시락,즉석섭취식품,제조시간으로부터 8시간,,오에스케이터링(주),20160628608184,20220718,20231115
계란,계란,계란볶음밥소스,소스,제조일로부터 6개월,,(주)찬들푸드,20210301832460,20260414,20260415
계란,계란,계란볶음밥엔 사천짜장,즉석조리식품,제조일로부터 1년(냉동보관),,(주)맛과벗,20170362092446,20240805,20240810
계란,계란,계란볶음밥엔닭가슴살 사천짜장,즉석조리식품,제조일로부터 1년,,농업회사법인(주)별담푸드,2025092401433,20250724,20251001
계란,계란,계란볶음밥엔떡갈비,즉석조리식품,제조일로부터 1년,,농업회사법인(주)별담푸드,2025092401441,20250919,20251220
계란,계란,계란볶음밥e,즉석조리식품,12개월/냉동(비살균/가열섭취),,(주)시아스,200504150205265,20260520,20260521
계란,계란,계란볶음용소스,소스,제조일로부터 6개월,,(주)케이에스에프,20120364498936,20250714,20260201
계란,계란,계란볶음컵밥,즉석조리식품,제조일로부터 12개월,,오뚜기냉동식품 주식회사,20040355580652,20250412,20250531
계란,계란,계란볶이,조림류,제조일로부터 7일,,팜스더프레시,20220299544356,20250513,20250515
계란,계란,계란부추 물만두,만두,제조일로부터 12개월(냉동보관),해당없음,바이워이식품,202505135854,20250530,20250531
계란,계란,계란부추만두,만두,제조일 부터 9개월,,GSS푸드 곽선생 왕만두,2023046982113,20240312,20250919
계란,계란,계란부추만두,만두,제조일로부터 1년,,주식회사 동북푸드,201903263351,20190508,20210203
계란,계란,계란부추만두속,기타가공품,제조일로부터 10일,,곽선생 왕만두,2017033229912,20240306,20250919
계란,계란,계란부추물만두,만두,제조일로부터 12개월,,안심식품,202102801481,20210603,20260606
계란,계란,계란부추손만두,만두,별도표시,-18도이하에서 180일,서광식품,201200946985,20190506,20230509
계란,계란,계란부추손만두,만두,제조일로부터 9개월,해당없음,원보푸드,201703684358,20170718,20230726
계란,계란,계란부추장,조림류,제조일로부터 5일,,도리깨침,20200280142635,20231212,20231220
계란,계란,계란부추짜박이,즉석조리식품,제조일로부터 5일,,주식회사케이제이푸드(KJ Food),20210424124426,20230218,20230219
계란,계란,계란부추짜박이,즉석조리식품,제조일로부터 7일,,주식회사찬장에프에스대전,20220321100435,20221221,20240522
계란,계란,계란부추짜박이,즉석조리식품,제조일로부터 5일,,주식회사케이제이푸드(KJ Food),20210424124506,20230222,20230223
계란,계란,계란부침,즉석조리식품,제조일로 부터 7일 까지,,(주)후누BDF(2공장),2024017604313,20240902,20240907
계란,계란,계란북엇국,즉석조리식품,제조일로부터 5일,-,(주)산호에프앤비,2023028136736,20240220,20250523
계란,계란,계란북엇국,즉석조리식품,제조일로부터 5일,,주식회사 진가네,20170160958206,20190722,20190724
계란,계란,계란북엇국,즉석조리식품,제조일로부터 12개월,,동림푸드(주),19910386025621,20220718,20230610
계란,계란,계란분말,복합조미식품,18개월,,앤트글로벌유통,202404605735,20240823,20240829
계란,계란,계란분말S,기타가공품,제조일부터   2 년,,(주)광일,19840461098190,20161222,20161223
계란,계란,계란블럭,기타가공품,제조일로부터1년까지,,동림푸드(주),19910386025403,20150730,20230610
계란,계란,계란블럭,알함유가공품,제조일로부터 12개월,,상미식품주식회사,19910449004936,20220110,20220112
계란,계란,계란블럭,기타가공품,제조일로부터 12개월까지,,(주)대도F&D,19920392069359,20230918,20230920
계란,계란,계란블럭H,알함유가공품,제조일로부터 12개월,,상미식품주식회사,199104490041081,20240903,20240905
계란,계란,계란블럭R,알함유가공품,실온에서 제조일로부터 12월,,상미식품주식회사,19910449004904,20210803,20210804
계란,계란,계란블루베리잼샌드,즉석섭취식품,제조시간으로부터 94시간 까지,,(주)비지에프푸드,20200450031683,20260323,20260324
계란,계란,계란빵,빵류,제조일로부터 10일,,(주)닥터브레드,20230501149250,20250513,20250520
계란,계란,계란빵,빵류,14일,,이가식품,2016031128615,20181026,20201022
계란,계란,계란빵,빵류,제조일로부터 50일까지,,동산식품,2014056804426,20200916,20260318
계란,계란,계란빵,빵류,제조일부터 12개월,,호모사피엔스,2024027457216,20250416,20250417
계란,계란,계란빵,빵류,제조일로부터 6개월까지,,(주)라온씨앤비,20180162202122,20231124,20231211
계란,계란,계란빵 반죽,빵류,제조일로부터 냉장 10일,냉장 10일,주식회사 황금에프앤비,202004020135,20200915,20231006
계란,계란,계란빵 반죽,빵류,제조일로부터 10일까지,,주식회사 지니스,20230512852203,20250903,20250905
계란,계란,계란빵 반죽(냉동),빵류,제조일로부터 냉동 6개월,냉동 6개월,주식회사 황금에프앤비,2020040201351,20220525,20250522
계란,계란,계란빵 반죽(냉동),빵류,제조일로부터 6개월까지,,주식회사 지니스,20230512852182,20250903,20250906
계란,계란,계란빵 생지,빵류,제조일로부터 9 개월,,(주)그린비엔에프,20220510689114,20241121,20260201
계란,계란,계란빵믹스,곡류가공품,제조일로부터 12개월,,제이밀,202402564471,20240902,20240904
계란,계란,계란빵반죽,빵류,제조일로부터 9개월(냉동),,하이원푸드 주식회사,2000036432332,20130321,20260201
계란,계란,계란빵분말향 NF-10825,혼합제제,해당사항없음,해당사항없음,주식회사 남영F&C,199803110301729,20170407,20170414
계란,계란,계란빵시트,빵류,제조일부터9개월까지,,(주)도깨비제과,2024028385033,20250915,20250917
계란,계란,계란빵클럽 쌀알동동식혜,혼합음료,냉장 6개월,,주식회사 씨에이치푸드,2008033218087,20250812,20250926
계란,계란,계란빵클럽 옥수수소스,기타가공품,제조일로부터 6개월,,파인쿡(Fine cook),20240722337243,20260522,20260527
계란,계란,계란빵클럽 옥수수소스,소스,제조일로부터 6개월,,파인쿡(Fine cook),20240722337226,20260511,20260513
계란,계란,계란빵클럽 피자소스,기타가공품,제조일로부터 6개월,,파인쿡(Fine cook),20240722337244,20260522,20260527
계란,계란,계란빵클럽 피자소스,소스,제조일로부터 6개월,,파인쿡(Fine cook),20240722337225,20260511,20260513
계란,계란,계란빵향 NF-13611,향료,해당사항없음,해당사항없음,주식회사 남영F&C,199803110302728,20221201,20221203
계란,계란,계란사라다,신선편의식품,제조일로부터 5일,,어스메이드,20220098201255,20241113,20241119
계란,계란,계란사라다용소스,소스,제조일로부터 3개월까지,,(주)시엔,20240670149102,20260309,20260624
계란,계란,계란새송이닭가슴밥,영.유아용 이유식,제조일로부터 20일,,주식회사 플라잉닥터 제2공장,20250483015794,20260120,20260121
계란,계란,계란새우볶음밥,즉석조리식품,제조일로부터 12개월,,주식회사 엄지식품,20150493208640,20200807,20240117
계란,계란,계란새우볶음밥&고구마닭가슴살스테이크,즉석조리식품,제조일로부터 9개월,,(주)씨케이케이,20130364693130,20190312,20260201
마요네즈|계란,"마요네즈,계란",계란샌드용마요네즈,마요네즈,제조일로부터 4개월,,롯데웰푸드주식회사천안공장,199604490021706,20200306,20200402
계란,계란,계란샌드위치,즉석섭취식품,제조일시로부터 72시간이내,,(주)후레쉬서브,200803362281451,20240701,20240710
계란,계란,계란샌드위치,즉석섭취식품,제조시간으로부터 72시간,,(주)제이비프레시,20200620210393,20240701,20260319
계란,계란,계란샌드위치,즉석섭취식품,제조시간으로부터 72시간,,(주)우리델리카,20150443298284,20200113,20240626
계란,계란,계란샌드위치,즉석섭취식품,제조일로부터 72시간까지,-,주식회사지에프에스,20170624144439,20240630,20240702
계란,계란,계란샌드위치,즉석섭취식품,72시간(0℃~10℃ 냉장보관),제조시간으로부터 72시간,엔젤식품,19960139379133,20180926,20250530
계란,계란,계란생과자,빵류,제조일로부터 2개월 까지,,(주)화과방,20000484353736,20190116,20240117
계란,계란,계란소보로,즉석조리식품,제조일로부터12일,,순수본 주식회사,20180491181158,20180419,20240117
숙주|계란,"숙주,계란",계란숙주볶음,즉석섭취식품,제조일로부터 5일 이내,,(주)유월의보리,20190280077272,20190712,20191101
계란,계란,계란스크램블프리믹스,기타가공품,12개월까지,,우일수산(주),19940471029420,20140717,20161014
계란,계란,계란스크램블MD,기타가공품,제조일로부터 18개월,,(주)선양평택공장,20080308157107,20140324,20170108
계란,계란,계란스크램블S,기타가공품,제조일로부터18개월까지,,(주)신양 포승지점,2020032426353,20210630,20221227
계란,계란,계란스크램블S,기타가공품,제조일로부터12개월까지,,우일수산(주),19940471029446,20150817,20161014
계란,계란,계란스크램블S프리믹스,기타가공품,제조일로부터12개월까지,,우일수산(주),19940471029445,20150817,20161014
계란,계란,계란스크램블W,기타가공품,12개월까지,,우일수산(주),19940471029421,20140717,20161014
계란,계란,계란스크램블W,기타가공품,제조일로부터18개월까지,,(주)신양 포승지점,2020032426354,20210630,20221227
계란,계란,계란스틱,기타가공품,제조일로부터 12개월까지,,(주)그린푸드,20000149041523,20220711,20220714
계란,계란,계란스프레드,마요네즈,제조일로부터 4개월까지 (냉장),,주식회사 삼립 청주공장,20170415080348,20190805,20200204
계란,계란,계란시즈닝,복합조미식품,제조일로부터 12개월까지,,(주)미전코리아,20170449014335,20250714,20260201
계란,계란,계란쑥갓블럭,기타가공품,제조일로부터 18개월,,동림푸드(주),19910386025624,20220719,20230610
계란,계란,계란앙금,두류가공품,제조일로부터  12개월,,(주)에코제이푸드,20150627424220,20201110,20201113
계란,계란,계란앙금,조림류,제조일로부터 90일 까지,,(주)태산,19950555004304,20170706,20170909
계란,계란,계란앙금L,당류가공품,24개월,,(주)선인,19960461017399,20170110,20180413
계란,계란,계란앙만주,빵류,제조일로부터 3개월 까지,,(주)화과방,20000484353751,20190411,20250711
계란,계란,계란야채 곤약볶음밥 & 닭가슴살너겟,즉석조리식품,제조일로부터 9개월까지,,농업회사법인 주식회사 한우물,20080493074928,20210426,20240117
계란,계란,계란야채 닭가슴살곤약볶음밥,즉석조리식품,제조일로부터 9개월,,주식회사 엄지식품,20150493208717,20210115,20240117
계란,계란,계란야채곤약볶음밥,즉석조리식품,제조일로부터 12개월까지,,농업회사법인 주식회사 한우물,20080493074467,20180711,20240117
계란,계란,계란야채볶음밥,즉석조리식품,제조일로부터 9개월까지,,(주)아워홈,200206141791112,20241025,20241029
계란,계란,계란야채볶음밥용베이스밥,즉석조리식품,"냉동, 12개월",,(주)시아스,200504150204756,20231020,20231021
계란,계란,계란야채블럭,기타가공품,제조일로부터 12개월,,동림푸드(주),19910386025528,20180720,20230610
계란,계란,계란야채어묵,어묵,7일,,부산어묵 초량식품,197401290025,19860403,20180515
계란,계란,계란야채전,즉석조리식품,제조일부터 4일까지,,한우리음식,20150106272312,20191004,20191012
계란,계란,계란야채죽,즉석조리식품,냉동에서 제조일로부터 12개월까지,,(주)로뎀푸드,20070372333269,20220208,20231102
계란,계란,계란야채죽,즉석조리식품,12개월,,(주)오뚜기,20010445055732,20240206,20241127
계란,계란,계란양념소스,소스,제조일로부터 10개월까지,,(주)가온푸드,201404432562724,20260519,20260520
계란,계란,계란에 비벼먹는 만능 간장소스,소스,제조일로부터 12개월,제조일로부터  12 개월까지(실온보관),평화에프앤비,20120443104675,20250521,20250523
계란,계란,계란엔밥간장소스,소스,제조일로부터 12개월까지,,(주)아이엠소스,20120046517290,20200311,20251003
계란,계란,계란옷 입은 몬테크리스토 토스트 에그소시지 샌드,즉석섭취식품,제조시간으로부터 96시간까지(냉장),,(주)샌드팜,20080338223793,20220318,20250522
계란,계란,계란옷 입은 몬테크리스토 토스트 에그소시지 샌드,즉석섭취식품,제조시간으로부터 96시간까지(냉장),,주식회사 샌드팜 영남공장,20090188032658,20220318,20240112
계란,계란,계란옷 입은 몬테크리스토 토스트 햄.에그.치즈 샌드,즉석섭취식품,제조시간으로부터 96시간까지 (냉장),,(주)샌드팜,20080338223695,20210428,20250522
계란,계란,계란옷 입은 몬테크리스토 토스트 햄.에그.치즈 샌드,즉석섭취식품,제조시간으로부터 96시간까지 (냉장),,주식회사 샌드팜 영남공장,20090188032571,20210428,20241220
계란,계란,계란옷 입은 미니 에그랑땡,기타가공품,12개월,,대상(주) 단양공장,19920447021385,20240717,20240720
계란,계란,계란옷 입은 부추 완자전,식육함유가공품,제조일로부터 9개월,,한성기업(주),19840607028155,20100908,20190921
계란,계란,계란옷 입은 분홍소세지전,기타 어육가공품,제조일로부터 9개월,,주식회사 스마일푸드,2021049424030,20241216,20250305
계란,계란,계란옷 입은 소시지전,기타 어육가공품,제조일로부터 12개월,,주식회사 스마일푸드,2021049424043,20251111,20251126
계란,계란,계란옷 입은 에그랑땡,기타가공품,12개월,,대상(주) 단양공장,19920447021368,20210121,20240502
계란,계란,계란옷 입은 초당옥수수전,식육함유가공품,제조일로부터 12개월,,주식회사 스마일푸드,2021049424038,20250820,20250821
계란,계란,계란옷 입은 칼슘고기완자,기타가공품,제조일로부터12개월,,(주)성원냉동식품,20030372203267,20260512,20260624
계란,계란,계란옷 입은 통통소세지,기타 어육가공품,제조일로부터 1년,,한성기업(주),19840607028197,20190729,20190731
계란,계란,계란옷 입혀나와 편한 계편한 도톰동그랑땡,식육함유가공품,제조일로부터 9개월,,씨제이제일제당(주)진천BLOSSOM CAMPUS,2018045028544,20240510,20260213
계란,계란,계란옷고기완자,기타가공품,내수용 : 제조일로부터 12개월 / 수출용 : 제조일로부터 18개월,,(주)사옹원,20210452332422,20240801,20240803
계란,계란,계란옷을 입은 게살완자,기타가공품,내수용 : 제조일로부터 12개월 / 수출용 : 수출목적 제품으로 수입자 요구기준에 맞게 설정,,(주)사옹원,20210452332534,20250717,20250719
계란,계란,계란옷을 입혀 더 맛있는 고기완자,식육함유가공품,9개월,,대상(주) 단양공장,19920447021371,20211130,20211202
계란,계란,계란옷입은 매콤고기완자,기타가공품,내수용 : 제조일로부터 12개월 / 수출용 : 수출목적 제품으로 수입자 요구기준에 맞게 설정,,(주)사옹원,20210452332552,20250916,20250917
계란,계란,계란옷입은 표고전,기타가공품,내수용 : 제조일로부터 12개월 / 수출용 : 제조일로부터 18개월,,(주)사옹원,20210452332455,20241122,20241126
계란,계란,계란옷입은 해물완자,기타가공품,제조일로부터 12개월,,(주)사옹원,20210452332343,20230703,20230704
계란,계란,계란옷입은 해물완자,기타 수산물가공품,제조일로부터 12개월,,(주)사옹원,20210452332393,20240405,20240410
계란,계란,계란옷입은 Oven Toast 스테이크 &치즈 샌드,즉석섭취식품,제조시간으로부터 96시간까지 (냉장),,(주)샌드팜,20080338223691,20210419,20210420
계란,계란,계란옷입은동그랑땡,기타가공품,제조일로부터 12개월,,(주)성원냉동식품,20030372203260,20250806,20260516
계란,계란,계란옷입은알찬동그랑땡,기타가공품,제조일로부터 12개월,,(주)성원냉동식품,20030372203248,20241128,20241203
계란,계란,계란옷입은알찬해물동그랑땡,기타가공품,제조일로부터 12개월,,(주)성원냉동식품,20030372203249,20241128,20241203
계란,계란,계란옷입은완자전스틱,기타가공품,제조일로부터 12개월,,(주)성원냉동식품,20030372203264,20260122,20260516
계란,계란,계란옷입은전통완자전,식육함유가공품,제조일로부터 12개월,,한성기업(주),19840607028144,20081211,20190921
계란,계란,계란옷입은해물과깻잎의만남,기타 수산물가공품,제조일로부터 12개월,,한성기업(주),19840607028139,20080104,20230201
계란,계란,계란옷입은햄전,기타가공품,제조일로부터 12개월,,농업회사법인(주)영풍,20220233480214,20241210,20241211
계란,계란,계란옷해물완자,기타 어육가공품,제조일로부터 12개월,,(주)사조오양금산공장,20100467117149,20190722,20251001
계란,계란,계란용베이스-에스알,소스,제조일부터 6개월 (냉장보관),,(주)동원홈푸드,201904421492116,20240503,20240507
계란,계란,계란용베이스-I,소스,제조일부터 6개월 (냉장보관),,(주)동원홈푸드,201904421491850,20231226,20240110
계란,계란,계란용베이스-S,소스,제조일부터 6개월 (냉장보관),,(주)동원홈푸드,201904421492115,20240503,20240530
계란,계란,계란용소스,소스,제조일로부터 6개월,,(주)금진식품,200804490041584,20260317,20260324
계란,계란,계란용양념소스,소스,제조일로부터 6개월,,(주)우신에프엠,200703385311169,20250525,20260201
계란,계란,계란을품은닭,식육함유가공품,제조일로부터 9개월 까지,,주식회사 와이앤비푸드,20120464159135,20190702,20190710
계란,계란,계란이 들어간 얼큰수제비,숙면,제조일로부터 6개월까지,,(주)이가자연면,200604451941119,20241226,20250114
계란,계란,계란이 맛있어지는 간장,양조간장,제조일부터   24 개월,,샘표식품(주) 이천공장,19860358059261,20180919,20190622
계란,계란,계란입은 에그 동그랑땡,식육함유가공품,제조일로부터7일,,행복미소(주),20130332177229,20250209,20260211
계란,계란,계란입힌 고기완자,기타가공품,제조일로부터12개월,,(주)성원냉동식품,20030372203247,20241022,20260516
계란,계란,계란입힌 오징어순대,기타 수산물가공품,제조일로부터 1년,,진양씨푸드주식회사,2019041011751,20240315,20240319
계란,계란,계란장,조림류,제조일로부터 15일까지,,주식회사 진가네,20170160958319,20240405,20240406
계란,계란,계란장,즉석섭취식품,제조일로부터 7일,,농업회사법인(주)승화푸드,200700565441025,20180906,20241031
계란,계란,계란장,조림류,제조일로부터 냉장5일,,더맛있는F&S,2019060662046,20220216,20220301
계란,계란,계란장,조림류,제조일로부터 5일,,예향,20200280205118,20220718,20260120
계란,계란,계란장,조림류,제조일로부터 7일,,주식회사장모님에프앤비,2023030016586,20240305,20240307
계란,계란,계란장,조림류,제조일로부터 14일,,(주)도마소리,20220241566358,20250226,20250228
계란,계란,계란장,조림류,제조일로부터 6일,,도리깨침,20200280142151,20210627,20210714
계란,계란,계란장,절임식품,냉장 15일,,주식회사형돈유통,2022046806639,20221206,20230713
계란,계란,계란장,조림류,10일,,(주)남도애꽃,20120347190482,20250402,20250404
계란,계란,계란장,즉석조리식품,제조일로부터 4일,,맛있는찬,2024014598898,20240704,20250406
계란,계란,계란장 소스,소스,제조일로부터 1년,,농업회사법인(주)승화푸드,200700565441958,20220316,20230706
계란,계란,계란장 소스,소스,,해당없음.,(주)인크릭스,202302591134,20230420,20230422
계란,계란,계란장 순봉이네,조림류,제조일로부터 7일,,제이비지 에프앤비(JBG F&B),2025023334359,20250715,20250717
계란,계란,계란장(벌크),조림류,제조일로부터 6일,,도리깨침,20200280142454,20240306,20240314
계란,계란,계란장소스,소스,제조일로부터 6개월,-,(주)제이에프앤비,202101313225,20220404,20220407
계란,계란,계란장소스,소스,제조일로부터 12개월,,주식회사세명에프엔에프,20100154489741,20231228,20241109
계란,계란,계란장조림,조림류,제조일로부터 5일,,(주)수미찬,20210042832184,20220702,20220703
계란,계란,계란장조림,조림류,제조일로부터 5일,,팜스더프레시,20220299544274,20240415,20240604
계란,계란,계란장조림,조림류,제조일로부터 4일,,(주)육십오도씨,20220274644181,20250518,20250727
계란,계란,계란장조림,조림류,,상온상태에서 제조 후 8시간까지,협동조합담음,2018026264271,20240229,20240308
계란,계란,계란장조림,조림류,제조일로부터30일,제조일로부터30일,(주)반찬천국,20050304233198,20240705,20240710
계란,계란,계란장조림,조림류,제조일로부터 15일,,바다원 제2공장,20190280376507,20260326,20260328
계란,계란,계란장조림,조림류,제조일로부터 7일,,(주)나로식품,20240510213135,20251124,20251205
계란,계란,계란장조림,조림류,제조일로부터 3일,,농업회사법인 소생로컬푸드 주식회사,2017055512013,20180929,20181009
계란,계란,계란장조림,즉석섭취식품,제조 후 10시간,,(주)비엘푸드,201902029632881,20251230,20260101
계란,계란,계란장조림,즉석섭취식품,상온상태에서 제조시간부터 8시간까지,,(주)푸드윈,2008034244144,20160217,20180901
계란,계란,계란장조림,조림류,제조일로부터 7일,,주식회사찬장에프에스대전,20220321100209,20221007,20230815
계란,계란,계란장조림,조림류,15일,,행복한밥상 협동조합,2013036514436,20140424,20260201
계란,계란,계란장조림,조림류,제조일부터 7일,,(주)나의부엌,20210212072177,20240823,20240828
계란,계란,계란장조림,조림류,제조일로부터 9개월까지,,(주)신세계푸드 음성공장,201504452221239,20240725,20250723
계란,계란,계란장조림,조림류,6일(냉장),,(주)늘사랑회디엔씨,20110056608175,20140509,20160706
계란,계란,계란장조림,조림류,28일,,데일리식품 주식회사,2019036185429,20190715,20220427
계란,계란,계란장조림,조림류,제조일로부터 냉장3일,,주)율마마,2020018956540,20240731,20240806
계란,계란,계란장조림 추가도시락,즉석섭취식품,8시간,8시간,사랑 on,20130275039288,20210413,20211103
계란,계란,계란전주비빔김밥,즉석섭취식품,제조시간으로부터 96시간,,(주)우리델리카,20150443298690,20230802,20240104
계란,계란,계란조림,조림류,제조일로부터 7일,제조일로부터 7일,더찬,2017050991613,20190409,20190412
계란,계란,계란조림액,소스,제조일로부터 6개월까지,,(주)엠에스씨,198506140551621,20081218,20240221
계란,계란,계란조미후레이크,어묵,제조일로부터 18개월 까지,해당없음.,(주)한국에이요,20060617062160,20180221,20250823
계란,계란,계란주먹밥,즉석섭취식품,제조일시로부터 36시간(0℃~10℃이하 냉장),,(주)코노니아,20080069098125,20241024,20241101
계란,계란,계란지단,알함유가공품,제조일3일,,(주)처가식품,1998032009711,20020328,20230617
계란,계란,계란지단,복합조미식품,제조일로부터 1년,,(주)광일,1984046109892,19980218,20190131
계란,계란,계란지단,기타가공품,제조일로부터 7일,,집반찬연구소,20010193033975,20240426,20240429
계란,계란,계란지단 세트,즉석섭취식품,제조일로부터 4일,,(주)현대그린푸드 스마트푸드센터,201902803272609,20220817,20230525
계란,계란,계란지단-B,복합조미식품,제조일로부터 1년,,(주)광일,1984046109898,19990728,20240206
계란,계란,계란지단-K,복합조미식품,제조일로부터 1년,,(주)광일,1984046109859,19911125,20190131
계란,계란,계란지단-L,기타가공품,냉동(-18℃이하)보관시 제조일로부터 1년,,(주)광일,19840461098143,20070604,20160706
계란,계란,계란지단-R,복합조미식품,제조일로부터 1년,,(주)광일,1984046109897,19990610,20160706
계란,계란,계란지단-S,기타가공품,제조일로부터 1년,,(주)광일,19840461098126,20041004,20160706
계란,계란,"계란지단,토핑고명",기타가공품,제조일로부터 12개월 까지,,주식회사 동방푸드마스타,199104450778630,20220418,20220531
계란,계란,계란지단김밥,즉석섭취식품,제조시간으로부터 52시간까지,,삼성웰스토리 Central Kitchen 아산,20240702932210,20241217,20250228
계란,계란,계란지단김밥(5입),즉석섭취식품,제조시간으로부터 37시간,,롯데용인CK 주식회사,200003470522680,20200916,20211119
계란,계란,계란지단김밥(5입),즉석섭취식품,제조시간으로부터 43시간,,롯데평택CK 주식회사,199503062741404,20200911,20260207
계란,계란,계란지단김밥(오이X),즉석섭취식품,제조시간으로부터 52시간까지,,삼성웰스토리 Central Kitchen 아산,20240702932141,20241216,20250228
계란,계란,계란지단파후레이크,기타가공품,제조일로부터 18개월,,동보식품 주식회사,197704330093316,20250509,20250513
계란,계란,계란짝꿍-야채,복합조미식품,제조일로부터 24개월,,(주)동원홈푸드,200204610735580,20130111,20161212
계란,계란,계란짝꿍-해물,복합조미식품,제조일로부터 24개월  (실온보관 :1~35℃),,(주)동원홈푸드,200204610733295,20090629,20161212
계란,계란,계란찜,즉석조리식품,제조일로부터 4일,,맛있는찬,2024014598899,20240704,20250405
계란,계란,계란찜,즉석조리식품,제조일로부터 7일,제조일로부터 7일,다다쿡,20160147085362,20220920,20250301
계란,계란,계란찜,즉석조리식품,제조일로부터 7일,,㈜슈퍼메이커즈 제2센트럴키친,2022039723441,20220605,20240208
계란,계란,계란찜,알함유가공품,제조일로부터 60일 까지,,(주)풀잎라인,20010435046365,20250701,20250702
계란,계란,계란찜,기타가공품,제조일로부터 7일,,시화당,2021036316093,20220805,20250807
계란,계란,계란찜,즉석조리식품,제조일로부터 5일,해당없음,국이랑 반찬이랑,2022082811258,20220918,20220923
계란,계란,계란찜,즉석조리식품,제조일로부터 4일,,(주)도마소리,20220241566207,20250102,20251220
계란,계란,계란찜,기타가공품,제조일로부터 5일(냉장),,팜스더프레시,2022029954475,20220614,20220616
계란,계란,계란찜,즉석조리식품,제조일부터 10일,,(주)뽀모,2017011522143,20170921,20170925
계란,계란,계란찜,기타가공품,5일,,데일리식품 주식회사,2019036185413,20190715,20200404
계란,계란,계란찜,기타가공품,제조일로부터 냉장 2일,,(주)찬팩토리,2019021281035,20200731,20200801
계란,계란,계란찜,즉석조리식품,제조일로부터 7일,,(주)나의부엌,20210212072180,20240904,20240911
계란,계란,계란찜,즉석조리식품,제조일부터 5일,,찬상프리미엄반찬카페,2022014155051,20230302,20230303
계란,계란,계란찜,기타가공품,제조일로부터 냉장 5일,,아람찬,2022018840675,20221007,20221008
계란,계란,계란찜,즉석조리식품,제조일로부터 7일까지,-,(주)산호에프앤비,2023028136756,20240221,20250530
계란,계란,계란찜,기타가공품,제조일로부터 5일,,(주)육십오도씨,20220274644209,20250522,20251121
계란,계란,계란찜 맛뚝딱 k소스,소스,제조일로부터 18개월까지,-,"서해수산푸드 주식회사(Yellow Sea Fisheries Food Co., Ltd.)",19920473045574,20240822,20240828
계란,계란,계란찜 세트,즉석섭취식품,제조일로부터 4일,,(주)현대그린푸드 스마트푸드센터,201902803272733,20230112,20250922
계란,계란,계란찜 순봉이네,즉석조리식품,제조일로부터 5일,,제이비지 에프앤비(JBG F&B),2025023334393,20260128,20260203
계란,계란,계란찜가루,복합조미식품,제조일로부터 12개월까지,,(주)조방푸드,2021053709843,20230816,20230818
계란,계란,계란찜꽃게탕육수분말,복합조미식품,제조일로부터 12개월,,가나식품(주),20080364332688,20230419,20260201
계란,계란,계란찜마스터 새우액젓,조미액젓,360일,,(주)서해글로벌,2012035547062,20230922,20230927
계란,계란,계란찜베이스,소스,제조일로부터6개월,,제이에스푸드,202401312989,20241106,20241108
계란,계란,계란찜분말,복합조미식품,12개월,,(주)푸드피아,20080370312734,20260426,20260428
계란,계란,계란찜분말,기타가공품,제조일로부터12개월까지,,우일수산(주),19940471029459,20160526,20161014
계란,계란,계란찜분말,복합조미식품,제조일로부터 12개월,,주식회사 레인보우에프에스,20170441083353,20231026,20231102
계란,계란,계란찜분말,복합조미식품,제조일로부터 12개월,,(주)송림에프에스,20180450029598,20201228,20201231
계란,계란,계란찜분말,복합조미식품,12개월,,(주)유진푸드,20180452496312,20240119,20240126
계란,계란,계란찜분말 RP,복합조미식품,제조일로부터 12개월,,그린식품 2공장,20240530203127,20250123,20250125
계란,계란,계란찜분말 SM,복합조미식품,제조일로부터 12개월까지,,(주)윤우푸드,20210349272479,20240425,20240427
계란,계란,계란찜분말-B,복합조미식품,제조일로부터 12개월까지,,(주)에프앤에스식품,20210352178851,20220811,20220826
계란,계란,계란찜분말스프,복합조미식품,제조일로부터 상온24개월,,(주)미미식품,198804440181282,20210624,20210625
계란,계란,계란찜분말SM,복합조미식품,제조일로부터 12개월,,그린식품 2공장,2024053020394,20241120,20241123
계란,계란,계란찜소스,소스,제조일로부터 3개월,,(주)소스마커,20180336668232,20211201,20211203
계란,계란,계란찜소스,소스,6개월,,(주)인크릭스,2023025911329,20260519,20260521
계란,계란,계란찜소스,소스,제조일로부터 6개월까지,,(주)푸드공방,20010368431804,20210119,20210121
계란,계란,계란찜소스,소스,제조일로부터 6개월까지,제조일로부터6개월까지,(주)장매원,2005057001066,20191120,20191121
계란,계란,계란찜스프,복합조미식품,제조일로부터 12개월,,(주)제이케이푸드시스템,2016003620521,20220217,20240730
계란,계란,계란찜요리분말,복합조미식품,24개월,,주식회사 두원식품,20030449017345,20220818,20220830
계란,계란,계란찜요리사 새우액젓,조미액젓,409일,,(주)서해글로벌,2012035547045,20190327,20251231
계란,계란,계란찜용 동결건조 대파와당근,과.채가공품,제조일로부터 12개월,,(주)서해글로벌,2012035547059,20221011,20221021
계란,계란,계란찜용 소스,조미액젓,제조일로부터 8개월까지,,가림산업주식회사,19960199063494,20190322,20241119
계란,계란,계란찜용베이스,소스,제조일로부터 6개월,,(주)삼진푸드,199104430291238,20151118,20230126
계란,계란,계란찜용베이스,소스,제조일로부터 6개월까지,,(주)은산푸드,20060375174572,20240621,20240622
계란,계란,계란찜용베이스,소스,제조일로부터 6개월,,(주)산마을,19930439009380,20181017,20181018
계란,계란,계란찜용분말양념,복합조미식품,제조일로부터 12개월(실온),,창보식품,20040311095243,20141125,20260201
계란,계란,계란찜용양념가루분,복합조미식품,제조일로부터 12개월,제조일로부터 12개월,(주)행복푸드미트,2017020226615,20220817,20220820
계란,계란,계란찜용양념분말,복합조미식품,12개월,,(주)푸드피아,20080370312379,20200213,20260211
계란,계란,계란찜용파우더,복합조미식품,12개월,,에프와이지주식회사 괴산공장지점,20170433732189,20210429,20230805
계란,계란,계란찜육수분말,복합조미식품,제조일로부터 12개월,,(주)케이에스에프,20120364498714,20210823,20260201
계란,계란,계란찜육수용 스프,복합조미식품,제조일로부터 6개월까지,,형제푸드,201802998005,20210909,20210911
계란,계란,계란찰떡,떡류,제조일로부터 냉동 12개월,,삼다오메기,2012062803021,20201116,20201117
계란,계란,계란참치샐러드반반샌드,즉석섭취식품,제조시간으로부터 94시간 까지,,(주)비지에프푸드,20200450031665,20260309,20260505
계란,계란,계란채김밥,즉석섭취식품,제조일로부터48시간,,(주)농업회사법인 엘푸드 서울CK2,20170084668125,20241224,20241225
계란,계란,계란채김밥용소스-제이,소스,냉장4개월,,(주)다미푸드텍,200204451301526,20181207,20181208
계란,계란,계란초밥,즉석섭취식품,제조일로부터 48시간,,(주)레인보우에프엔에스,2024019663352,20250722,20250808
계란,계란,계란초밥(CK용),즉석섭취식품,제조시간으로부터 37시간,,롯데용인CK 주식회사,200003470522985,20231227,20231229
계란,계란,계란초밥치즈케익,빵류,제조일로부터 6개월,,(주)한조각에프앤지,2017020843888,20181031,20181115
계란,계란,계란치즈김밥용키트,즉석섭취식품,제조일로부터 48시간,제조일로부터 48시간,(주)후레쉬서브,20080336228980,20201008,20250319
계란,계란,계란쿠키,과자,10일,,해피드림,2004048766821,20141104,20240117
계란,계란,계란쿠키,과자,15일,,주식회사경남제과,2001024781096,20120210,20180203
계란,계란,계란쿠키,과자,제조일로부터 3개월,,위캔센터,2001032007861,20150305,20180214
계란,계란,계란쿠키,과자,제조일로부터 12개월,,국제제과(주),20010415034196,20050512,20161219
계란,계란,계란쿠키,과자,제조일로부터 12개월,,시엘베이커리,200601686129,20060915,20260626
계란,계란,계란쿠키,과자,제조일로부터 1년,,(주)대산후드 탄현2공장,1993035502871,20050221,20210629
계란,계란,계란쿠키,과자,3개월,,숲중증장애인다수고용사업장,201301743474,20130917,20160706
계란,계란,계란쿠키,과자,제조일로부터 1년,,주식회사 신흥제과,1995046407011,19950728,20250404
계란,계란,계란쿠키,과자,제조일로부터 15일,,(주)효애진,2025053005543,20250327,20250401
계란,계란,계란쿠키,과자,제조일로부터 90일,실온 3개월,래그랜느 보호작업장,2011010660542,20200828,20200831
계란,계란,계란타래,소스,제조일로부터 6개월,,멘야마쯔리,201804561758,20190530,20240412
계란,계란,계란탁 들깨 칼우동,숙면,제조일로부터 5개월(냉장),,한일식품(주),19870358015926,20240912,20240913
계란,계란,계란탁 들깨 칼우동,숙면,제조일로부터 5개월(냉장),,한일식품(주),20220601689181,20251217,20251218
계란,계란,계란탕,즉석섭취식품,제조시간으로부터 8시간,,두진푸드시스템,2009020854526,20220123,20220125
계란,계란,계란탕분말,복합조미식품,제조일로부터 12개월까지,제조일로부터 12개월까지,(유)허니비,19990525066909,20250721,20250724
계란,계란,계란탕분말브로서,복합조미식품,제조일로부터 12개월까지,제조일로부터 12개월까지,(유)허니비,19990525066908,20250721,20250724
계란,계란,계란탕소스,소스,제조일로부터 6개월,,(주)찬들푸드,20210301832459,20260414,20260415
계란,계란,계란탕시즈닝,복합조미식품,제조일로부터 12개월까지,,(주)우신에프엠,20070338531787,20210923,20260201
계란,계란,계란탕용시즈닝,복합조미식품,6개월,,주식회사락컴퍼니,20080202422342,20130304,20210731
계란,계란,계란탕육수,소스,3개월(냉장보관),,(주)동원홈푸드,200204610736727,20150116,20161212
계란,계란,계란털털이,즉석조리식품,제조일로부터 4일,,(주)도마소리,20220241566225,20241231,20251125
계란,계란,계란토스트,빵류,제조일로부터 5일,제조일로부터 5일,틔움직업재활센터,20090221004233,20241114,20241116
계란,계란,계란토스트,빵류,제조일로부터 5일,,주식회사경남제과,20010247810145,20190825,20190910
계란,계란,계란트앤무(냉동),빵류,제조일로부터 6개월까지,,주식회사 지니스,20230512852195,20250903,20250906
계란,계란,계란파국,즉석섭취식품,상온상태에서 제조시간부터 8시간까지,,(주)푸드윈,2008034244168,20160224,20180901
계란,계란,계란파국,즉석조리식품,30일,,(주)늘사랑회디엔씨,2011005660855,20111227,20160706
계란,계란,계란파국,즉석조리식품,제조일로부터 냉장 5일,,아람찬,20220188406119,20221109,20221110
계란,계란,계란파블럭,기타가공품,제조일로부터 12개월,,(주)대도F&D,19920392069332,20220906,20230610
계란,계란,계란파블럭,알함유가공품,실온에서 제조일로부터 12월,,상미식품주식회사,19910449004921,20211014,20220112
계란,계란,계란팡팡리얼카스테라,빵류,제조일로부터12개월,해당없음.,주식회사 더브레드밀,2016029403863,20230316,20230526
계란,계란,계란팡팡리얼카스테라(실온),빵류,제조일로부터14일,,주식회사 더브레드밀,2016029403862,20230315,20230317
계란,계란,계란폭탄김밥,즉석섭취식품,제조시간으로부터 48시간,,(주)우리델리카,20150443298383,20201123,20201125
계란,계란,계란폭탄김밥용키트,기타가공품,제조일시로부터 64시간 이내,,(주)후레쉬서브,200803362281199,20220503,20240425
계란,계란,계란폭탄두부면김밥,즉석조리식품,제조일로부터 9개월,,(주)현대그린푸드 스마트푸드센터,201902803271924,20210318,20230509
계란,계란,계란폭탄참치&소고기김밥,즉석조리식품,제조일로부터 9개월,,(주)현대그린푸드 스마트푸드센터,201902803271923,20210318,20210330
계란,계란,계란푸딩(부드러운계란찜),즉석조리식품,제조일부터 5일,,찬상프리미엄반찬카페,2022014155052,20230302,20230303
연두부|계란,"연두부,계란",계란품은 연두부,가공두부,제조일로부터 27일,,(주)맑은식품,20060445211191,20201210,20221230
계란,계란,계란품은덮밥 간장소스,소스,제조일부터 6개월 (냉장보관),,(주)동원홈푸드,2002046107317017,20260528,20260602
계란,계란,계란품은덮밥 덮밥베이스소스,소스,제조일부터 6개월 (냉장보관),,(주)동원홈푸드,2002046107317021,20260526,20260527
계란,계란,계란품은덮밥 매콤소스,소스,제조일부터 6개월 (냉장보관),,(주)동원홈푸드,2002046107317014,20260521,20260522
계란,계란,계란풍 휘시후라이파우더,곡류가공품,제조일로부터 12개월,제조일로부터 12개월,태영식품 2공장,2024050323261,20240517,20240518
계란,계란,계란한알어묵탕,즉석조리식품,제조일로부터 12일,,순수본 주식회사,20180491181490,20220421,20240117
계란,계란,계란한우무른밥,영.유아용 이유식,제조일로부터 15일,,주식회사 플라잉닥터 제2공장,20250483015267,20250704,20260626
계란,계란,계란햄 샌드위치,즉석섭취식품,제조일로부터 5일,,꾸움제과,20220188346171,20260225,20260226
계란,계란,계란향,혼합제제,없음,,디에스에프,2020028007015,20220303,20220317
계란,계란,계란향 (1802261),혼합제제,해당사항 없음,,(주)삼정향료,198404451174903,20180228,20180301
계란,계란,계란향 #2,향료,-,,서울향료인천공장,197401990043979,20181010,20231219
계란,계란,계란향 #3,향료제제,-,,서울향료인천공장,197401990044628,20200814,20231220
계란,계란,계란향 1702216,향료,,해당없음.,아로마라인(주),200202750452694,20180919,20220721
계란,계란,계란향 1908518,향료,,해당없음.,아로마라인(주),200202750453336,20200319,20230520
계란,계란,계란향 20072078 (Egg flavor 20072078),향료,,해당없음.,아로마라인(주),200202750454559,20221020,20221025
계란,계란,계란향 20105045,향료,,해당없음.,아로마라인(주),200202750453721,20210125,20221014
계란,계란,계란향 베이스 #1,향료,-,,서울향료(주)인천제2공장,200001992191135,20230106,20230107
계란,계란,계란향 베이스 #2,향료,해당없음,,서울향료(주)인천제2공장,200001992191349,20240905,20240906
계란,계란,계란향 베이스 #3,향료,해당없음,,서울향료(주)인천제2공장,200001992191372,20250306,20250307
계란,계란,계란향 AC18560,혼합제제,,해당없음.,에이스향료,20150275151362,20190402,20190406
계란,계란,계란향 DC22061H,혼합제제,해당사항없음,,(주)대천향료,196703470011291,20221123,20221126
계란,계란,계란향 SH15-V4056,향료,,18개월,(주)삼화에프앤에프,199903090942122,20150811,20220805
계란,계란,계란향 SY-2348 (Egg Flavor SY-2348),혼합제제,,해당없음.,삼영화성공업(주),197103110011731,20181127,20190416
계란,계란,계란향3,향료,해당없음,해당없음,(주)한빛향료제1공장,200004450079892,20250417,20250419
계란,계란,계란향미유,향미유,제조일로부터 18개월까지,해당없음.,(주)내츄럴스푸드,20100445237774,20230424,20230425
계란,계란,계란향S-3110,혼합제제,유통기간미등록,,삼성향료,19650205001164,20080422,20160706
계란,계란,계란황태국,즉석조리식품,제조일로부터 4일,,라임에프앤비(주),20210222240167,20210430,20240201
계란,계란,계란황태국(냉동),즉석조리식품,제조일로부터 6개월까지(냉동),,라임에프앤비(주),20210222240658,20250127,20250129
계란,계란,계란후라이,알함유가공품,3일,,(주)처가식품,1998032009793,20090217,20180118
계란,계란,계란후라이,즉석섭취식품,제조 후 10시간,,(주)비엘푸드,201902029632866,20251230,20260101
계란,계란,계란후라이&고구마,즉석조리식품,제조일로부터 냉동보관(-18℃이하) 6개월,,주식회사 가람식품,2020015600627,20200728,20211030
계란,계란,계란후라이&쏘야볶음,즉석섭취식품,제조 시간으로부터 72시간,-,(주)한국데리카후레쉬,201203583881038,20260622,20260626
계란,계란,계란후라이&쏘야볶음,즉석섭취식품,제조시부터 72시간,,(주)삼영데리카후레쉬,200506070021882,20260622,20260623
계란,계란,계란후라이가 올라간 매운 짜장면,즉석조리식품,제조일로 부터 9개월,,오뚜기냉동식품 주식회사,20040355580244,20190312,20190514
계란,계란,계란후라이가 올라간 짜장면,즉석조리식품,제조일로 부터 9개월,,오뚜기냉동식품 주식회사,20040355580243,20190312,20190315
계란,계란,계란후라이덮밥도시락,즉석섭취식품,제조시간으로부터 8시간,,오에스케이터링(주),20160628608238,20221031,20221102
계란,계란,계란후라이도시락,즉석섭취식품,제조시간으로부터 60시간,,(주)우리델리카,20150443298790,20240806,20240808
계란,계란,계란후라이맛 감자칩,과자,제조일로부터 9개월,,(주)코스모스제과,19860332051238,20191111,20191123
계란,계란,계란후라이맛 새우칩,과자,제조일로부터 9개월,,(주)코스모스제과,19860332051254,20200210,20200211
계란,계란,계란후라이모양 팝,캔디류,1년,,주식회사 핑거,2022036917430,20250819,20250821
계란,계란,계란후라이케익,빵류,제조일로부터 20일,,엠즈베이커스주식회사,20170308389329,20220312,20220315
계란,계란,계란후라이케익,빵류,9개월,,엠즈베이커스주식회사,20170308389337,20220405,20220409
계란,계란,계란후라이향 1911533,향료제제,,해당없음.,아로마라인(주),200202750453813,20210326,20221109
계란,계란,계란후레이크,곡류가공품,제조일로부터 18개월까지,,(주)에프에이뱅크,2020037692939,20201214,20250316
계란,계란,계란후레이크,기타가공품,제조일로부터 24개월,,베이시스푸드(주),20100443196475,20251119,20251121
계란,계란,계란후레이크,복합조미식품,제조일로부터 1년,,(주)광일,1984046109856,19970205,20190131
계란,계란,계란후레이크-1,곡류가공품,제조일로부터 18개월,,(주)에프에이뱅크,20200376929127,20260513,20260624
계란,계란,계란후레이크-1,복합조미식품,제조일로부터 1년(실온),,(주)광일,19840461098157,20110314,20190202
계란,계란,계란후레이크-2,복합조미식품,제조일로부터 1년까지,,(주)광일,19840461098202,20200907,20200910
계란,계란,계란후레이크-2,곡류가공품,제조일로부터 18개월,,(주)에프에이뱅크,20200376929128,20260616,20260624
계란,계란,계란후레이크C,곡류가공품,제조일로부터 18개월까지,,(주)에프에이뱅크,2020037692940,20201214,20250318
계란,계란,계란후레이크MD,기타가공품,제조일로부터 12개월까지,,우일수산(주),19940471029523,20171206,20171209
계란,계란,계란후레이크S,기타가공품,제조일부터14개월까지,,우일수산(주),19940471029513,20171117,20180907
계란,계란,계란후레이크W,기타가공품,제조일로부터 14개월까지,,우일수산(주),19940471029716,20251118,20251120
물엿,물엿,계룡산 맥아물엿,물엿,제조일로부터 12개월,제조일로부터 12개월,농업회사법인 신도안종합식품(주),199304660017,19930217,20190724
도토리묵,도토리묵,계양산 도토리묵,묵류,제조일로부터 7일(실온),,대진식품,2011020522811,20220926,20221007
원당,원당,계원당미소된장국엑기스,소스,제조일로부터 12개월,,제이원푸드,20150364334705,20260318,20260325
김자반,김자반,계절품은 함초 김자반,조미김,제조일로부터 12개월,,한울식품,2006060713967,20191127,20191129
명태,명태,계정명태청어알비빔젓,양념젓갈,160일,160일,속초명태촌,20160392278130,20260116,20260120
설탕,설탕,계피맛 설탕,당류가공품,제조일로부터 10개월,,(주)로만,20020474055147,20170427,20170430
사탕,사탕,계피맛사탕,캔디류,제조일로부터 24개월,24개월,한양제과주식회사,1997031009813,19971009,20231026
설탕,설탕,계피설탕,당류가공품,9개월,,YJFOOD,2004025719360,20130507,20160706
설탕,설탕,계피설탕500,당류가공품,제조일로부터 24개월,0,(주)옥두식품,19920395013253,20200724,20260227
사탕,사탕,계피향사탕,캔디류,제조일로부터36개월,,맘모스식품,200903681213,20090416,20260104
물엿,물엿,고감미물엿,물엿,제조일로부터 2년,,(주)삼양사울산2공장,1988024709727,20040902,20180106
물엿,물엿,고감미물엿75,물엿,제조일로부터 2년(실온),,(주)삼양사,1975020800336,20090910,20160628
물엿,물엿,고감미물엿82,물엿,제조일로부터 2년(실온보관),,(주)삼양사,1975020800328,20050411,20170521
물엿,물엿,고감미물엿82,물엿,제조일로부터 2년,,(주)삼양사울산2공장,1988024709728,20040902,20180106
조개,조개,고고새우 돈사골홍합조개탕,간편조리세트,제조일로부터 12개월,,(주)더원에스에프,2022047840921,20230224,20230225
조개,조개,고고새우 모듬조개탕,간편조리세트,제조일로부터 12개월,,(주)더원에스에프,2022047840914,20230217,20230221
모짜렐라,모짜렐라,고구마 모짜렐라 크로켓,서류가공품,제조일로부터 12개월까지,,주식회사 SL푸드원,2020047505187,20250226,20250416
시금치,시금치,고구마귀리밥&시금치닭가슴살큐브,즉석조리식품,냉동9개월(-18c),,(주)이에스그린푸드,2017044333818,20180220,20180221
닭고기,닭고기,고구마닭고기근대죽,영.유아용 이유식,제조일로부터 12일,,주식회사 지니온,20240320157503,20241004,20241008
닭고기,닭고기,고구마닭고기블루베리양배추죽,영.유아용 이유식,제조일로부터 12일,,주식회사 지니온,20240320157407,20240806,20240808
청양고추,청양고추,고구마를 품은 닭가슴살 청양고추맛,즉석조리식품,제조일로부터 12개월까지,,(주)푸드인모닝스타,20220493563117,20230628,20230705
브로콜리,브로콜리,고구마브로콜리보미,영.유아용 이유식,제조일로부터 12일까지,,(주)에코맘의 산골이유식,20200614037425,20200826,20230112
브로콜리,브로콜리,고구마브로콜리영양밥,영.유아용 이유식,제조일로부터 20일,,주식회사 플라잉닥터 제2공장,20250483015300,20250704,20251202
아이스크림,아이스크림,고구마아이스크림믹스,기타가공품,제조일부터 12개월,,(주)동원홈푸드,200204610735149,20120330,20161212
상추,상추,고구마적상추닭가슴밥,영.유아용 이유식,제조일로부터 20일,,주식회사 플라잉닥터 제2공장,20250483015767,20260112,20260212
청경채,청경채,고구마청경채미음,영.유아용 이유식,제조일로부터 13일,,(주)아이푸드,20120320039207,20150624,20251001
청경채,청경채,고구마청경채미음(실온),영.유아용 이유식,제조일로부터5개월,,(주)아이푸드,20120320039632,20240327,20240403
청경채,청경채,고구마청경채영양밥,영.유아용 이유식,제조일로부터 20일,,주식회사 플라잉닥터 제2공장,20250483015512,20251128,20251202
청경채,청경채,고구마청경채죽,영.유아용 이유식,제조일로부터12일,,순수본 주식회사,2018049118190,20180418,20240228
튀김가루,튀김가루,고구마튀김가루,복합조미식품,12개월,,(주)면사랑,199304430282220,20211220,20211223
청경채,청경채,고구마표고청경채된죽,영.유아용 이유식,제조일로부터 12일,,주식회사 지니온,20240320157540,20241129,20241205
청경채,청경채,고구마표고청경채죽,영.유아용 이유식,제조일로부터 12일,,주식회사 지니온,20240320157541,20241129,20241205
청경채,청경채,고구마표고청경채콜리플라워무른밥,영.유아용 이유식,제조일로부터 12일,,주식회사 지니온,20240320157539,20241129,20241205
청경채,청경채,고구마표고청경채콜리플라워진밥,영.유아용 이유식,제조일로부터 12일,,주식회사 지니온,20240320157538,20241129,20241205
설탕,설탕,고궁무설탕녹차캔디,캔디류,제조일로부터 24개월까지,,(주)고궁,2004027504766,20160620,20170901
밀가루,밀가루,고급강력 영양강화밀가루,영양강화 밀가루,제조일(로)부터 1년,,주식회사 삼립 세종공장,20060257026412,20221104,20221110
밀가루,밀가루,고급강력밀가루,밀가루,제조일로부터 1년,제조일로부터 1년,(주)한탑,2004013712270,20170412,20170416
밀가루,밀가루,고급강력밀가루,밀가루,제조일로부터 1년,,(주)삼양사 아산공장,19940461151169,20040429,20160706
밀가루,밀가루,고급강력밀가루1호,밀가루,제조일로부터 1년,,(주)삼양사 아산공장,19940461151280,20070611,20170320
밀가루,밀가루,고급강력제면용밀가루,밀가루,제조일로부터 12개월까지,,(주)삼양사 아산공장,199404611511517,20190508,20190510
밀가루,밀가루,고급강력제면용밀가루 1호,밀가루,제조일로부터12개월,,(주)삼양사 아산공장,199404611511902,20200508,20200509
밀가루,밀가루,고급만두피용밀가루,밀가루,제조일로부터 1년,,(주)삼양사 아산공장,19940461151164,20040429,20160706
밀가루,밀가루,고급메밀가루,곡류가공품,제조일로부터 1년,,사조동아원(주)광석공장,202306561722,20230503,20230505
밀가루,밀가루,고급메밀가루A,곡류가공품,제조일로부터 1년,,사조동아원(주)광석공장,202306561726,20230503,20230505
밀가루,밀가루,고급면용1호밀가루,밀가루,제조일로부터1년,,(주)한탑,2004013712246,20131022,20161219
밀가루,밀가루,고급면용밀가루,밀가루,제조일로부터1년,,(주)한탑,200401371224,20040423,20161219
닭고기,닭고기,고기(소고기/닭고기)소스,소스,제조일로부터 12개월,,제이앤엘푸드,2021032659530,20250222,20250301
한돈,한돈,고기&한돈 고추불짜장,즉석조리식품,제조일로부터 12개월까지,,(주)후드원,200304451282357,20230120,20230121
한돈,한돈,고기&한돈 얼큰부대찌개,즉석조리식품,제조일로부터 12개월까지,,(주)후드원,200304451282363,20230131,20230204
한돈,한돈,고기&한돈 짬뽕탕,즉석조리식품,제조일로부터 12개월까지,,(주)후드원,200304451282367,20230131,20230202
숙주,숙주,고기듬뿍 숙주볶음,간편조리세트,제조일로부터 8일,,주식회사 프레시지,20200363027999,20230703,20230705
당면,당면,고기완당면 밀키트,간편조리세트,제조일로부터 12개월,첨부자료 참고,(주)밀빛C&F,2014036812171,20231210,20231222
목살,목살,고기장수 에이징목살용시즈닝,복합조미식품,제조일로부터 12개월 [실온보관],,주식회사 유니푸드,20090372032774,20210428,20250411
새우젓,새우젓,고기친구 새우젓소스,소스,제조일로부터 6개월,,(유)다해식품,2014048713156,20211108,20240117
새우젓,새우젓,고기친구 새우젓소스-업소용,소스,제조일로부터 6개월,,(유)다해식품,2014048713157,20211108,20240117
연두부,연두부,고농도 진한 연두부,두부,제조일로부터 20일까지,,(주)우천식품,19810372140144,20250611,20250614
연두부,연두부,고농도 진한 연두부,두부,제조일부터           20일,,(주)우천식품,19810372140151,20251118,20251206
모짜렐라,모짜렐라,고다모짜렐라 구이떡,떡류,12개월,,(주)지산푸드시스템,20100147228222,20210910,20220723
모짜렐라,모짜렐라,고다모짜렐라 치즈떡,떡류,12개월,,(주)지산푸드시스템,20100147228221,20210910,20220723
계란,계란,고단백계란명란마요김밥,즉석섭취식품,제조일시로부터 72시간 이내,,(주)후레쉬서브,200803362281642,20260512,20260515
계란,계란,고단백계란명란마요김밥,즉석섭취식품,제조시로부터 72시간,,(주)델리캡,20180348070784,20260511,20260617
계란,계란,고단백계란명란마요김밥,즉석섭취식품,제조일의 제조시간으로부터 72시간,,(주)가온에프에스,201105280671133,20260515,20260616
계란,계란,고단백참치계란김밥,즉석섭취식품,제조시간으로부터 72시간,-,(주)한국데리카후레쉬,201203583881024,20260427,20260503
계란,계란,고단백참치계란김밥,즉석섭취식품,제조시로부터 72시간,,(주)델리캡,20180348070778,20260425,20260428
계란,계란,고단백참치계란김밥,즉석섭취식품,제조일의 제조시간으로부터 72시간,,(주)가온에프에스,201105280671130,20260429,20260507
계란,계란,고단백참치계란김밥,즉석섭취식품,제조시간으로부터 72시간,,(주)우리델리카,20150443298638,20230315,20260430
물엿,물엿,고당도 물엿,물엿,제조일로부터 24개월까지,,(주)참고을 지평선공장,2020049710379,20251125,20260113
물엿,물엿,고당도 이온물엿,물엿,제조일로부터 2년,,유한회사 사조씨피케이 이천공장,1983035800645,20060725,20190528
물엿,물엿,고당도 이온물엿 82,물엿,제조일로부터 2년,,유한회사 사조씨피케이 이천공장,1983035800644,20060725,20190528
물엿,물엿,고당도물엿,물엿,제조일로부터 2년,,유한회사 사조씨피케이 이천공장,1983035800631,20041027,20241225
물엿,물엿,고당도물엿,물엿,제조일로부터 2년,,유한회사 사조씨피케이 부평공장,1983020203623,20060811,20190614
물엿,물엿,고당도물엿,물엿,제조일로부터 2년(실온),,(주)삼양사,1975020800330,20001030,20161216
물엿,물엿,고당도물엿78,물엿,제조일로부터2년,,유한회사 사조씨피케이 부평공장,1983020203646,20140703,20190614
물엿,물엿,고당도물엿78,물엿,제조일로부터 2년,,유한회사 사조씨피케이 이천공장,1983035800652,20080618,20190528
물엿,물엿,고당도물엿82,물엿,제조일로부터2년,,유한회사 사조씨피케이 부평공장,1983020203647,20140703,20190614
물엿,물엿,고당도물엿82,물엿,제조일로부터 2년,,유한회사 사조씨피케이 이천공장,1983035800632,20050112,20190528
삼겹살,삼겹살,고독한야식가 주꾸미삼겹살,식육함유가공품,제조일로부터 12개월까지(냉동),,(주)고향미트,2012031120815,20191101,20191112
케첩,케첩,고든램지케첩,토마토케첩,제조일부터 12개월 (냉장보관),,(주)동원홈푸드,201904421491425,20230323,20230504
케첩,케첩,고든램지케첩,토마토케첩,제조일부터 12개월 (냉장보관),,(주)동원홈푸드,2002046107313628,20230323,20230506
상추,상추,고들장오독오독줄기상추,절임식품,1년,1년,(주)에스씨푸드,202409194335,20240617,20241207
계란,계란,고래사어묵 계란블럭,알함유가공품,제조일로부터 12개월,,상미식품주식회사,19910449004935,20211228,20220112
마요네즈,마요네즈,고래사어묵 마요네즈,마요네즈,"실온, 8개월",,(주)시아스,200504150204775,20231108,20231115
청양고추,청양고추,고래사어묵 청양고추분말,복합조미식품,제조일로부터 24개월,제조일로부터 24개월,(주)코어그린,20200442628191,20251128,20251202
조개,조개,고래조개와사비,기타 수산물가공품,제조일로부터 24개월까지,,고래미 주식회사,20130362215192,20220602,20251210
상추,상추,고랭지 유기농 상추차,침출차,제조일로부터24개월,,석로다원,2009053861252,20250217,20250227
설탕,설탕,고려 무설탕 홍삼캔디,캔디류,제조일로부터 24개월,,백의민족식품,1999014449961,20220412,20220413
설탕,설탕,고려 호떡설탕,당류가공품,제조일로부터 6개월까지,,농업회사법인 리치푸드시스템(주),20180603200108,20190926,20191001
음료,음료,고려감식초음료,혼합음료,제조일로부터 2년,,농업회사법인(주)고려홍삼공사,2007052007951,20231128,20231206
설탕,설탕,고려무설탕홍삼캔디,캔디류,2년,,한양제과주식회사,19970310098210,20160603,20231026
김자반,김자반,고려야채해물김자반,조미김,12개월,,"(주)팜코고(PAMCOGO Co.,Ltd.)",202407071315,20240925,20241005
음료,음료,고려인삼음료,인삼.홍삼음료,제조일로부터2년까지,,대동고려삼(주),20030467108312,20171221,20230323
음료,음료,고려인삼음료,인삼.홍삼음료,제조일로부터 12개월,해당없음.,주식회사 데이웰즈,2021055921890,20230613,20230614
음료,음료,고려인삼음료대추맛,과.채음료,제조일로부터 24개월,,(주)보고신약 논산공장,19970464172156,20140729,20160706
음료,음료,고려인삼음료블루베리맛,과.채음료,제조일로부터 24개월,,(주)보고신약 논산공장,19970464172159,20140731,20160706
음료,음료,고려인삼음료사과맛,과.채음료,제조일로부터 24개월,,(주)보고신약 논산공장,19970464172157,20140729,20160706
음료,음료,고려인삼음료석류맛,과.채음료,제조일로부터 24개월,,(주)보고신약 논산공장,19970464172160,20140731,20160706
설탕,설탕,고려홍삼 무설탕 캔디,캔디류,2년,,국제제과(주),20010415034540,20140722,20210716
사탕,사탕,고려홍삼사탕,캔디류,제조일로부터 24개월까지,,(주)맛고을식품,1996027501285,20031203,20170309
모짜렐라,모짜렐라,고르곤졸라&모짜렐라치즈스틱,기타가공품,9개월,,DK냉동식품(주),20020461222248,20141126,20240123
조개,조개,고른 시원한 동죽 조개탕,즉석조리식품,12개월,,영동씨푸드(주),20100333065642,20240429,20240430
새우젓,새우젓,고릴라 새우젓 소스,소스,12개월,12개월,주식회사 고릴라에프앤디,2017033300473,20231211,20231212
조개,조개,고릴라 새조개장,절임식품,제조일로부터 12개월,제조일로부터 12개월,주식회사 고릴라에프앤디,2017033300449,20230207,20230221
조개,조개,고릴라 키조개장,절임식품,12개월,12개월,주식회사 고릴라에프앤디,2017033300478,20240216,20240217
한돈,한돈,고릴라 한돈 샐러드 소스,소스,6개월,6개월,주식회사 고릴라에프앤디,2017033300474,20231211,20231212
명태,명태,고마워 명태회무침,기타 수산물가공품,제조일로부터 12개월까지,,(주)재호식품 제2공장,20160144588102,20240822,20250416
청양고추,청양고추,고맙당 저당 청양고추 페스토,소스,제조일로부터 12개월,,특별한맛 주식회사,2019039311881,20250818,20250819
모짜렐라,모짜렐라,고메 모짜렐라 돈카츠,식육함유가공품,6개월,,(주)상신종합식품 제2공장,2014044901814,20190509,20240627
모짜렐라,모짜렐라,고메 모짜렐라 돈카츠,식육함유가공품,제조일로부터 6개월까지,,(주) 늘찬애,20180519170142,20250422,20260403
청양고추,청양고추,고메담 한우 청양고추조림,조림류,제조일로부터 30일,,(주)동선식품,2022069600631,20251020,20251030
김자반,김자반,고메이494 김자반,조미김,제조일로부터 12개월,,(주)제이케이글로벌,20180452021166,20230523,20250826
설탕,설탕,고명 레몬설탕시즈닝,복합조미식품,제조일로부터 12개월까지,,(주)이룸에프앤씨,20200137508638,20250908,20260602
부침가루,부침가루,고바우 부침가루,기타가공품,제조일로부터 12개월까지,,사조동아원(주) 부산공장,19950129282282,20110616,20180515
튀김가루,튀김가루,고바우튀김가루,기타가공품,제조일로부터 12개월까지,,사조동아원(주) 부산공장,19950129282283,20110616,20180515
명태,명태,고반 훌륭한 속초명장 꼬들무 명태회 냉장,양념젓갈,제조일로부터 150일,,동화푸드,20020392437361,20240820,20250101
명태,명태,고반 훌륭한 속초명장 꼬들무명태회,양념젓갈,제조일로부터 18개월,,동화푸드,20020392437358,20240711,20240713
명태,명태,고반 훌륭한 속초명장 명태회,양념젓갈,제조일로부터 18개월,,동화푸드,20020392437357,20240711,20240713
명태,명태,고반 훌륭한 속초명장 명태회 냉장,양념젓갈,제조일로부터 150일,,동화푸드,20020392437368,20241023,20241030
명태,명태,고봉명태회냉면,즉석조리식품,1년,,농업회사법인(주)주안푸드,20170467195194,20240405,20240409
조기,조기,고사리 조기조림,조림류,제조일로부터 5일,,도리깨침,20200280142603,20231025,20231102
돼지고기,돼지고기,고사리돼지고기주물럭,식육함유가공품,제조일로부터 12개월,,(주)현대그린푸드 스마트푸드센터,201902803272596,20220727,20220730
돼지고기,돼지고기,고사리돼지고기찜 세트,즉석섭취식품,제조일로부터 4일,,(주)현대그린푸드 스마트푸드센터,201902803272205,20211014,20260210
미나리,미나리,고사리미나리나물비빔밥,즉석섭취식품,제조시간으로부터 72시간까지,,(주)후레쉬퍼스트,20180212258762,20260421,20260515
미나리,미나리,고사리미나리나물비빔밥,즉석섭취식품,제조시부터 72시간,,(주)삼영데리카후레쉬,200506070021866,20260423,20260425
삼겹살,삼겹살,고사리삼겹살정식,즉석섭취식품,제조시간으로부터 60시간,,(주)우리델리카,20150443298650,20230413,20230414
새우젓,새우젓,고삼숙 새우젓,젓갈,제조일부터 1년,제조일부터 1년,굴다리영어조합법인,2014046111181,20240716,20240718
부침가루,부침가루,고성우리밀시배지부침가루,곡류가공품,제조일로부터 1년,,(주)수농수산바이오,1995061910925,20041116,20160706
명태,명태,고성태 명태회무침,양념젓갈,제조일로부터 180일,,주식회사 웰메이드웰니스,20240607406164,20250417,20250912
명태,명태,고성태 명태회무침,양념젓갈,제조일로부터 180일,,디스이즈 주식회사,2013040307984,20210903,20251031
부침가루,부침가루,고소감자부침가루,기타가공품,24개월  실온,,(주)그린에프엠,2013044320536,20161125,20220406
볶음참깨,볶음참깨,고소담 볶음참깨,기타 농산가공품,제조일로부터 12개월,제조일로 부터 실온 ( 1℃ ~ 35℃ ) 12개월,주식회사 진솔,2022052047346,20251219,20251223
삼겹살,삼겹살,고소당한 삼겹살소스,소스,제조일로부터 6개월,,농업회사법인주식회사유화당,2018048569335,20231020,20241203
음료,음료,고소애 음료 (본),혼합음료,제조일로부터 24개월까지,,(주)한미양행,198803550331262,20230927,20231012
음료,음료,고소애 음료 (위),혼합음료,제조일로부터 24개월까지,,(주)한미양행,198803550331263,20230927,20231012
마요네즈,마요네즈,고소하고 진한 마요네즈,마요네즈,5개월,,대상(주)기흥공장,19800347002666,20240329,20240824
김자반,김자반,고소하고맛있는돌김자반새우&멸치,조미김,제조일부터 1년,,두원푸드,2012052204541,20211104,20240705
김자반,김자반,고소하고맛있는돌김자반오리지널,조미김,제조일로부터 1년,해당없음,두원푸드,2012052204540,20211103,20240705
김자반,김자반,고소한 견과 김자반,기타 수산물가공품,,해당없음.,주)자두푸드시스템,201501601499,20180903,20180905
계란,계란,고소한 계란 김밥,즉석섭취식품,제조시부터 72 시간,,(주)대정,20190545009890,20250821,20260110
계란,계란,고소한 계란볶음밥,즉석조리식품,제조일로부터 12개월까지,,농업회사법인 주식회사 한우물,200804930741569,20250416,20250419
계란,계란,고소한 계란을 듬뿍 든든하고 가벼운 컬리플라워 볶음밥! 역시 배민이지,즉석조리식품,냉동. 12개월,,(주)시아스,200504150204486,20220630,20241017
연두부,연두부,고소한 고향 연두부,두부,냉장15일,,부흥식품,197306180102,19901210,20160706
김자반,김자반,고소한 김자반,조미김,제조일로부터 12개월,,케이푸드테크(주),2006050001731,20201026,20250813
사탕,사탕,고소한 깨사탕,캔디류,제조일로부터 2년,,성미제과,1989022701050,20111221,20231122
마요네즈,마요네즈,고소한 마요네즈,마요네즈,제조일로부터 6개월,,롯데웰푸드주식회사천안공장,199604490022020,20251105,20260205
마요네즈,마요네즈,고소한 마요네즈,마요네즈,제조일로부터 7개월까지,,(주)원일식품,200004430424000,20251211,20260129
마요네즈,마요네즈,고소한 마요네즈,마요네즈,제조일로부터 5개월,,(주)삼진푸드,19910443029408,20050729,20171103
마요네즈,마요네즈,고소한 마요네즈,마요네즈,"실온(1 ~ 35 ℃), 4개월",,(주)아워홈,20060445219574,20140605,20250330
마요네즈,마요네즈,고소한 마요네즈 골드,마요네즈,"JAR제품 : 6개월(실온), Pouch제품 : 5개월(실온)",,대상(주)기흥공장,19800347002454,20151021,20221012
모짜렐라,모짜렐라,고소한 모짜렐라 치즈스틱,기타가공품,제조일로부터 12개월까지,없음,주식회사 조흥,20220619309219,20250522,20250523
볶음참깨,볶음참깨,고소한 볶음참깨,기타가공품,12개월,제조일로부터 12개월,지리산처럼영농조합법인,2012049204211,20130225,20240117
볶음참깨,볶음참깨,고소한 볶음참깨,기타 농산가공품,제조일로부터 12개월,,강진지역자활센터 (달고향푸드),201905260525,20251222,20251224
볶음참깨,볶음참깨,고소한 볶음참깨,기타 농산가공품,12개월,,청학에프엔씨(주),1990036006869,20170208,20171125
볶음참깨,볶음참깨,고소한 볶음참깨,기타가공품,제조일로부터 12개월,,농업회사법인 주식회사 청정식품,19970193469114,20250818,20250820
볶음참깨,볶음참깨,고소한 볶음참깨,기타가공품,제조일로부터 12개월,제조일로부터 12개월,진유당,202003855928,20240827,20260201
볶음참깨,볶음참깨,고소한 볶음참깨,기타 농산가공품,12개월,12개월,한솔예랑,2009015409321,20240314,20240529
볶음참깨,볶음참깨,고소한 볶음참깨,기타 농산가공품,제조일부터1년,,(주)르푸디,2019060607812,20210226,20210304
볶음참깨,볶음참깨,고소한 볶음참깨가 가득,기타가공품,1년,,유한회사 정푸드,2012048715938,20231213,20240117
연두부,연두부,고소한 연두부,두부,제조일로부터 27일,,(주)맑은식품,20060445211175,20250808,20250910
볶음참깨,볶음참깨,고소한 유기농 볶음참깨,기타 농산가공품,12개월까지,,동방제유 주식회사,20170497031159,20260508,20260512
유정란,유정란,고소한 유정란을 더한 닭가슴살 볶음밥,즉석조리식품,제조일부터9개월(냉동),,농업회사법인 주식회사 한우물,20080493074112,20130717,20240117
달걀,달걀,고소한 찰옥수수달걀탕,즉석조리식품,제조일로부터 10일,,(주)베베쿡,200303806613217,20260619,20260620
마요네즈,마요네즈,고소한 프리미엄 골드 마요네즈R,마요네즈,제조일로부터 4개월,,롯데웰푸드주식회사천안공장,199604490022050,20260427,20260429
계란,계란,고소한계란김밥,즉석섭취식품,제조시간으로부터 60시간,,(주)영진데리카후레쉬,200303641181741,20250820,20260503
계란,계란,고소한계란샐러드필링,기타가공품,제조일로부터 45일 까지,해당사항 없음,대상참푸드 주식회사,20020211069266,20240726,20240801
마요네즈,마요네즈,고소한마요네즈,마요네즈,8개월,,대상(주)기흥공장,19800347002184,20020404,20230823
마요네즈,마요네즈,고소한마요네즈골드(HB),마요네즈,5개월,,대상(주)기흥공장,19800347002678,20241216,20241220
볶음참깨,볶음참깨,고소한볶음참깨,기타 농산가공품,제조일로부터 12개월,,주식회사 진실한공방,2020036313462,20240908,20250917
볶음참깨,볶음참깨,고소한볶음참깨,기타가공품,제조일로부터 12개월까지,,그래식품,2019057207510,20201115,20201127
삼겹살,삼겹살,고소한삼겹살쌈장,혼합장,제조일로부터1년,,농업회사법인뉴그린푸드(주),20110618063392,20200902,20200905
연두부,연두부,고소한연두부,두부,제조일로부터 20일까지 (0~10℃에서 냉장보관),,소이빈네이처제2공장,19980568016160,20141126,20160706
연두부,연두부,고소한연두부,두부,13일(냉장보관),,두원식품주식회사,1999054114519,20041116,20160706
연두부,연두부,고소한옛날콩연두부,두부,15일,,(주)삼영식품,1973034700165,20151006,20210825
계란,계란,고소한참깨계란블럭,알함유가공품,실온에서 제조일로부터 12월,,상미식품주식회사,19910449004834,20191227,20260210
계란,계란,고소한참깨계란블럭-cup,알함유가공품,제조일로부터 12월까지(실온),,상미식품주식회사,19910449004563,20130227,20201222
사탕,사탕,고소한콩과흑사탕,캔디류,제조일로부터 1년,,양지제과(주),200501543822,20050902,20160706
볶음참깨,볶음참깨,고소함 담은 국산 볶음참깨,기타가공품,제조일로부터 12개월,,청해식품,2024083908013,20250206,20250211
볶음참깨,볶음참깨,고소함을담은유기농볶음참깨,기타 농산가공품,제조일로부터 18개월,,(주)호랑이나무,2023048173310,20250519,20251112
연두부,연두부,고소함이 가득한 맛연두부,두부,제조일로부터 12일(월.년) (냉장),,검단식품주식회사,2000020815314,20091030,20221018
볶음참깨,볶음참깨,고소함이살아있는볶음참깨,기타 식용유지가공품,1년,,(주)참다온,200004591217,20011226,20160706
볶음참깨,볶음참깨,고소해油 볶음참깨,기타가공품,제조일로부터 1년,,봄날의 방앗간,201204150444,20160705,20160706
볶음참깨,볶음참깨,고수운볶음참깨,기타 농산가공품,제조일로부터 12개월,,지보농협참깨가공유통센터,1990057104623,20180212,20200704
올리고당,올리고당,고순도프락토올리고당-L95,올리고당가공품,제조일로부터 2년,,(주)쎄레스,19850368057145,20260102,20260107
사탕,사탕,고쉐프의 불닭솜사탕,캔디류,제조일로부터 12개월,,(주)나루아토,2024091100559,20250516,20250520
설탕,설탕,고쉐프의 캐릭터솜사탕이 잘 만들어지는 노랑설탕,기타설탕,제조일로부터  12개월,,(주)나루아토,202409110053,20240926,20241008
설탕,설탕,고쉐프의 캐릭터솜사탕이 잘 만들어지는 노랑설탕(바나나향),기타설탕,제조일로부터 12개월,,(주)나루아토,2024091100556,20250512,20250514
설탕,설탕,고쉐프의 캐릭터솜사탕이 잘 만들어지는 보라설탕(블루베리향),기타설탕,제조일로부터 12개월,,(주)나루아토,2024091100569,20250814,20250815
설탕,설탕,고쉐프의 캐릭터솜사탕이 잘 만들어지는 빨강설탕,기타설탕,제조일로부터 12개월,,(주)나루아토,2024091100544,20250324,20250327
설탕,설탕,고쉐프의 캐릭터솜사탕이 잘 만들어지는 빨강설탕(딸기향),기타설탕,제조일로부터 12개월,,(주)나루아토,2024091100554,20250512,20250514
사탕,사탕,고쉐프의 캐릭터솜사탕이 잘 만들어지는 빨강설탕(불닭),기타설탕,제조일로부터 12개월,,(주)나루아토,2024091100558,20250512,20250514
사탕,사탕,고쉐프의 캐릭터솜사탕이 잘 만들어지는 설탕,기타설탕,제조일로부터 12개월,,(주)나루아토,2024091100543,20250324,20250327
사탕,사탕,고쉐프의 캐릭터솜사탕이 잘 만들어지는 설탕(사과향),기타설탕,제조일로부터 12개월,,(주)나루아토,2024091100557,20250512,20250514
사탕,사탕,고쉐프의 캐릭터솜사탕이 잘 만들어지는 주황설탕,기타설탕,제조일로부터 12개월,,(주)나루아토,2024091100546,20250324,20250327
사탕,사탕,고쉐프의 캐릭터솜사탕이 잘 만들어지는 파랑설탕,기타설탕,제조일로부터 12개월,,(주)나루아토,2024091100545,20250324,20250327
사탕,사탕,고쉐프의 캐릭터솜사탕이 잘 만들어지는 파랑설탕(포도향),기타설탕,제조일로부터 12개월,,(주)나루아토,2024091100555,20250512,20250514
계란,계란,고스락 유기농 계란간장,소스,제조일로부터 1년6개월,,영농조합법인 다송리사람들,2010048705754,20251218,20260514
계란,계란,고슬고슬 계란코팅 황금밥알 200°C 바베큐&에그 볶음밥,즉석조리식품,제조일로부터 9개월까지,,농업회사법인 주식회사 한우물,200804930741635,20250903,20250912
계란,계란,고슬고슬 계란코팅 황금밥알 200°C 새우&갈릭 볶음밥,즉석조리식품,제조일로부터 9개월까지,,농업회사법인 주식회사 한우물,200804930741629,20250901,20250912
계란,계란,고슬고슬 계란코팅 황금밥알 200°C 포크&스크램블 볶음밥,즉석조리식품,제조일로부터 9개월까지,,농업회사법인 주식회사 한우물,200804930741632,20250901,20250912
계란,계란,고슬고슬 계란코팅 황금밥알200℃ 바베큐&에그 볶음밥,즉석조리식품,제조일로부터 9개월,,(주)하림산업 함열식품1공장,20200491392437,20240524,20240529
계란,계란,고슬고슬 계란코팅 황금밥알200℃ 새우&갈릭 볶음밥,즉석조리식품,제조일로부터 9개월,,(주)하림산업 함열식품1공장,20200491392435,20230831,20240604
계란,계란,고슬고슬 계란코팅 황금밥알200℃ 포크&스크램블 볶음밥,즉석조리식품,제조일로부터 9개월,,(주)하림산업 함열식품1공장,20200491392436,20230831,20240604
청양고추,청양고추,고시랑양파청양고추장,혼합장,,24개월,고시랑장독대,2010043902731,20150615,20160706
초장,초장,고시산어성초장아찌,절임식품,제조일부터6개월,제조일부터6개월,고시산푸드,2019044712112,20201205,20201207
콩나물,콩나물,고씨콩나물소스,소스,냉장12개월.,,하주푸드,20030607061237,20210323,20210324
사탕,사탕,고양사탕무조청,기타엿,제조일로부터 1년,,(주)사탕수수,202404835092,20240925,20250522
사탕,사탕,고양사탕수수조청,기타엿,제조일로부터 1년,,(주)사탕수수,202404835091,20240925,20250522
명태,명태,고운면옥 명태초무침,절임식품,제조일로부터 12개월,,온세푸드,2022034466147,20260410,20260411
한돈,한돈,고유한돈 불고기소스,소스,제조일로부터 12개월,,(주)금진식품,200804490041023,20211110,20260427
한돈,한돈,고유한돈 주물럭소스,소스,제조일로부터 12개월,,(주)금진식품,200804490041022,20211110,20260428
연두부,연두부,고은결연두부,두부,제조일로부터 20일,,빛담정농원,2000048762711,20100610,20240117
초장,초장,고초장소스,소스,제조후 6개월,,원앤모어,2022045740043,20241220,20241224
음료,음료,고추냉이 차음료,액상차,제조일로부터 12개월,생략,(주)브니엘월드,201904091998,20191228,20230610
당면,당면,고추당면만두,만두,제조일로부터 15일,,성진식품,200101543496,20180411,20180414
사탕,사탕,고추사탕 레드팝,캔디류,제조일부터 24개월,,(주)맛고을식품,19960275012419,20240322,20240514
후추,후추,고추와 후추가루,기타 농산가공품,14개월,해당사항 없음,(주)다님길,2014046701777,20240109,20240112
당면,당면,고추잡채(당면) 찐빵소,기타가공품,냉동 : 제조일로부터 9개월,,농업회사법인(주)수지스링크,20200371132441,20250904,20250906
달걀,달걀,고추장 달걀조림,조림류,제조일로부터 3일,,주식회사찬장에프에스대전,2022032110083,20220819,20220826
명태,명태,고추장 명태깡,조미건어포,제조일로부터 12개월,,(유)예인수산,2017036896627,20260119,20260317
삼겹살,삼겹살,고추장 버섯 대패삼겹살,즉석조리식품,제조일로부터 4일,,도리깨침,20200280142434,20230220,20240824
삼겹살,삼겹살,고추장 삼겹살볶음,식육함유가공품,제조일로부터 7일,,주식회사찬장에프에스대전,20220321100443,20230117,20230120
삼겹살,삼겹살,고추장 삼겹살소스,소스,제조일로부터6개월,,주식회사 오디너리,2020037234136,20250628,20250702
삼겹살,삼겹살,고추장 삼겹살소스,소스,6개월,해당없음,착한맘굿쉐프,2017031133890,20240727,20240802
달걀,달걀,고추장달걀조림,조림류,제조일로부터 3일,제조일로부터 3일,(주)하니푸드,20210268770541,20241217,20241219
닭고기,닭고기,고추장닭고기볶음,조림류,제조일로부터 냉장14일,,동이푸드,2015036231563,20161108,20210925
돼지고기,돼지고기,고추장돼지고기양념,소스,제조일로부터 12 개월,제조일로부터 12 개월,(주)본에프앤비,2011033302449,20170712,20170715
돼지고기,돼지고기,고추장맛 돼지고기 장조림,조림류,36개월,,(주) 시즈너,2010044407719,20160820,20230920
목살,목살,고추장목살,식육함유가공품,냉동보관 2달,60일,주식회사샵인샵컨설팅,2025077984641,20251224,20251227
삼겹살,삼겹살,고추장삼겹살,식육함유가공품,제조일로부터 6개월,,선인발효식품1공장,201603082813,20161023,20161026
삼겹살,삼겹살,고추장삼겹살 양념장,소스,제조일로부터1년,,로타리푸드컴퍼니,202303922826,20260324,20260327
삼겹살,삼겹살,고추장삼겹살김밥,즉석섭취식품,제조시간으로부터 96시간,,(주)우리델리카,20150443298721,20231012,20231014
삼겹살,삼겹살,고추장삼겹살다데기,소스,6개월,,푸드맛제작소,2019022437145,20210517,20210522
삼겹살,삼겹살,고추장삼겹살소스,소스,3개월,,(주)프레쥬퀸,201304334176,20140516,20240113
삼겹살,삼겹살,고추장삼겹살소스,소스,제조일로부터 6개월,,아빠손대가식품,201101582207,20110516,20190601
삼겹살,삼겹살,고추장삼겹살소스,소스,3개월(냉장),,(주)소스텍,200603470301821,20150409,20171112
삼겹살,삼겹살,고추장삼겹살소스,소스,1년,,(주)예우당에프에스,20080445056693,20200907,20200909
삼겹살,삼겹살,고추장삼겹살소스,소스,제조일로부터 5개월,,태원식품산업(주),1985031100115331,20250110,20250114
삼겹살,삼겹살,고추장삼겹살소스,소스,제조일로부터 6개월,,주식회사 소스이산,20210389837132,20241104,20241105
삼겹살,삼겹살,고추장삼겹살소스,소스,제조일로부터 12개월까지,,엠에스푸드,20210391683137,20250220,20250222
삼겹살,삼겹살,고추장삼겹살소스,소스,제조일로부터 12개월,,농업회사법인 형제비앤에스(주),20060347063369,20221118,20250319
삼겹살,삼겹살,고추장삼겹살소스,소스,제조일로부터 9개월까지,,(주)한백티에프,20170442145737,20231023,20231024
삼겹살,삼겹살,고추장삼겹살소스-T,소스,냉장. 8개월,,(주)시아스,200504150204812,20240226,20240228
삼겹살,삼겹살,고추장삼겹살소스스,소스,제조일로부터3개월(냉장),,(주)F/L푸드시스템,201102942628,20110502,20160703
삼겹살,삼겹살,고추장삼겹살용소스,소스,제조일로부터 2개월,,(주)케이지에프앤비,20190442312186,20230223,20230227
삼겹살,삼겹살,고추장삼겹살용소스,소스,제조일로부터 6개월까지,,(주)원일식품,200004430422612,20160812,20160812
삼겹살,삼겹살,고추장삼겹살용소스2,소스,제조일로부터 12개월,,(주)케이지에프앤비,20190442312236,20240712,20240717
닭다리,닭다리,고추장식 닭다리구이양념,소스,6개월,,창보식품,20040311095440,20181205,20260201
미역줄기,미역줄기,고추장양념 미역줄기,기타 수산물가공품,제조일로부터 12개월,,(주)진현,20150607609169,20251126,20251127
후추,후추,고추장후추소스-H,소스,제조일로부터 6개월까지,,주식회사 송연에스와이,201603471931276,20250912,20250916
튀김가루,튀김가루,고추치킨용튀김가루(EU),곡류가공품,제조일로부터 1년,,(주) 삼지에프 에스,200004613256119,20230406,20230411
튀김가루,튀김가루,고추치킨튀김가루,기타가공품,제조일로부터 12개월까지,,(주)에프앤에스식품,20210352178762,20220421,20220423
도토리묵,도토리묵,고향맛 도토리묵,묵류,제조일로부터 10일 (진공포장),실온 10일,선일식품,201001689802,20101110,20181115
도토리묵,도토리묵,고향촌 도토리묵,묵류,"11~3월(제조일로부터2일(실온보관), 4~10월(제조일로부터1일(실온보관)",,푸드월드,200903325082,20090615,20160706
도토리묵,도토리묵,고향촌도토리묵,묵류,2일,,고향촌자연두부,199505481722,20040624,20190924
도토리묵,도토리묵,고향촌도토리묵,묵류,제조일 5일,,인성식품,199703322236,20030930,20160706
도토리묵,도토리묵,고향촌도토리묵,묵류,제조일로부터5일,,인성식품,199703322232,20030930,20160706
연두부,연두부,고향촌자연두부,두부,1일,,고향촌자연두부,199505481721,19950705,20160706
후추,후추,고후추,기타가공품,제조일로부터 24개월,,(주)아이씨푸드,20090257112598,20240724,20240725
시리얼,시리얼,곡물시리얼 내이브로,과자,제조일로부터 9개월,,(주)우리찬,20030208630179,20130611,20250712
물엿,물엿,곡물엿강정,과자,6개월,,농업회사법인 (주)담양한과명진식품,19970515071345,20130627,20170120
시리얼,시리얼,곡물현미단백질시리얼,곡류가공품,제조일로부터 12개월까지,,마음푸드,20150188404146,20260128,20260228
한돈,한돈,곤드레비빔솥밥&한돈목살구이,즉석조리식품,제조일로부터 12개월,,(주)현대그린푸드 스마트푸드센터,201902803274938,20260527,20260530
콩나물,콩나물,곤약 콩나물 냉채,조림류,제조일로부터 5일,,도리깨침,20200280142622,20231128,20231206
계란,계란,곤약간장계란밥,즉석조리식품,제조일로부터 1년,,농업회사법인(주)별담푸드,2025092401426,20250715,20250717
계란,계란,곤약간장계란밥,즉석조리식품,제조일로부터 12개월까지,,농업회사법인 주식회사 한우물,20080493074820,20201019,20240117
계란,계란,곤약간장계란밥엔 닭가슴살,즉석조리식품,제조일로부터 12개월,,농업회사법인(주)별담푸드,2025092401485,20251218,20251220
계란,계란,곤약계란밥,즉석조리식품,,해당없음.,주식회사 엄지식품,20150493208711,20210107,20240117
계란,계란,곤약계란볶음밥,즉석조리식품,제조일로부터 12개월까지,,농업회사법인 주식회사 한우물,200804930741160,20220707,20240117
계란,계란,곤약계란볶음밥,즉석조리식품,제조일로부터 12개월,,주식회사 엄지식품,20150493208554,20200421,20240117
계란,계란,곤약계란볶음밥(CKK),즉석조리식품,제조일로부터 12개월,,오뚜기냉동식품 주식회사,20040355580408,20200925,20201008
계란,계란,곤약귀리밥/계란볶음밥/치즈떡갈비,체중조절용 조제식품,제조일로부터 1년(냉동보관),,(주)맛과벗,20170362092508,20260318,20260403
계란,계란,곤약꼬마김밥 스팸계란,즉석조리식품,제조일로부터 냉동12개월 까지,,복을만드는사람들 주식회사 농업회사법인,20200614067157,20250228,20250305
계란,계란,곤약잡곡 부드러운 닭가슴살 간장계란밥,즉석조리식품,제조일로부터 12개월까지,,농업회사법인 주식회사 한우물,20080493074478,20180807,20240117
요구르트,요구르트,곤약젤리 요구르트,캔디류,제조일로부터 12개월,,(주)엔트리,20170614111445,20220826,20260203
즉석밥,즉석밥,곤약즉석밥 귀리,즉석조리식품,제조일로부터 12개월,,한국에스비식품(주),196903640041373,20180913,20260201
즉석밥,즉석밥,곤약즉석밥 현미퀴노아,즉석조리식품,제조일로부터 12개월,,한국에스비식품(주),20120364841182,20230706,20260201
즉석밥,즉석밥,곤약즉석밥 현미퀴노아,즉석조리식품,제조일로부터 12개월,,한국에스비식품(주),196903640041372,20180913,20260201
계란,계란,곤약현미김밥 흑미계란,즉석조리식품,제조일로부터 냉동12개월,,복을만드는사람들 주식회사 농업회사법인,2020061406787,20220511,20230325
즉석밥,즉석밥,곤즉석밥 귀리,즉석조리식품,제조일로부터 12개월,,한국에스비식품(주),196903640041916,20221207,20260201
즉석밥,즉석밥,곤즉석밥 현미,즉석조리식품,제조일로부터 12개월,,한국에스비식품(주),196903640041915,20221207,20260201
무,무,골드 카무트® 브랜드 밀 곡물효소,효소식품,제조일로부터 24개월까지,,주식회사 예본바이오,2022051450995,20241209,20250402
무,무,골드 카무트® 브랜드 호라산밀 곡물효소,효소식품,제조일로부터 24개월까지,,주식회사 예본바이오,2022051450994,20241205,20250402
당면,당면,골드네모난당면,건면,2년,제조일로부터 2년,(주)한밭식품,1997046713442,20030506,20200522
마요네즈,마요네즈,골드마요네즈,마요네즈,8개월,,(주)시아스,20050415020853,20081212,20230705
마요네즈,마요네즈,골드마요네즈,마요네즈,제조일부터 8개월 (실온보관),,(주)동원홈푸드,200204610734468,20101207,20250111
마요네즈,마요네즈,골드마요네즈,마요네즈,제조일로부터 6개월,,롯데웰푸드주식회사천안공장,19960449002946,20110211,20250517
마요네즈,마요네즈,골드마요네즈,마요네즈,12개월  실온,,(주)삼아벤처,199104430241466,20150130,20231221
마요네즈,마요네즈,골드마요네즈,마요네즈,제조일로부터 7개월까지,,(주)원일식품,200004430423761,20230705,20231018
마요네즈,마요네즈,골드마요네즈 (HT),마요네즈,5개월,,대상(주)기흥공장,19800347002699,20260310,20260520
마요네즈,마요네즈,골드마요네즈-NS,마요네즈,6개월,,(주)시아스,200504150201826,20140804,20180112
마요네즈,마요네즈,골드마요네즈(업소용)-T,마요네즈,6개월,,(주)시아스,200504150201860,20140930,20220820
마요네즈,마요네즈,골드마요네즈(제조용),마요네즈,6개월(실온),,롯데웰푸드주식회사천안공장,199604490021716,20200518,20250516
부침가루,부침가루,골드메밀부침가루,곡류가공품,12개월,,봉평메밀본가 농업회사법인(주),2005039701124,20110824,20230610
부침가루,부침가루,골드메밀부침가루ⓐ,곡류가공품,제조일로부터 12개월,,봉평메밀본가 농업회사법인(주),2005039701142,20140716,20230610
당면,당면,골드손당면,건면,2년,,(주)한밭식품,1997046713441,20030506,20180503
부침가루,부침가루,골드스푼 메밀부침가루,곡류가공품,제조일로부터 18월,,(주)에버헬스케어 농업회사법인,20050358194202,20120927,20160706
당면,당면,골드자른손당면,건면,24개월,,(주)한밭식품,19970467134134,20160718,20180503
마요네즈,마요네즈,골드프리마요네즈,마요네즈,제조일로부터 3개월까지 (냉장),,주식회사 삼립 청주공장,201704150801081,20250131,20250213
모짜렐라,모짜렐라,골든 매콤 통 모짜렐라 치즈스틱,즉석조리식품,제조일로부터 12개월,,(주)이지푸드,2020042414497,20260427,20260429
모짜렐라,모짜렐라,골든 통 모짜렐라 치즈스틱,기타가공품,제조일로부터 냉동보관시(-18℃이하) 12개월,,(주)제이웰푸드,2016034223494,20260330,20260407
굴소스,굴소스,골든디쉬볶음용굴소스,소스,제조일부터 6개월 (냉장보관),,(주)동원홈푸드,2002046107316361,20251024,20251025
굴소스,굴소스,골든디쉬볶음용굴소스,소스,제조일부터 6개월 (냉장보관),,(주)동원홈푸드,201904421492927,20251024,20251029
모짜렐라,모짜렐라,골든모짜렐라치즈볼,즉석조리식품,제조일로부터 12개월,,(주)이지푸드,2020042414447,20231101,20250321
계란,계란,골든키친계란밥용소스,소스,제조일로부터 6개월,,태원식품산업(주),198503110017627,20180424,20180501
튀김가루,튀김가루,골든튀김가루,전분가공품,제조일로부터 1년,,(주) 삼지에프 에스,200004613256210,20230608,20230627
튀김가루,튀김가루,골든팜 튀김가루,곡류가공품,제조일로부터 18개월까지,,(주)새롬푸드 농업회사법인,20100358279258,20240731,20240830
모짜렐라,모짜렐라,골든프리미엄 乾치즈 / 모짜렐라치즈,기타가공품,제조일로부터 24개월,제조일로부터 24개월,(주)골든팜,201803602813,20240108,20250214
조개,조개,골뱅이조개프랩,기타 수산물가공품,제조일로부터 12개월,,오션브릿지 주식회사,2009033267560,20260512,20260514
초장,초장,골뱅이초장,소스,제조일로부터 6개월,,(주)미르마로푸드시스템,2015034718125,20150722,20240503
초장,초장,골뱅이초장소스,소스,6월,,주식회사평강푸드,2014056012333,20140501,20240508
돼지고기,돼지고기,곰곰 감자듬뿍 돼지고기 짜글이,간편조리세트,제조일로부터 7일,,주식회사 베지스타,201703332531104,20230724,20230725
도토리묵,도토리묵,곰곰 국산 도토리로 만든 도토리묵,묵류,제조일로부터 25일까지,,농업회사법인 한생 주식회사 종천공장,20150471056118,20211125,20240104
청양고추,청양고추,곰곰 냉동 다진청양고추,천연향신료,소비기한 : 제조일로부터 24개월 별도 표기일까지,제조일로부터 24개월,농업회사법인(주)그린피아,2013049803899,20220503,20240117
청양고추,청양고추,곰곰 냉동 청양고추,천연향신료,제조일로부터 24개월,,프레시플러스(주)공주제1공장,20080458027481,20230306,20230307
계란,계란,곰곰 닭가슴살 간장계란 잡곡 곤약 볶음밥,즉석조리식품,제조일로부터 12개월까지,,농업회사법인 주식회사 한우물,200804930741058,20211230,20240117
돼지고기,돼지고기,곰곰 돼지고기 묵은지찜 밀키트,간편조리세트,제조일로부터 7일,,(주)마이셰프,2023037706728,20230323,20230517
부침가루,부침가루,곰곰 바삭한 부침가루,기타가공품,제조일로부터 365일 까지,,사조동아원(주) 부산공장,19950129282612,20230417,20230425
튀김가루,튀김가루,곰곰 바삭한 튀김가루,기타가공품,제조일로부터 365일 까지,,사조동아원(주) 부산공장,19950129282613,20230417,20230425
모짜렐라,모짜렐라,곰곰 바질 모짜렐라 샐러드,즉석섭취식품,제조일로부터6일,,(주)스윗밸런스랩,20210280073285,20230719,20230728
청양고추,청양고추,곰곰 밥 도시락 흰강낭콩귀리밥&청양고추닭가슴살큐브,즉석조리식품,냉동9개월(-18℃),해당없음.,(주)이에스그린푸드,2017044333860,20190227,20240326
콩나물,콩나물,곰곰 소고기 콩나물 불고기,간편조리세트,제조일로부터 7일,,주식회사 베지스타,201703332531073,20230519,20230613
조개,조개,곰곰 조개탕,기타 수산물가공품,제조일로부터 24개월까지,,천일에스에프,2017056801159,20221122,20250603
조기,조기,곰곰 조기어묵,어묵,제조일로부터 11일까지,,(주)늘푸른바다,19960144406751,20201209,20201210
모짜렐라,모짜렐라,곰곰 주먹밥 통모짜렐라 김치,즉석조리식품,제조일로부터 12개월까지,,농업회사법인 주식회사 한우물,20080493074854,20201217,20260515
요구르트,요구르트,곰곰 탱글 키즈스틱 요구르트,기타가공품,제조일로부터 24개월,,농업회사법인주식회사인섹트빌리지,2019045606033,20210416,20210508
한돈,한돈,곰곰한돈간장맛불고기소스,소스,제조일로부터 6개월,,푸른식품주식회사,20080211050634,20240726,20240731
한돈,한돈,곰곰한돈매콤한제육볶음소스,소스,제조일로부터 6개월,,푸른식품주식회사,20080211050635,20240726,20240731
계란,계란,곰소어간장 간장세끼 계란어간장,소스,제조일로부터 12개월,,(주)어간장세상,2004050109052,20150209,20240221
계란,계란,곰소어간장 프리미엄 계란어간장,소스,제조일로부터 1년,,(주)어간장세상,2004050109065,20210630,20240117
목살,목살,곰스목살스테이크소스,소스,제조일부터 6개월 (냉장보관),,(주)동원홈푸드,2002046107316674,20260220,20260224
부침가루,부침가루,곰표 갈릭부침가루,곡류가공품,제조일로부터 1년,,대한제분(주),198301900201164,20240808,20260311
튀김가루,튀김가루,곰표 갈릭튀김가루,곡류가공품,제조일로부터 1년,,대한제분(주),198301900201165,20240808,20240809
부침가루,부침가루,곰표 메밀부침가루,곡류가공품,제조일로부터 18월,,(주)에버헬스케어 농업회사법인,20050358194384,20250826,20250904
초장,초장,곰표부산회초장,소스,제조일로부터 18개월,,태화식품공업(주)2공장,2023088019218,20230309,20260515
초장,초장,곰표회초장,소스,제조일로부터 18개월,,태화식품공업(주)2공장,2023088019233,20260611,20260613
초장,초장,곰피미역 들깨초장쌈,즉석조리식품,제조일로부터 7일,,(주)비움,20180217306472,20260511,20260515
새우젓,새우젓,곱게 갈아 바로쓰는 새우젓,젓갈,1년,,(주)초록섬마하탑,2005053105013,20260401,20260402
음료,음료,공룡나라 백향과 음료,과.채음료,제조일로부터 2년,제조일로부터 2년,고성군농업기술센터(농산물가공지원센터),2022088200414,20220905,20221008
새우젓,새우젓,공룡나라 새우젓,젓갈,24개월(2년),,우양수산식품,201606190213,20160730,20160801
음료,음료,공룡나라 아로니아 음료,과.채음료,제조일로부터 2년,제조일로부터 2년,고성군농업기술센터(농산물가공지원센터),2022088200413,20220905,20221008
당면,당면,工매운당면고로케,어묵,제조일로부터 10일,,(주)부산식품,20120149086149,20170622,20170623
부추,부추,工범표부추,어묵,제조일로부터 10일,,(주)부산식품,20120149086169,20170628,20170701
초장,초장,공사일공 골뱅이 초장소스,소스,제조일로부터 6개월 (냉장),,(주)찬들푸드,20210301832179,20230201,20230202
청양고추,청양고추,공오삼 청양고추마요소스,소스,제조일로부터 6개월까지,,(주)에프앤에스식품,20210352178711,20220303,20220629
요구르트,요구르트,공차요구르트파우더,당류가공품,제조일부터 12개월 (실온보관),,(주)동원홈푸드,2002046107310472,20200312,20200314
음료,음료,과라나 음료베이스,혼합제제,유통기간미등록,,서울향료인천공장,19740199004709,19941229,20170119
초장,초장,과메기매실초장,혼합장,제조일로부터 12개월,,주식회사 덕이네,2008060425680,20230919,20230928
음료,음료,과일가득 비타민B음료,혼합음료,12개월,,주식회사새롬웰푸드,20190456640202,20220518,20241005
초장,초장,과일이들어있는초장,소스,1년,,(주)그린소담,20120360208195,20241021,20251219
참외,참외,과일친구들 (참외),신선편의식품,제조일로부터 7일,,동안동농협프레시푸드센터,2017054301713,20180430,20200429
참외,참외,"과일친구들(귤,자두,복숭아,참외)",신선편의식품,제조일로 부터 5일,,동안동농협프레시푸드센터,2017054301774,20211228,20211229
참외,참외,"과일친구들(복숭아,참외)",신선편의식품,제조일로 부터 7일,,동안동농협프레시푸드센터,2017054301778,20220103,20220105
참외,참외,"과일친구들(참외,방울토마토)",신선편의식품,6일,,동안동농협프레시푸드센터,2017054301746,20200714,20200716
참외,참외,"과일친구들(참외,포도)",신선편의식품,제조일로부터 5일,,동안동농협프레시푸드센터,20170543017116,20250306,20250308
참외,참외,과일한컵(참외),신선편의식품,4일,,(주)지앤비후르츠,2013007010021,20190201,20190202
음료,음료,과채음료,과.채음료,제조일로부터 24개월,,광동헬스바이오(주),2020042406570,20240521,20240604
모짜렐라,모짜렐라,과카몰리모짜렐라샐러드,즉석섭취식품,제조일로부터 5일,,(주)현대그린푸드 스마트푸드센터,201902803271279,20200820,20240118
상추,상추,곽곱창 부추상추겉절이 파우더,복합조미식품,제조일로부터 1년간,해당없음,(주)씨에이치푸드,20220862095216,20250307,20250311
조개,조개,관자로 만든 키조개장,절임식품,제조일로부터 22개월,제조일로부터18개월,영어조합법인 해담 씨푸드팩토리,2020048847986,20250418,20260205
조기,조기,광동식참조기찜소스,소스,제조일로부터 6개월까지,,(주)우신에프엠,200703385311104,20241029,20260201
초장,초장,광득이 수제초장,소스,제조일로부터 12개월까지,,주식회사 바로에프에스,20150149277360,20230902,20230905
봄동,봄동,광릉봄동겉절이김치,김치,제조일로부터 90일,,(주)동진푸드,1986033200492,20250327,20250404
모짜렐라,모짜렐라,광석이네 모짜렐라치즈볼,빵류,제조일로부터 24개월(냉동),,(주)옥두식품,19920395013342,20210805,20251104
모짜렐라,모짜렐라,광석이네 모짜렐라치즈핫도그,빵류,제조일로부터 24개월(냉동),,(주)옥두식품,19920395013347,20210826,20260414
모짜렐라,모짜렐라,광석이네 철원오대쌀 모짜렐라치즈핫도그,빵류,제조일로부터 24개월(냉동),,(주)옥두식품,19920395013322,20251002,20251216
굴소스,굴소스,광어 펩타이드 굴소스,소스,36개월,,(주)엠에스바이오,19990607488248,20231026,20231028
새우젓,새우젓,광천 새우젓,젓갈,제조일로부터1년,,삼미식품,199104590283,19921005,20160706
새우젓,새우젓,광천 참새우젓,젓갈,제조일로부터24개월까지,제조일로부터   2년,그린아이 주식회사,2015047306435,20230925,20240820
새우젓,새우젓,광천농협 토굴새우젓,젓갈,제조일로부터 1년,,광천농업협동조합2공장,2003047311735,20251112,20251115
새우젓,새우젓,광천농협새우젓,젓갈,제조일로부터 1년,,광천농업협동조합2공장,200304731177,20030903,20241023
새우젓,새우젓,광천새우젓,젓갈,24개월,,(주)광천수산제2공장,2016047335716,20161219,20190216
새우젓,새우젓,광천새우젓,젓갈,제조일부터2년,,광천토굴전통식품,201104730541,20110729,20160706
새우젓,새우젓,광천새우젓,젓갈,1년,,경성식품,198104730181,19810826,20190215
새우젓,새우젓,광천새우젓,젓갈,1년,,보령광천수산영어조합법인,199704591638,19990407,20180915
새우젓,새우젓,광천새우젓(국내산),젓갈,제조일로부터 1년(냉장),,농업회사법인 (주)연자방,2009020831319,20090928,20200619
새우젓,새우젓,광천전통토굴새우젓,젓갈,제조일로부터 12개월,,광천광일토굴식품,199304730561,19930722,20160706
돼지고기,돼지고기,교동 돼지고기장조림,조림류,제조일로부터 12개월,,(주)교동식품,19970440082376,20230314,20230316
돼지고기,돼지고기,교동 한가득 돼지고기 장조림,조림류,제조일로부터 12개월,,(주)교동식품,19970440082375,20230125,20240430
도토리묵,도토리묵,교동도토리묵,묵류,제조일로 부터 10일,,교동묵마을,200101660197,20200714,20200718
도토리묵,도토리묵,교동도토리묵(판),묵류,3일,,교동묵마을,200101660193,20050530,20200714
한돈,한돈,교동전선생 한돈등심김치전,즉석조리식품,제조일로부터 냉동 12개월까지,,(주)이든에프앤씨(진천공장),20150443038211,20240822,20240921
부침가루,부침가루,교동전선생부침가루,기타가공품,제조일로부터 365일 까지,,사조동아원(주) 부산공장,19950129282696,20250409,20250903
닭다리,닭다리,교촌통닭다리레드소스,소스,제조일로부터 냉장 6개월,,(주)비에이치앤바이오,20170443388376,20240111,20240112
닭다리,닭다리,교촌통닭다리바베큐소스,소스,제조일로부터 냉장 6개월,,(주)비에이치앤바이오,20170443388377,20240111,20240112
닭다리,닭다리,교촌통닭다리오리지널소스,소스,제조일로부터 냉장 6개월,,(주)비에이치앤바이오,20170443388375,20240111,20240112
음료,음료,구기자차 음료,액상차,12개월,,농업회사법인유한회사 정 그린,20120524080174,20210406,20210408
초장,초장,구룡포과메기 살구초장,소스,제조일로부터 12개월,,주식회사 소스팜,20210372551209,20231122,20231128
계란,계란,구름계란 모밀우동장,소스,제조일로부터 6개월까지,,주식회사 영화 광주공장,20170368024253,20220802,20221029
계란,계란,구름계란 모밀우동장,소스,제조일로부터 12개월까지,,서진푸드텍,20050336124108,20240509,20251129
계란,계란,구름계란 춘천닭갈비,식육함유가공품,제조일로부터 1년,,주)씨엔에스테크,20150380724103,20230328,20230610
계란,계란,구름계란 춘천닭갈비2,식육함유가공품,제조일로부터 1년,,주)씨엔에스테크,20150380724145,20250515,20250521
계란,계란,구름계란로제떡볶이분말,복합조미식품,제조일로부터 12개월까지,,(주)가온푸드 음성공장,20200452044500,20221128,20231012
계란,계란,구름계란매운맛떡볶이분말,복합조미식품,제조일로부터 12개월까지,,(주)가온푸드 음성공장,20200452044499,20221128,20221129
계란,계란,구름계란매운맛소스,소스,제조일로부터 10개월까지,,(주)가온푸드,201404432561855,20221122,20221123
계란,계란,구름계란보통맛떡볶이소스,소스,제조일로부터 10개월까지,,(주)가온푸드,201404432561860,20221128,20221129
계란,계란,구름계란용카레소스,소스,제조일로부터 10개월까지,,(주)가온푸드,201404432562122,20231113,20240426
당면,당면,구름당면,숙면,제조일로부터 냉동보관 9개월,,호박식품,201903266621,20190924,20260201
탄산,탄산,구름을탄산,탁주,제조일로부터 60일,,농업회사법인 운정양조장 주식회사,202300074635,20250307,20250307
요구르트,요구르트,구름즈 요구르트볼,당류가공품,24개월,,그대로말린,20180491011171,20220623,20240117
음료,음료,구미 멜론음료,과.채음료,제조일로부터 3년까지,,넥스트바이오 주식회사,20170395062311,20251218,20251220
부침가루,부침가루,구미 밀가리 부침가루,곡류가공품,제조일로부터 12개월,제조일로부터 1년,샘물영농조합법인,2024084628710,20250912,20250916
튀김가루,튀김가루,구미 밀가리 튀김가루,곡류가공품,제조일로부터 12개월,제조일로부터 1년,샘물영농조합법인,202408462879,20250912,20250916
음료,음료,구미다미 멜론음료,과.채음료,제조일로부터 12개월,,구미시농산물가공기술지원센터,202508455154,20250827,20250904
닭고기,닭고기,구수한 닭고기버섯들깨탕,즉석조리식품,제조일로부터 10일,,(주)베베쿡,200303806613065,20250617,20251128
한돈,한돈,구수한돈사골육수,소스,제조일로부터 6개월,,서울향료(주)진천공장,20180450262662,20201023,20201031
시리얼,시리얼,구수향 갓볶은 귀리시리얼,곡류가공품,제조일로부터 1년,1년,구수향,2020047704410,20210323,20210324
청양고추,청양고추,구스통 건강한 청양고추김치,김치,제조일로부터 28일,,빛고을김치 영농조합법인,20050227625120,20220510,20251231
숙주,숙주,구슬숙주소스-1,소스,냉장에서 밀봉상태로 보관하여 제조일로부터 12개월 까지,,(주)비에이치푸드,20100342050440,20160315,20230624
숙주,숙주,구슬함박 숙주용소스,소스,제조일부터 6개월 (냉장보관),,(주)동원홈푸드,2002046107315429,20241219,20241221
후추,후추,구운 장어포(후추맛),조미건어포,제조일로부터 12개월,,31건어물,2020041113828,20260423,20260425
계란,계란,구운계란장,절임식품,제조일로부터6개월,제조일로부터6개월,안녕,202307591261,20231206,20231215
계란,계란,구운계란카레,즉석조리식품,제조일로부터 3일,,주식회사찬장에프에스대전,20220321100130,20220820,20220903
닭고기,닭고기,구운닭고기샐러드&시저드레싱,즉석섭취식품,제조일로부터 4일,제조일로부터 4일,(주)하니푸드,20210268770348,20230811,20230819
닭고기,닭고기,구운닭고기향 23036052,향료제제,,해당없음.,아로마라인(주),200202750454882,20230503,20230510
돼지고기,돼지고기,구운돼지고기향 #1,향료제제,해당없음,,서울향료인천공장,197401990047740,20250414,20260130
삼겹살,삼겹살,구운삼겹살향 26046169,향료,해당 없음,,아로마라인(주),200202750456968,20260513,20260516
조기,조기,구운수조기포(민어),조미건어포,제조일로부터 12개월,생략,주식회사 내츄럴통상,2024052318722,20251217,20251219
케첩,케첩,구운양파 케첩뿌린핫도그맛,과자,6개월,,해태가루비(주),19950383326165,20241230,20250502
조기,조기,구운조기순살포,조미건어포,제조일로부터12개월,,(주)유성수산,19770506012229,20220714,20220726
달걀,달걀,구운햇달걀 장조림소스,소스,12개월,,(주)소올담,20230501269230,20250110,20250117
모짜렐라,모짜렐라,구워먹는 모짜렐라치즈 샌드,즉석섭취식품,제조일로부터 96시간,,(주)농업회사법인 엘푸드 서울CK2,20170084668100,20211024,20230822
모짜렐라,모짜렐라,구워먹는 모짜렐라치즈스틱,기타가공품,제조일로부터 12개월까지,,고은푸드,2013036026025,20160323,20260610
모짜렐라,모짜렐라,구워먹는모짜렐라치즈떡,떡류,제조일로부터 12개월,,주호식품,20130347154127,20240823,20240824
목살,목살,구이용 메로목살,기타 수산물가공품,제조일로부터 24개월,,(주)아로와나피셔리,2014033010915,20190723,20190829
목살,목살,구이용 양념 목살,식육함유가공품,제조일로 부터 12개월,,주식회사미소에프엔씨,2007044902426,20161024,20250412
도토리묵,도토리묵,구정도토리묵,묵류,냉장(0~10도)3일    - 상온 : 24시간,,구정도토리묵,200703862531,20070611,20230610
도토리묵,도토리묵,구즉여울묵 도토리묵,묵류,제조일로부터15일(실온),,구즉여울묵영농조합법인,2013024040019,20160429,20160726
도토리묵,도토리묵,구즉여울묵 도토리묵,묵류,제조일로부터 30일(실온),,구즉여울묵영농조합법인,2013024040020,20160607,20160726
도토리묵,도토리묵,구즉여울묵 도토리묵 (비포장),묵류,제조일로부터 3일(냉장),,구즉여울묵영농조합법인,2013024040018,20160429,20160726
도토리묵,도토리묵,구즉여울묵 도토리묵 (비포장),묵류,제조일로부터 2일(실온),,구즉여울묵영농조합법인,2013024040017,20160429,20160726
콩나물,콩나물,국160호(콩나물국),즉석섭취식품,제조일로부터 8시간 이내,,주식회사 꿈해비타트,20120461108164,20190624,20190626
계란,계란,국346호(계란게살탕),즉석섭취식품,제조일로부터 8시간 이내,제조일로부터 8시간 이내,주식회사 꿈해비타트,20120461108346,20251112,20251113
청양고추,청양고추,국가대표어포빠삭청양고추맛,기타 어육가공품,제조일로부터1년,,별미담,20210606264100,20260310,20260312
한돈,한돈,국가대표한돈김치제육,즉석섭취식품,제조시간으로부터 50시간,,(주)비지에프푸드,20200450031379,20240702,20250401
굴소스,굴소스,국내산 굴로 만든 굴소스,소스,제조일로부터12개월까지,,(주)이엔푸드,20080355164223,20250710,20260521
삼겹살,삼겹살,국내산 대패 양념삼겹살,식육함유가공품,제조일로부터10일까지,,홍익푸드,2019016971022,20191129,20250611
도토리묵,도토리묵,국내산 도토리묵,묵류,제조일로부터 12일,,(주)맑은해오름,2007044510774,20091123,20200107
도토리묵,도토리묵,국내산 도토리묵채,묵류,제조일로부터 40일까지,,농업회사법인 한생 주식회사 종천공장,20150471056136,20250319,20250320
계란,계란,국내산 미니 단호박 계란찜,기타가공품,제조일로부터 5일,,주식회사 둥구나무,20180293292185,20250825,20250828
조기,조기,국내산 반건조 두절 참조기,기타 수산물가공품,24개월,,어업회사법인 주식회사 대경아이앤씨,2019052929430,20240812,20240815
조기,조기,국내산 반건조 두절 참조기,기타 수산물가공품,24개월,24개월,대박수산,202408082002,20241112,20241119
조기,조기,국내산 백조기,기타 수산물가공품,제조일로부터 2년,,(주)피시원,2022070802957,20260206,20260210
조기,조기,국내산 백조기,기타 수산물가공품,제조일로부터 24개월,제조일로부터 24개월,태영수산,1985050604631,20241110,20241114
조기,조기,국내산 손질 조기,기타 수산물가공품,제조일로부터 24개월,,(주)조원물산,19930604119154,20250218,20250227
연두부,연두부,국내산 연두부,두부,제조일로부터 27일,,(주)맑은식품,20060445211144,20200731,20250813
도토리묵,도토리묵,국내산 오성 도토리묵,두부,제조일부터 3일(0℃~10℃),,(주)오성식품,1980052000812,19981103,20160706
계란,계란,국내산 우유와 계란으로 만든 메이플 푸딩,기타가공품,제조일로부터 40일까지,,(주)풍림푸드,19940443076194,20230313,20251204
계란,계란,국내산 우유와 계란으로 만든 밀크 푸딩,기타가공품,제조일로부터 40일까지,,(주)풍림푸드,19940443076173,20210510,20251204
계란,계란,국내산 우유와 계란으로 만든 초콜릿 푸딩,기타가공품,제조일로부터 40일까지,,(주)풍림푸드,19940443076175,20210510,20250219
계란,계란,국내산 우유와 계란으로 만든 커스터드 푸딩,기타가공품,제조일로부터 40일까지,,(주)풍림푸드,19940443076176,20210510,20251204
연두부,연두부,국내산 유일 연두부,두부,제조일로부터 14일,,유일식품,197304580049,20190611,20190612
조기,조기,국내산 조기,기타 수산물가공품,제조일로부터 9개월,,어업회사법인 (주)참신안수산,201405310077,20140630,20160706
조기,조기,국내산 참조기,기타 수산물가공품,제조일로부터 24개월까지,,(주)에스아이홀푸드,20190144268545,20240122,20240201
조기,조기,국내산 참조기 구이,기타 수산물가공품,제조일로부터 1년,1년,진양씨푸드,201702218824,20230327,20230401
청양고추,청양고추,국내산 청양고추 100% 한 개씩 톡! 간편한 다진 청양고추 큐브,천연향신료,제조일로부터 24개월,,(주)엔젤식품,2007027507240,20260325,20260410
당면,당면,국내산고구마전분으로만든바른당면,건면,제조일로 부터 24개월,제조일로부터 24개월,(주)한밭식품,19970467134158,20190812,20210715
굴소스,굴소스,국내산굴로만든굴소스,소스,제조일로부터 9개월까지,없음,주식회사조흥,199703111002373,20250923,20250930
도토리묵,도토리묵,국내산도토리묵,묵류,제조일로부터 14일,,열매들,202208360034,20221031,20251107
도토리묵,도토리묵,국내산도토리묵 절단,묵류,제조일로부터 14일,,열매들,2022083600337,20250217,20250619
도토리묵,도토리묵,국내산도토리묵 탕평채,묵류,제조일로부터 14일,,열매들,2022083600338,20250217,20250620
도토리묵,도토리묵,국내산도토리묵愛,묵류,제조일로부터 12일,,(주)맑은해오름,20070445107115,20120730,20260416
연두부,연두부,국내산맑은연두부,두부,제조일로부터 15일(0℃~10℃이하 냉장보관),,해오름,200306283187,20040105,20160706
미역줄기,미역줄기,국내산미역줄기볶음,조림류,제조일로부터 1년,,농업회사법인(주)승화푸드,200700565441813,20210914,20210915
목살,목살,국내산양념목살구이,식육함유가공품,제조일로부터 1년(냉동),,(주)리치코리아,2013019974225,20190213,20260327
모짜렐라,모짜렐라,국떡 크리스피 모짜렐라 치즈볼,빵류,제조일로 12개월,,(주)벨리푸드,20150368585478,20221222,20231228
미나리,미나리,국령애 미나리김치,김치,제조일로부터 2개월,제조일로부터 2개월,다산명가(주)농업회사법인,20080522026412,20250317,20250319
콩나물,콩나물,국면당 콩나물국밥육수,복합조미식품,제조일로부터 24개월까지,,(주)해마,200703911551308,20251114,20251119
닭다리,닭다리,국물 닭다리소스,소스,6개월,,창보식품,20040311095796,20241014,20260201
조기,조기,국민 반건조 백조기,기타 수산물가공품,제조일로부터 24개월,제조일로부터 24개월,(주)바다해찬,2021059615019,20220511,20230811
모짜렐라,모짜렐라,국민모짜렐라핫도그,빵류,제조일로부터 12개월,,아이앤디푸드(주),20160365170154,20230602,20260201
조기,조기,국민반찬 조기젓,젓갈,제조일로부터 24개월,,(주) 더 젓갈,20190499026143,20210708,20240117
마요네즈|계란,"마요네즈,계란",국산 계란으로 만든 마요네즈,마요네즈,냉장. 4개월,,(주)시아스,200504150204859,20240617,20240628
계란,계란,국산 계란으로 만든 머스타드,소스,냉장. 6개월,,(주)시아스,200504150204860,20240617,20240618
굴소스,굴소스,국산 굴의 깊은 풍미 그대로 진한 굴소스,소스,제조일로부터 실온 8개월까지,,(주)해마,20070391155738,20171010,20231012
청양고추,청양고추,국산 냉동 다진 청양고추,천연향신료,제조일로부터 24개월,,농업회사법인(주)그린피아,2013049803823,20160728,20240117
도토리묵,도토리묵,국산 도토리로 만든 도토리묵,묵류,제조일로부터 25일까지,,농업회사법인 한생 주식회사 종천공장,20150471056132,20231102,20231106
도토리묵,도토리묵,국산 도토리묵,묵류,제조일로부터 9일,제조일로부터 7일,성심식품,1998032007718,20201224,20210717
도토리묵,도토리묵,국산 도토리묵,묵류,제조일로부터 15일,,농업회사법인 세종두부사랑 주식회사,201702581076,20200625,20200627
도토리묵,도토리묵,국산 도토리묵,묵류,제조일로부터 25일,,노고단식품,2003049206396,20210914,20240117
도토리묵,도토리묵,국산 도토리묵,두류가공품,제조일로부터12일,,도헌식품,2005034709417,20210402,20210407
연두부,연두부,국산 무농약콩으로 만든 연두부,두부,제조일로부터 15일,,푸른들영농조합법인,2003046109712,20081031,20211211
조기,조기,국산 백조기,기타 수산물가공품,제조일로부터 4일,,(주)해청수산,2017012800574,20230116,20230118
부침가루,부침가루,국산 부침가루,기타 농산가공품,제조일로부터 1년,,청오건강 농업회사법인주식회사 6공장,20160368513147,20221202,20221211
부침가루,부침가루,국산 유기농 쌀 부침가루,기타 농산가공품,1년,,청오건강 농업회사법인주식회사 6공장,2016036851380,20160718,20230801
튀김가루,튀김가루,국산 유기농 쌀 튀김가루,기타 농산가공품,1년,,청오건강 농업회사법인주식회사 6공장,2016036851322,20160718,20241217
부침가루,부침가루,국산 유기농 채소와 우리밀로 만든 유기농 부침가루,기타 농산가공품,1년,,청오건강 농업회사법인주식회사 6공장,2016036851344,20160718,20260314
튀김가루,튀김가루,국산 유기농 채소와 우리밀로 만든 유기농 튀김가루,기타 농산가공품,1년,,청오건강 농업회사법인주식회사 6공장,2016036851342,20160718,20260314
당면,당면,국산 자른 당면,건면,24개월,제조일로부터 24 개월,(주)한밭식품,19970467134192,20250918,20250920
조기,조기,국산 참조기,기타 수산물가공품,제조일로부터 5일,,(주)해청수산,2017012800519,20180531,20240907
조기,조기,국산 참조기,기타 수산물가공품,냉장 5일,,(주)어성,2020028026429,20220906,20220909
조기,조기,국산 참조기(냉동),기타 수산물가공품,제조일로부터 1년,해당없음,(주)어성,2020028026444,20240124,20250924
청양고추,청양고추,국산 큐브 다진청양고추,천연향신료,제조일로부터 24개월까지,,농업회사법인 주식회사 한성그린팩토리,20170445081105,20240507,20240508
튀김가루,튀김가루,국산 튀김가루,기타 농산가공품,제조일로부터 1년,,청오건강 농업회사법인주식회사 6공장,20160368513146,20221202,20221218
조기,조기,국산간조기,기타 수산물가공품,제조일로부터 2년,,논산바다,1999046426538,20170307,20170318
당면,당면,국산감자납작자른당면,건면,제조일로부터36개월,,농업회사법인(주)안성식품,1984046701047,20140311,20230214
당면,당면,국산고향당면,건면,제조일로부터 36개월,,농업회사법인(주)안성식품,1984046701060,20160212,20230214
당면,당면,국산고향자른당면,건면,제조일로부터 36개월,,농업회사법인(주)안성식품,1984046701037,20120806,20230214
굴소스,굴소스,국산굴로만든 굴소스,소스,12개월(냉장보관),,(주)사랑과정성,20090311024115,20131118,20260201
당면,당면,국산네모당면,건면,36개월,제조일로부터 36 개월,(주)한밭식품,19970467134301,20250627,20250701
청양고추,청양고추,국산다진청양고추,향신료조제품,제조일로부터 4개월까지,,농업회사법인 주식회사 한성그린팩토리,20170445081100,20240208,20240215
청양고추,청양고추,국산다진청양고추,향신료조제품,제조일로부터 4개월,,영월농협가공사업소,19920396052194,20220616,20230610
당면,당면,국산당면 쏙쏙 누드순대,즉석조리식품,제조일로부터 40일까지,,(주)길식품,1997032007749,20190514,20190531
당면,당면,국산당면 쏙쏙 오곡 찰순대,즉석조리식품,제조일로부터 40일 까지,,(주)길식품,1997032007748,20190513,20190531
부침가루,부침가루,국산메밀부침가루(31%),곡류가공품,제조일로부터 12개월,,대영제분,1997038045156,20200330,20230610
연두부,연두부,국산연두부,두부,제조일로부터 20일(10℃이하 냉장보관),,농업회사법인서문식품주식회사,2010062791219,20150122,20231227
시리얼,시리얼,국산오곡 그래놀라 시리얼바,곡류가공품,제조일로부터 12개월,,에스앤푸드주식회사,2019040435624,20210104,20230610
당면,당면,국산자른당면,건면,제조일부터 3년,,주식회사 한교,1991050103931,20160315,20250426
당면,당면,국산자른당면,건면,제조일로부터 36개월,,농업회사법인(주)안성식품,1984046701064,20160225,20260602
조기,조기,국산참조기5미,기타 수산물가공품,제조일로부터 7일,해당없음.,세동상사(가공공장),20010128267103,20220512,20230426
청양고추,청양고추,국산청양고추가들어간매콤톡톡,과.채가공품,제조일로부터 12개월,,(주)지웰,20170439048115,20191004,20191008
연두부,연두부,국산콩 네컵 연두부,두부,제조일로부터 27일까지,,(주)풀잎라인,20010435046370,20250716,20250801
연두부,연두부,국산콩 네컵 연두부,가공두부,제조일로부터 27일까지,,(주)풀잎라인,20010435046373,20250730,20250731
연두부,연두부,국산콩 네컵연두부,두부,제조일로부터 27일,,(주)맑은식품,20060445211170,20241219,20250517
연두부,연두부,국산콩 네컵연두부,두부,15일,,(주)풀잎라인,20010435046169,20151102,20200307
연두부,연두부,국산콩 네컵연두부,두부,제조일로부터 25일,,풀무원식품(주),2003044504596,20221005,20250503
연두부,연두부,국산콩 네컵연두부와 오리엔탈소스,두부,제조일로부터 27일,,(주)맑은식품,20060445211172,20241219,20250517
연두부,연두부,국산콩 연두부,두부,20일,,주식회사 피피이씨춘천,1992038012865,20160531,20230610
연두부,연두부,국산콩 연두부,두부,제조일로부터 27일,,(주)맑은식품,20060445211121,20160330,20221230
연두부,연두부,국산콩 연두부,두부,20일(0~10 ℃ 냉장보관),,소이빈네이처제2공장,19980568016174,20170725,20220906
연두부,연두부,국산콩 연두부,두부,제조일로부터 15일,,(주)맑은물에,1999052011986,20150713,20161026
연두부,연두부,국산콩 연두부,두부,제조일로부터 14일,,(주)정원푸드,2010022794045,20210709,20210727
연두부,연두부,국산콩 한끼 한컵 연두부,두부,제조일로부터 33일까지,,(주)풀잎라인,20010435046383,20251212,20260321
연두부,연두부,국산콩네컵연두부,두부,제조일로부터 20일,,주식회사 피피이씨춘천,1992038012889,20250325,20250328
연두부,연두부,국산콩민속연두부,두부,제조일로부터 13일 (냉장보관),,강원도민속식품,1997038905921,20170120,20230610
연두부,연두부,국산콩에 농부정성 듬뿍 담은 고소한 연두부,두부,제조일로부터 21일까지,,영농조합법인 흰여울,202406350625,20260122,20260129
당면,당면,국산탱글당면,건면,36개월,제조일로부터 36 개월,(주)한밭식품,19970467134178,20240514,20240523
당면,당면,국산탱글당면,건면,제조일로부터36개월,,농업회사법인(주)안성식품,1984046701093,20221117,20221118
미역줄기,미역줄기,국선생 미역줄기 볶음,조림류,제조일로부터 12개월,,(주)솔루밀,201903524867,20191209,20200327
조기,조기,국탕모둠 조기어묵,어묵,제조일부터 13일,,(주)사조대림,19880311002525,20260406,20260523
조기,조기,군산회집조기젓,양념젓갈,제조일부터6개월(10도이하 냉장),,군산회집 꽃게장,200804843904,20080801,20240117
사탕,사탕,굳지않는 바나나 사탕떡,떡류,제조일로부터 12개월(-18℃이하 냉동보관),,진우푸드,20110308348307,20231205,20231207
사탕,사탕,굳지않는 바나나 사탕떡(복분자),떡류,제조일로부터 12개월(-18℃이하 냉동 보관시),,진우푸드,20110308348209,20200805,20200808
굴소스,굴소스,굴소스,소스,제조일로부터 6개월까지,,(주)원일식품,20000443042707,20071017,20231102
굴소스,굴소스,굴소스,소스,제조일로부터12개월,,강연식품,2009036276583,20170306,20170310
굴소스,굴소스,굴소스,소스,6개월,,(주)면사랑,199304430281633,20190530,20240426
굴소스,굴소스,굴소스,소스,제조일로부터 12개월까지,,주식회사 이은,20200491572299,20240425,20260205
굴소스,굴소스,굴소스,소스,제조일로부터 6개월,,(주)소울,20150347289366,20170504,20170507
굴소스,굴소스,굴소스,소스,6개월,,화남식품산업,20030362198260,20160111,20161121
굴소스,굴소스,굴소스,소스,제조일로부터 4개월,,프레시플러스 주식회사 음성공장,20240676288185,20241126,20241127
굴소스,굴소스,굴소스,소스,냉장8월,,(주)다미푸드텍,20020445130543,20070411,20201202
굴소스,굴소스,굴소스,소스,제조일로부터12개월,,주식회사 함께하면좋은사람들,2024075143516,20250106,20260127
굴소스,굴소스,굴소스,소스,제조일로부터 12개월,,주식회사 혜성식품,20010263055774,20230906,20230912
굴소스,굴소스,굴소스,소스,제조일로부터6개월,,(주)위드식품,2018038767516,20181128,20210126
굴소스,굴소스,굴소스,소스,제조일로부터 6개월,,(주)대유푸드,200904150481,20090410,20220412
굴소스,굴소스,굴소스,소스,제조일로부터365일까지,,씨에프(CF),2003014905068,20080307,20160706
굴소스,굴소스,굴소스,소스,9개월,,주식회사 산지,20170433005419,20240625,20250626
굴소스,굴소스,굴소스,소스,제조일로부터 6개월,,나누리식품,20010415056992,20210818,20210821
굴소스,굴소스,굴소스,소스,12개월,,(주)삼진푸드,19910443029461,20061017,20240913
굴소스,굴소스,굴소스,소스,12개월(냉장보관),,푸드벨,20020607125183,20080627,20190706
굴소스,굴소스,굴소스,소스,12개월,,해마루 푸드,201903854557,20191230,20260201
굴소스,굴소스,굴소스,소스,제조일로부터 9개월,,신우에프앤디,2001034253090,20230117,20230119
굴소스,굴소스,굴소스,소스,6개월(냉장),,(주)신세계푸드 음성공장,2015044522293,20150818,20220708
숙주,숙주,굴소스숙주볶음(만성K),즉석조리식품,제조일로부터 12개월 까지,,(주)유월의보리,20190280077943,20241206,20241207
숙주,숙주,굴소스숙주볶음T,즉석조리식품,제조일로부터 12개월 까지,,(주)유월의보리,20190280077951,20241211,20241217
계란,계란,굽네 곤약잡곡 부드러운 닭가슴살 간장계란밥,즉석조리식품,제조일로부터 12개월까지,,농업회사법인 주식회사 한우물,200804930741562,20250331,20250723
계란,계란,굽네 두부 가득 계란볶음밥,즉석조리식품,제조일로부터 12개월까지,,농업회사법인 주식회사 한우물,200804930741479,20240919,20240924
닭다리,닭다리,굽네갈비천왕소스(통닭다리순살용),소스,제조일부터 8개월 (냉장보관),,(주)동원홈푸드,2002046107313551,20230227,20230228
닭다리,닭다리,굽네볼케이노소스(통닭다리순살용),소스,제조일부터 8개월 (냉장보관),,(주)동원홈푸드,2002046107313550,20230227,20230228
참외,참외,굿과수 생생 참외,신선편의식품,제조일로부터 7일,제조일로부터 7일,굿과수,2025035116924,20260320,20260331
상추,상추,굿대디 유기 흑하랑 상추추출액,액상차,24개월,24개월,한국자연한방주식회사,202306836413,20240228,20260117
참외,참외,굿데이365(참외),신선편의식품,제조일로부터 7일,,굿데이365푸드,2023045132314,20240124,20241127
부침가루,부침가루,굿서울부침가루,곡류가공품,제조일부터 12개월 (실온보관),,(주)동원홈푸드,2002046107314039,20240131,20240202
상추,상추,굿쉐프 상추겉절이 소스,소스,6개월,해당없음,착한맘굿쉐프,2017031133899,20241009,20250101
모짜렐라,모짜렐라,굿프랜즈 모짜렐라치즈 핫도그,빵류,제조일로부터 12개월,,주식회사미가,2010031109974,20190123,20260201
모짜렐라,모짜렐라,굿프랜즈 모짜렐라치즈스틱,기타가공품,제조일로부터 12개월,제조일로부터 12개월,서도물산주식회사,1997021117092,20260305,20260328
부침가루,부침가루,궁전메밀부침가루,곡류가공품,제조일로부터 12개월,-,도화제분,199203832615,19951010,20230610
상추,상추,궁채(줄기상추)무침,기타가공품,10일,,데일리식품 주식회사,20190361854404,20210629,20210702
상추,상추,궁채절임(줄기상추),절임식품,제조일로부터 1년,,부광식품,2003036421217,20240229,20260201
계란,계란,권가제면소계란밥소스,소스,9개월,,(주)조아,20040445125226,20160519,20230523
계란,계란,권가제면소계란밥용소스,소스,9개월(실온),,(주)조아,20040445125260,20220215,20220217
시리얼,시리얼,귀리 & 치커리 오트밀 시리얼 미니볼,곡류가공품,제조일로부터 12개월,,(주)에스엠바이오,20200452306659,20260611,20260616
계란,계란,귀리 간장계란밥,즉석조리식품,제조일로부터 12개월,,주식회사 엄지식품,20150493208485,20191106,20260425
부침가루,부침가루,귀리녹두부침가루,곡류가공품,제조일로부터 24개월,,오양식품 주식회사,19930154127572,20211126,20220215
미나리,미나리,귀리밥&미나리매콤제육,즉석조리식품,제조일로부터 12개월까지,,(주)푸드인모닝스타,20220493563197,20241021,20241108
시리얼,시리얼,귀리시리얼,즉석섭취식품,제조일로부터 1년,,방앗간청년,2021060087459,20220225,20221229
닭다리,닭다리,귀리현미밥&닭다리살,즉석조리식품,제조일로부터 12개월,,(주)씨케이케이,20130364693416,20260306,20260414
닭다리,닭다리,귀리현미잡곡밥&숯불양념 닭다리살,즉석조리식품,제조일로부터 12개월,,(주)씨케이케이,20130364693411,20260306,20260310
초장,초장,귀빈정 명가 청양 땡초장,소스,제조일로부터 12개월,,주식회사산애들애,2015055506884,20241031,20241126
모짜렐라,모짜렐라,귀빈정 모짜렐라치즈떡,떡류,12개월,,(주)엔셀,20130445179327,20230307,20240104
봄동,봄동,귀빈정 봄동겉절이,김치,제조일로부터 60일,,농업회사법인 주식회사 보감 남원지점,19960492181273,20231031,20240117
계란,계란,귀하닭 점보 닭가슴살 간장계란볶음밥,즉석조리식품,제조일로부터 12개월까지,,농업회사법인 주식회사 한우물,200804930741566,20260205,20260206
계란,계란,규그릴 대치동식 계란옷 입은 고기완자,식육함유가공품,제조일로부터 9개월,,(주)오뗄포천용정지점,202505771733,20250531,20250602
달걀,달걀,규동&달걀볶음밥,즉석조리식품,제조일로부터 9개월,,(주)현대그린푸드 스마트푸드센터,201902803273202,20230927,20240326
모짜렐라,모짜렐라,귤 & 딸기 모짜렐라 샐러드,즉석섭취식품,제조일로부터6일,,(주)스윗밸런스랩,20210280073341,20231206,20250617
초장,초장,그때그맛울집초장,혼합장,18개월,제조일로부터18개월,(주)더좋은씨푸드,202004072296,20220524,20230610
음료,음료,그랑 에너지음료 파우더,기타가공품,제조일로부터 2년,,주식회사 컵풀,20130345125352,20250807,20250925
원당,원당,그레인허그 유기농 비정제 사탕수수 원당 설탕,당류가공품,48개월,,이노푸드코리아(주),2014036280158,20250204,20250206
아이스크림,아이스크림,그릭요거트 아이스크림용 파우더,당류가공품,제조일로부터 24개월까지,,주식회사 알티스트,20210348794373,20241120,20241121
요구르트,요구르트,그릭요구르트향분말 25-1688,혼합제제,해당 없음,,(주)진향,200701991921046,20250423,20250424
마요네즈,마요네즈,그린엔푸드 고소한마요네즈,마요네즈,제조일부터 8개월 (실온보관),,(주)동원홈푸드,200204610737447,20160118,20161212
참외,참외,그린풀 참외 컵과일,신선편의식품,제조일로부터 8일,,남원원예농업협동조합 푸드종합가공센터,201804960588,20180409,20240117
참외,참외,그린하우스 성주 냉동참외,과.채가공품,제조일로부터 3년까지,,농업회사법인 주식회사 지엔에프앤비 2공장,20150569083149,20230330,20230402
삼겹살,삼겹살,그릴하우스 고추장삼겹살용소스,소스,제조일로부터 12개월 [냉장보관],,주식회사 유니푸드,200903720321331,20260601,20260603
콩나물,콩나물,그릿 콩나물무침분말,복합조미식품,제조일로부터 12개월,,태원식품산업(주),1985031100116613,20260126,20260128
계란,계란,그릿전용 계란탕용분말,복합조미식품,12개월(실온),,주식회사 세원프레쉬,20150368651888,20220822,20230811
청경채,청경채,"근대,시금치,청경채 다진야채큐브",과.채가공품,제조일로부터 12개월,,쿡베이스,202002308871903,20260107,20260122
삼겹살,삼겹살,글로벌밀키트대패삼겹살콩불,즉석조리식품,제조일로부터 7일까지,해당없음.,농업회사법인 글로벌푸드 주식회사,2020051318712,20210603,20220616
요구르트,요구르트,글루어트 베지 스타터 요구르트맛,기타가공품,제조일로부터 24개월,,광동헬스바이오(주) 2공장,20190424102213,20250429,20260415
부침가루,부침가루,글루텐프리쌀부침가루,곡류가공품,제조일로부터 24개월까지,,(주)브레드가든성남공장,20090275178418,20220502,20220531
봄동,봄동,금자네 봄동 겉절이,김치,제조일로부터 60일,제조일로부터 60일,주식회사모산F/S,20090607280351,20260310,20260313
튀김가루,튀김가루,금정 바삭한 튀김가루,기타가공품,12개월,,유한회사 농업회사법인 삼미식품,19990560369222,20210215,20240208
참외,참외,금쪽같은 참외,과.채가공품,제조일로부터 18개월까지,,농업회사법인 주식회사 화진 바이오텍,20180531038119,20210629,20210706
계란,계란,급식대가계란샌드,즉석섭취식품,제조시간으로부터 73시간,,(주)비지에프푸드,20200450031431,20241212,20241213
계란,계란,급식대가계란샌드,즉석섭취식품,제조시간으로부터 74시간까지,,(주)원푸드림 주촌지점,20170607069332,20250411,20250415
계란,계란,급식의대가 계란옷 입은 고기완자,식육함유가공품,제조일로부터 9개월,,(주)오뗄포천용정지점,202505771737,20250531,20250602
삼겹살,삼겹살,기가막힌 쭈꾸미삼겹살볶음,즉석조리식품,제조일부터  365 일 (12개월),없음,주식회사 애니웰푸드,2020052417287,20210105,20210107
원당,원당,기린원당 블랙두유베이스MC,두류가공품,제조일로부터 18개월,,휴밀(humeal),2019059902679,20250610,20260108
원당,원당,기린원당 블랙두유베이스MC2,가공두유,제조일로부터 2일,제조일로부터2일,농업회사법인(주)삼광에프앤비,2020041903829,20250625,20260122
음료,음료,기분조초오미자스포츠음료,액상차,12개월,12개월,농업회사법인 문경미소 주식회사,2013055814446,20220617,20220621
한돈,한돈,기상나팔 한돈곰국,즉석조리식품,1년,1년,부야 주식회사,202005710591,20200512,20200513
초장,초장,기픈샘순창매실맛초장,혼합장,제조일로부터 1년6개월,,(주)기픈샘,199804990285,19981020,20240117
초장,초장,기픈샘순창매실맛회초장,혼합장,제조일로부터 1년6개월,,(주)기픈샘,19980499028238,20260402,20260404
탄산,탄산,기픈탄산수플레인,탄산수,제조일로부터 12개월,,주식회사 자연이정답이다,2021045109651,20230907,20231116
조기,조기,"긴가이석태(침조기,황민어)",기타 수산물가공품,24개월,,씨스카이푸드,2008014405918,20120814,20160706
조기,조기,긴가이석태(침조기)엮거리,기타 수산물가공품,제조일로부터 12개월,,주식회사 용궁냉동,2005016902946,20190628,20191224
조기,조기,긴가이석태(침조기)엮거리,기타 수산물가공품,2년,24개월,(주)주은씨푸드,2012014425917,20120706,20200226
튀김가루,튀김가루,길성이치킨튀김가루,기타가공품,1년,,다원,1996034701967,20180913,20240220
냉동밥,냉동밥,김가루밥패티용냉동밥,즉석조리식품,"냉동, 12개월",,(주)시아스,200504150203325,20190402,20190403
계란,계란,김계란씨의 김치찌개(2),간편조리세트,제조일로부터 9개월,,농업회사법인(주)승화푸드,200700565441710,20210614,20220826
계란,계란,김계란후리가케믹스,기타가공품,제조일로부터 12개월까지(실온),,주식회사 동방푸드마스타,199104450778331,20210607,20210608
콩나물,콩나물,김구원선생 국산두부가 들어간 김치콩나물국,간편조리세트,제조일로부터 7일,해당없음.,농업회사법인 주식회사 성호,2021038040014,20230831,20230908
콩나물,콩나물,김구원선생 국산두부가 들어간 무농약콩나물국,간편조리세트,제조일로부터 7일,,농업회사법인 주식회사 성호,2021038040012,20230829,20230902
콩나물,콩나물,김구원선생 국산두부가 들어간 전주식 김치콩나물국,간편조리세트,제조일로부터 7일,,농업회사법인 주식회사 성호,2021038040020,20240523,20240614
콩나물,콩나물,김구원선생 국산두부가 들어간 전주식 콩나물국,간편조리세트,제조일로부터 7일,,농업회사법인 주식회사 성호,2021038040019,20240523,20240614
콩나물,콩나물,김구원선생 국산두부가 들어간 황태콩나물국,간편조리세트,제조일로부터 7일,,농업회사법인 주식회사 성호,2021038040013,20230829,20230902
계란,계란,김구원선생 국산콩으로 만든 순두부계란탕,간편조리세트,제조일로부터 7일,,농업회사법인 주식회사 성호,2021038040017,20240118,20240124
콩나물,콩나물,김구원선생 맑은콩나물국스프,복합조미식품,제조일로부터 12개월,,태원식품산업(주),1985031100115681,20250409,20250415
콩나물,콩나물,김구원선생 얼큰콩나물국스프,복합조미식품,제조일로부터 12개월,,태원식품산업(주),1985031100115682,20250409,20250415
콩나물,콩나물,김구원선생김치콩나물국소스,소스,제조일로부터 4개월 까지,,주식회사 동방푸드마스타,199104450779063,20230922,20230923
상추,상추,김권태농부의 맛있는 상추김치,김치,,제조일로부터28일(1개월),옥과맛있는김치 영농조합법인,20130516028215,20211216,20221129
튀김가루,튀김가루,김말이튀김가루H,곡류가공품,제조일로부터 1년,,(주) 삼지에프 에스,200004613257692,20250409,20250411
시리얼,시리얼,김미바삭시리얼,기타가공품,9개월(실온 보관),,(주)제이엔제이푸드,201504430301137,20230809,20231107
닭고기,닭고기,김민교의 사와디밥 닭고기바질볶음밥,즉석조리식품,"냉동, 12개월",,(주)시아스,200504150203348,20190515,20191129
마요네즈,마요네즈,김밥속마요네즈참치,조림류,3개월,,주식회사 일미농수산,19980257052266,20120817,20160706
즉석밥,즉석밥,김병장전투식량야채즉석밥,즉석조리식품,12개월,,주)한계령식품,2002046716051,20120530,20160706
계란,계란,김석원 낫또 계란간장,청국장,제조일로부터 21일까지,,농업회사법인(주)참좋은콩,2016044315652,20250512,20250603
한돈,한돈,김선영의 한돈 오징어 불고기,식육함유가공품,제조일로부터 12개월,,(주)온쿡농업회사법인,202005040245,20210727,20240117
참외,참외,김순남참외씨기름,기타식물성유지,9개월,,공주김순남할머니장아찌,2001045830220,20170313,20170316
초장,초장,김실장 회초장,혼합장,제조일부터 1년 6개월,,삼오종합식품주식회사,19990563033134,20180628,20191105
미나리,미나리,김오곤원장의산미나리바질씨앗티백,침출차,제조일로부터  2년,제조일로부터  2년,(주)아람에프엔에이치,20160332023105,20190516,20250815
콩나물,콩나물,김은희김치콩나물국,즉석조리식품,,해당없음.,농업회사법인 주식회사 원스팜,202105620149,20210219,20210220
조기,조기,김정배 조기젓,젓갈,제조일로부터 1년,해당없음.,굴다리영어조합법인,20140461111104,20241111,20241113
초장,초장,김지순초장,소스,제조일로부터 1년까지,,금성수산,200605121603,20100721,20190927
음료,음료,김천자두 음료베이스,당절임,제조일로부터 1년까지,,농업회사법인 주식회사 지엔에프앤비 2공장,20150569083109,20221027,20221028
콩나물,콩나물,김치 콩나물 밥,즉석조리식품,제조일로부터 12개월,,(주)약석원농업회사법인,20180214195101,20240926,20240928
콩나물,콩나물,김치 콩나물 솥밥,즉석조리식품,제조일로부터 3일,,도리깨침,20200280142307,20220822,20220826
계란,계란,김치계란찜소스,소스,제조일로부터 6개월까지,,주식회사 바로에프에스,20150149277514,20241220,20241221
한돈,한돈,김치듬뿍 한돈제육볶음,즉석조리식품,제조일로 부터 12개월(냉동),제조일로부터  -18℃ 냉동  12개월,홀썸농업회사법인주식회사,202407532551,20241031,20250416
콩나물,콩나물,김치맛콩나물분말EX,복합조미식품,"제조일부터 365일(12개월,1년)",,(주)아이작,19970445123750,20190626,20230916
봄동,봄동,김치보감 봄동 겉절이,김치,제조일로부터 28일,,농업회사법인 주식회사 보감 남원지점,19960492181247,20230208,20240117
봄동,봄동,김치보감 봄동겉절이,김치,제조일로부터 60일,,농업회사법인 주식회사 보감 남원지점,19960492181272,20231101,20240117
계란,계란,김치볶음밥&계란말이,즉석조리식품,제조일로부터 1년(냉동보관),,(주)맛과벗,20170362092318,20220427,20260212
닭다리,닭다리,김치볶음밥&닭다리살 데리야끼 도시락,즉석조리식품,제조일로부터 12개월(냉동),,주식회사 나비야,20190378122473,20230629,20230712
계란,계란,김치볶음밥&소시지&계란후라이,즉석조리식품,제조일로부터 냉동보관(-18℃이하) 6개월,,주식회사 가람식품,2020015600662,20210504,20211030
계란,계란,김치볶음밥과계란후라이,즉석조리식품,제조일로부터 12개월까지,,(주)푸드인모닝스타,20220493563225,20241203,20241207
음료,음료,김치생유산균(유산균고체음료 Lactobacillus solid drink),기타가공품,제조일로부터 24개월까지,,(주)바이오리듬,2011041501111,20151130,20220108
계란,계란,김치제육볶음&계란볶음밥,즉석조리식품,제조일로부터 9개월,,(주)현대그린푸드 스마트푸드센터,201902803271781,20210111,20210702
계란,계란,김치제육완두콩계란덮밥,즉석섭취식품,제조시간으로부터 60시간,,(주)우리델리카,20150443298937,20250521,20260430
즉석밥,즉석밥,김포금쌀즉석밥,즉석조리식품,제조일로부터 9개월까지,,주식회사 시아스 음성공장,20010445170313,20200713,20200715
한돈,한돈,김하진의 한돈 오징어 불고기,식육함유가공품,제조일로부터 12개월,,(주)온쿡농업회사법인,202005040247,20210826,20240117
한돈,한돈,김호윤셰프의 프리미엄 한우한돈 함박스테이크,식육함유가공품,제조일로부터 12개월,,크레팜(주),2015020834440,20260306,20260417
조기,조기,깊은 맛 차조기 소금,가공소금,,제조일로부터 2년,달콩,2020046937511,20210110,20210113
상추,상추,깊은밤 기쁜밤 흑하랑 상추환,기타가공품,제조일로부터 24개월,,(주)남도농산,20140522036113,20230424,20230428
한돈,한돈,까칠한박여사의 한돈 고추장볶음,소스,제조일로부터 12개월,제조일로부터 12개월,마스터아이디,2020018966661,20231107,20231222
음료,음료,깐깐한농부 쁠랭 바질토마토음료,과.채주스,제조일로부터 12개월,,사천시 농산물종합가공센터,2018059811212,20251111,20251122
요구르트,요구르트,깐부 요구르트 ( 전량수출용 12%),기타 주류,해당없음,,고려원 주식회사 농업회사법인,20200016222345,20260325,20260325
목살,목살,깐풍목살덮밥,즉석조리식품,제조일로부터 냉동 9개월,,다원푸드서비스(주) 쉐프랑,20210424050990,20250212,20250213
부침가루,부침가루,깔끔하게 한팩씩 부침가루,곡류가공품,제조일로부터 12개월까지,,(주)엄마사랑,20020415029827,20170110,20170206
튀김가루,튀김가루,깔끔하게 한팩씩 튀김가루,곡류가공품,제조일로부터 12개월 까지,,(주)엄마사랑,20020415029826,20170110,20170225
음료,음료,깔라만시음료용베이스,복합조미식품,제조일로부터 12개월,,(주)삼진푸드,199104430291636,20180604,20180626
초장,초장,깜장수레 과일이 들어간초장,소스,1년,,(주)그린소담,20120360208219,20250828,20250904
튀김가루,튀김가루,깡왕새우전용 튀김가루,곡류가공품,제조일로부터 1년,제조일로부터 1년,(주)삼양사 아산공장,199404611511119,20190528,20201023
시리얼,시리얼,깨방정 현미시리얼,곡류가공품,1년,,(주)우포라이스텍,2003061807495,20190419,20220603
닭고기,닭고기,깻잎 양념 닭고기 덮밥소스,즉석조리식품,제조일로부터 12개월,,주식회사 서림원,2021037915729,20240806,20241022
계란,계란,깻잎 크래미 계란말이,즉석조리식품,제조일로부터 5일,,도리깨침,20200280142913,20251121,20251125
숙주,숙주,"깻잎순,숙주나물,방풍 다진야채큐브",과.채가공품,제조일로부터 12개월,,쿡베이스,202002308871925,20260107,20260122
초장,초장,껍데기초장,소스,제조일로부터 6개월,,아빠손대가식품,201101582203,20110516,20190601
계란,계란,꼬꼬계란채소필라프,즉석조리식품,제조일로부터 8일,,주식회사 지니온,20240320157377,20240725,20260331
튀김가루,튀김가루,꼬꼬댁튀김가루,곡류가공품,제조일부터 12개월 (실온보관),,(주)동원홈푸드,2002046107314980,20240708,20240711
닭고기,닭고기,꼬끼오닭고기토마토스튜&조각피자,간편조리세트,제조일로부터 12개월,,솜씨협동조합,20180348238476,20240927,20241001
계란,계란,꼬들 오이 참치계란김밥,즉석섭취식품,제조일로부터 72시간,,농업회사법인주식회사해미래,20120548569517,20260623,20260624
미역줄기,미역줄기,꼬들미역줄기볶음,조림류,제조일로부터 1년까지,-,(주)녹선,200103770922051,20250310,20250327
마요네즈,마요네즈,꼬마마요네즈,소스,8개월,,신동원식품,199803200573,19990607,20160706
조기,조기,꼬마참조기,조미건어포,1년,,(주)도건,1992060722414,19991013,20180228
목살,목살,꼬목살 고추채소스,소스,제조일로부터 6개월,,참조은푸드앤미트,20190149600141,20260513,20260514
목살,목살,꼬목살 더덕소스,소스,제조일로부터 6개월,,참조은푸드앤미트,20190149600142,20260513,20260514
목살,목살,꼬목살 무생채소스,소스,제조일로부터 6개월,,참조은푸드앤미트,20190149600143,20260513,20260514
마요네즈,마요네즈,꼬치마요마요네즈베이스,소스,제조일로부터 6개월,제조일로부터 6개월,주식회사 다함푸드,2017020254858,20230217,20230222
목살,목살,꼬치마요이베리코목살양념,소스,제조일로부터 6개월,제조일로부터 6개월,주식회사 다함푸드,2017020254854,20230217,20230222
계란,계란,꽁꽁 새우계란죽,즉석조리식품,냉동에서 제조일로부터 12개월,,다림식품,2005031113545,20240306,20240312
계란,계란,꽃떡국-계란꽃모양,떡류,7일,,동심주)농업회사법인,20170464302300,20240213,20250403
올리고당,올리고당,꽃마글로벌팜 꽃액즙 프락토올리고당,올리고당,24개월,,(주)진푸드,20200382755539,20260211,20260225
올리고당,올리고당,꽃마글로벌팜 캄보디아 꽃액즙 프락토올리고당,올리고당,24개월,,(주)진푸드,20200382755338,20231215,20260201
상추,상추,꽃상추믹스,신선편의식품,제조일로부터 5일,,(주)농업회사법인 신금,202504982726,20251229,20260401
닭고기,닭고기,꽈리고추매콤닭고기구이,즉석조리식품,제조일로부터 6일,,라임에프앤비(주),20210222240610,20241216,20241217
상추,상추,꾸이 상추겉절이,소스,제조일로부터 9개월,제조일로부터 9개월,주식회사세명에프엔에프,20100154489348,20200729,20201225
계란,계란,꾹쿡 듬뿍계란 랩샌드위치 2입,즉석섭취식품,제조시간으로부터 120시간,,주식회사 온랩,2026053401825,20260414,20260423
계란,계란,꾹쿡 듬뿍계란 아삭샌드위치 2입,즉석섭취식품,제조시간으로부터 96시간,,주식회사 온랩,2026053401826,20260414,20260415
음료,음료,꿀알로에음료,음료베이스,제조일로부터실온 24개월,-,녹차원 주식회사,20130372378116,20170331,20170403
올리고당,올리고당,꿀올리고당,액상차,제조일로부터 24 개월,24개월,(주)다정,19990372301491,20181002,20181003
음료,음료,꿈엔들유기농귀리음료,혼합음료,제조일로부터 12개월,,농업회사법인(주)꿈엔들잊힐리야,2009049203050,20251117,20251126
상추,상추,꿈한포 흑하랑상추스틱,액상차,제조일로부터 24개월,,파밋,2012060807534,20251126,20251205
계란,계란,끓는 물만 부으면 완성! 국내산 계란으로 만든 90초 담백계란국 역시 배민이지,즉석조리식품,제조일로부터 12개월,,동림푸드(주),19910386025570,20200708,20230610
계란,계란,끝돈계란찜용분말,복합조미식품,제조일로부터 1년,,호파랑식품,2010016071259,20220326,20220327
탄산,탄산,나노탄산칼슘,탄산칼슘,제조일로부터2년(24개월),,주식회사 나온스,202406582856,20260406,20260407
음료,음료,나들 쌀발효음료,기타발효음료,제조일로부터 7일,,완주로컬가공먹거리생산자협동조합,20160494081204,20200129,20240117
삼겹살,삼겹살,나래다움 묵은지삼겹살볶음밥,즉석조리식품,제조일로부터 12개월,,주식회사 엄지식품,20150493208540,20200330,20240117
계란,계란,나로계란장조림,조림류,7일,7일,(주)나로식품,2024051021346,20240920,20241005
미나리,미나리,나로미나리무침,조림류,5일,5일,(주)나로식품,2024051021350,20240920,20241004
미역줄기,미역줄기,나로미역줄기볶음,조림류,7일,7일,(주)나로식품,2024051021336,20240920,20241005
숙주,숙주,나로숙주나물무침,조림류,7일,7일,(주)나로식품,2024051021334,20240920,20241008
초장,초장,나물에초장,혼합장,제조일로부터 상온보관 1년,,영농조합법인 승화식품,2007037234813,20090915,20160706
상추,상추,나비꽃잠 흑하랑 발효상추차(구절초꽃),침출차,,24개월,함평성점숙꽃차,2013052605064,20231219,20240416
상추,상추,나비꽃잠 흑하랑 발효상추차(국화꽃),침출차,,24개월,함평성점숙꽃차,2013052605066,20231219,20240416
상추,상추,나비꽃잠 흑하랑 발효상추차(매리골드),침출차,,24개월,함평성점숙꽃차,2013052605065,20231219,20240416
조기,조기,나비참조기살,기타 수산물가공품,제조일로부터 24개월,,(주)에스아이홀푸드,2019014426838,20190613,20190614
조기,조기,나비참조기순살,기타 수산물가공품,제조일로부터 12개월까지,,(주)이정푸드,2014012820246,20160523,20171214
조기,조기,나비참조기순살,기타 수산물가공품,12개월,,선영수산,199601443024,20180228,20180303
계란,계란,나사장네 계란찜파우더,복합조미식품,제조일로부터 12개월,,주식회사 스파이시코리아,202404172739,20240708,20240709
닭고기,닭고기,나시고랭(닭고기),즉석섭취식품,제조일로부터 4일,제조일로부터 4일,에프앤지 씨케이 센터,20240214802167,20260505,20260508
닭고기,닭고기,나시고랭(닭고기),즉석섭취식품,제조일로부터 4일,제조일로부터 4일,에프앤지 씨케이 센터,2024021480286,20250826,20260204
숙주,숙주,나시고랭숙주귀리밥,곡류가공품,냉장 3일,,(주)이에스그린푸드,20170443338375,20210326,20210327
케첩,케첩,나우스파이스케첩소스,소스,제조일로부터 12개월까지,,(주)에프앤에스식품,202103521782035,20260206,20260213
목살,목살,나인로드 목살소스,소스,1년,,뽄떼,2010017452734,20140818,20160706
미나리,미나리,나주이가 배미나리,과.채주스,제조일로부터 12개월까지,,좋은영농조합법인,20060512128267,20190528,20190529
부침가루,부침가루,나트륨을 줄인 부침가루,곡류가공품,제조일로부터 1년,,대한제분(주),19830190020679,20181113,20181116
삼겹살,삼겹살,나혼자 먹는 고추장 삼겹살,식육함유가공품,제조일부터 12개월,,(주)케이지에프앤비,20190442312174,20221020,20221126
미나리,미나리,낙낙희 미나리 누룽지 초콜릿,초콜릿가공품,제조일로부터 12개월,,농업회사법인(주)장원에프엔씨,201804821704,20220203,20240117
계란,계란,낙지곤약볶음밥&계란프라이,즉석조리식품,제조일로부터 냉동(-18℃이하) 9개월,해당없음,(주)사랑과정성,20100368370121,20201119,20201120
미나리,미나리,낙지미나리숙회,즉석섭취식품,제조일로부터 4일,,㈜슈퍼메이커즈 제2센트럴키친,20220397234532,20250703,20250704
계란,계란,낙지볶음밥과계란후라이,즉석조리식품,제조일로부터 12개월까지,,(주)푸드인모닝스타,20220493563226,20241203,20241207
삼겹살,삼겹살,낙지삼겹살볶음,기타가공품,제조일로부터 10개월까지,,링컨푸드(주),2008031160850,20110126,20160706
계란,계란,"난유(난황유 ,계란기름)",기타 식용유지가공품,제조일로부터 2년,제조일로부터 2년,삼흥에그홈,202405800421,20240220,20240221
계란,계란,난황유(계란기름),기타동물성유지,제조일로부터 1년,,주식회사 고센바이오텍,202103500239,20220929,20220930
계란,계란,난황유(계란기름),기타동물성유지,제조일로부터 1년,,(주)고센바이오텍,2000033201845,20180905,20180907
계란,계란,날치알&맛살계란말이,즉석조리식품,제조일로부터 7일,,라임에프앤비(주),20210222240454,20221212,20240201
계란,계란,날치알계란말이,즉석조리식품,제조일로부터 7일,,주식회사케이제이푸드(KJ Food),20210424124610,20231201,20231202
계란,계란,날치알계란찜세트,암환자용 식단형 식품,제조일로부터 4일,,(주)드림찬,20220495373123,20260616,20260617
계란,계란,날치알명란계란말이,즉석섭취식품,제조시간으로부터 72시간,,(주)우리델리카,20150443298694,20230807,20260602
계란,계란,날치알명란계란말이,즉석섭취식품,제조시간으로부터 72시간,-,(주)한국데리카후레쉬,201203583881003,20260203,20260606
계란,계란,날치알명란계란말이,즉석섭취식품,제조시간으로부터 72시간,,(주)제이비프레시,20200620210593,20260211,20260212
미나리,미나리,남도 양길수 미나리청,액상차,24개월,,남도 양길수 발효식품,201905320988,20210607,20210608
봄동,봄동,남도봄동겉절이김치,김치,제조일로부터 28일,,한국농협김치조합공동사업법인 전남지사,19930509247165,20060117,20210126
목살,목살,남방참다랑어 목살,기타 수산물가공품,-50도이하 냉동 보관시 제조일로부터 24개월까지,-50도이하 냉동 보관시 제조일로부터 24개월까지,(주)유왕,2004014451937,20151202,20180222
닭고기,닭고기,남양 아이꼬야 맘스쿠킹 닭고기시금치카레아기밥,영.유아용 이유식,제조일로부터 366일,,건강한사람들 주식회사,201904773391014,20240307,20250910
한돈,한돈,남양주 한돈잡채,즉석조리식품,제조일로부터12개월,,주식회사 레호보트,20190299116109,20240613,20240615
탄산,탄산,남쪽에서 뜨는 달 막걸리 : 바질탄산,탁주,제조일로부터 45일,해당없음,약사샘 양조장,202500120442,20251020,20251020
탄산,탄산,남쪽에서 뜨는 달 막걸리 : 핑크박하탄산,탁주,제조일로부터 45일,해당없음,약사샘 양조장,202500120443,20251020,20251020
삼겹살,삼겹살,남천동 쭈꾸미삼겹살볶음(냉동),간편조리세트,제조일로부터 2년,,큰바다2,2024036253910,20251121,20251127
목살,목살,남포목살시즈닝,복합조미식품,1년,,남포식품,202609351166,20260413,20260505
원당,원당,내린천원당두부,두부,제조일로부터 30일,제조일로부터 30일,기린원당농협두부조합공동사업법인,2019042006617,20190926,20240125
원당,원당,내린천원당두부 부침찌개겸용,두부,제조일로부터 30일,제조일로부터 30일,기린원당농협두부조합공동사업법인,2019042006649,20220321,20240713
원당,원당,내린천원당두부(부침용),두부,제조일로부터 30일,제조일로부터 30일,기린원당농협두부조합공동사업법인,2019042006614,20190902,20240125
원당,원당,내린천원당두부(찌개용),두부,제조일로부터 30일,제조일로부터 30일,기린원당농협두부조합공동사업법인,201904200666,20190718,20240117
원당,원당,내린천원당순두부,두부,제조일로부터 27일,제조일로부터 27일,기린원당농협두부조합공동사업법인,2019042006616,20190926,20240118
원당,원당,내린천원당연두부,두부,제조일로부터 27일,제조일로부터 27일,기린원당농협두부조합공동사업법인,2019042006615,20190830,20241205
원당,원당,내린천원당콩국물,두류가공품,제조일로부터 30일,,기린원당농협두부조합공동사업법인,2019042006633,20200330,20260214
원당,원당,내린천원당콩국물,두류가공품,제조일로부터 30일,,기린원당조공법인 두류가공품사업소,202506271452,20251016,20251021
원당,원당,내린천원당콩비지,두류가공품,제조일로부터 30일,,기린원당농협두부조합공동사업법인,2019042006613,20191223,20260214
원당,원당,내린천원당콩비지,두류가공품,제조일로부터 30일,,기린원당조공법인 두류가공품사업소,202506271451,20251016,20251021
음료,음료,내몸에 블루레몬 이온음료,기타가공품,제조일로부터 30개월까지,-,주식회사고려인삼제품공사,19980449023257,20251029,20251107
음료,음료,내몸에 스테비아 이온음료,고형차,제조일로부터 30개월,-,주식회사고려인삼제품공사,19980449023235,20250117,20250123
음료,음료,내몸에 이온음료,고형차,제조일로부터 30개월,,주식회사고려인삼제품공사,19980449023169,20210315,20210410
닭다리,닭다리,내슈빌통닭다리치킨버거,즉석섭취식품,제조시로부터 96시간,,(주)델리캡,20180348070779,20260425,20260428
닭다리,닭다리,내슈빌통닭다리치킨버거,즉석섭취식품,제조시간으로부터 96시간까지,,(주)후레쉬퍼스트,20180212258765,20260427,20260429
닭다리,닭다리,내슈빌통닭다리치킨버거,즉석섭취식품,제조시간으로부터 96시간,,(주)우리델리카,20150443298889,20250507,20260505
미역줄기,미역줄기,내안에자연 정성가득 엄마손맛 미역줄기장아찌,절임식품,제조일로부터 6개월,제조일로부터 6개월,농업회사법인 주식회사 내안에 자연,2019052100347,20250404,20250405
참외,참외,내외 참외향 21867,향료,,해당없음,주식회사 목경,20100263920850,20260326,20260411
요구르트,요구르트,내이에캔디XYLITOL[요구르트맛],캔디류,제조일로부터 24개월,,유창성업(주),1991020505649,20230726,20230810
쌀,쌀,내촌찹쌀생막걸리,탁주,제조일로부터 30일,,내촌주조㈜,201300150794,20221201,20230412
조기,조기,냉동 백조기,기타 수산물가공품,제조일로부터 2년까지,,양한물산 영어조합법인,2019047521130,20201103,20201114
조기,조기,냉동 백조기,기타 수산물가공품,제조일로부터 2년,,(주)경남무역,2015060612663,20250317,20250320
조기,조기,냉동 조기,기타 수산물가공품,제조일로부터 24개월까지,생략,주식회사 다복,2020052713225,20250804,20250809
참외,참외,냉동 참외,과.채가공품,냉동 36개월,,참샘영농조합법인,2018057308650,20220304,20220308
조기,조기,냉동 참조기,기타 수산물가공품,제조일로 부터 24개월 까지,,에코수산,202508934402,20251001,20251002
조기,조기,냉동 참조기,기타 수산물가공품,제조일로 부터 24개월 까지,,청아푸드,202508934411,20251001,20251002
조기,조기,냉동 참조기,기타 수산물가공품,제조일로 부터 24개월 까지,,바다수산,202508934421,20251001,20251002
청경채,청경채,냉동 청경채,과.채가공품,제조일로부터 12개월,,이유시작,2024052314442,20250617,20250619
참외,참외,냉동가당참외,과.채가공품,제조일로부터 36개월,해당없음.,농업회사법인 주식회사 네이처팜 제2공장,202308240209,20230804,20230805
미나리,미나리,냉동미나리,과.채가공품,제조일로부터 24개월까지,,농업회사법인 주식회사 한성그린팩토리,20170445081119,20260224,20260226
냉동밥,냉동밥,냉동밥,즉석조리식품,제조일로부터 12개월,,(주)가온에프에스,20110528067931,20240522,20240524
냉동밥,냉동밥,냉동밥,즉석조리식품,제조일로부터 6개월,,아람찬,20220188406253,20230419,20230421
냉동밥,냉동밥,냉동밥,즉석조리식품,24개월,,이강바이오컴퍼니 주식회사,202305179383,20250616,20260201
냉동밥,냉동밥,냉동밥,곡류가공품,냉동 9개월,,(주)이에스그린푸드,20170443338616,20240125,20240127
냉동밥,냉동밥,냉동밥,즉석섭취식품,제조시부터 96시간,,(주)대정,20190545009800,20250115,20250118
냉동밥,냉동밥,냉동밥,즉석조리식품,냉동 12개월,,(주)이에스그린푸드,20170443338640,20240128,20240130
냉동밥,냉동밥,냉동밥 감칠맛소스U,소스,제조일부터 6개월,,서울향료(주)진천공장,201804502621868,20250226,20250227
냉동밥,냉동밥,냉동밥 굴베이스 소스,소스,제조일로부터 6개월까지,,대상푸드플러스주식회사,198804490042388,20210128,20210129
냉동밥,냉동밥,냉동밥 닭갈비주먹밥소스,소스,제조일로부터 6개월까지,,대상푸드플러스주식회사,198804490042516,20211215,20220504
냉동밥,냉동밥,냉동밥 매콤고추장소스,소스,제조일로부터 6개월까지,,대상푸드플러스주식회사,198804490042469,20210713,20210714
냉동밥,냉동밥,냉동밥 사골베이스 소스,소스,제조일로부터 6개월까지,,대상푸드플러스주식회사,198804490042420,20210408,20210413
냉동밥,냉동밥,냉동밥 중화베이스 소스,소스,제조일로부터 6개월까지,,대상푸드플러스주식회사,198804490042418,20210408,20221026
냉동밥,냉동밥,냉동밥감칠맛소스-1,소스,제조일부터 8개월,,서울향료(주)진천공장,201804502621544,20231229,20240104
냉동밥,냉동밥,냉동밥소스CJ,소스,냉장3개월,,(주)다미푸드텍,200204451301647,20200303,20260211
냉동밥,냉동밥,냉동밥조미액,소스,3월(냉장),,(주)다미푸드텍,20020445130961,20111216,20260211
냉동밥,냉동밥,냉동밥조미액,소스,제조일로부터 6개월,,주식회사 함께하면좋은사람들,2024075143525,20250213,20250218
냉동밥,냉동밥,냉동밥조미액 CJ,소스,냉장3개월,,(주)다미푸드텍,200204451301532,20181121,20181122
냉동밥,냉동밥,냉동밥조미액-1,소스,냉장3개월,,(주)다미푸드텍,200204451301335,20160801,20180309
냉동밥,냉동밥,냉동밥조미액-NM,소스,냉장3개월,,(주)다미푸드텍,200204451301528,20201020,20240604
조기,조기,냉동수산물(조기),기타 수산물가공품,제조일로12개월,,제이원푸드,201904911527,20191203,20240117
조기,조기,냉동수산물(조기),기타 수산물가공품,제조일로부터 12개월,12개월,지평선씨푸드,2001049313855,20220817,20240117
조기,조기,냉동수산물(조기살),기타 수산물가공품,제조일로12개월,,제이원푸드,2019049115250,20191204,20240117
조기,조기,냉동수산물(조기살),기타 수산물가공품,제조일로부터 12개월,12개월,지평선씨푸드,2001049313856,20220817,20240117
조기,조기,냉동순살조기,기타 수산물가공품,2년까지,,(주)해보씨푸드,2012060428832,20140923,20180524
미나리,미나리,냉동압착돌미나리,기타 농산가공품,제조일로부터 24개월(-18℃이하 냉동보관),,(주)풀무원헬스케어,20090442040224,20250114,20250116
즉석밥,즉석밥,냉동즉석밥,즉석조리식품,"냉동,12개월",,(주)시아스,200504150204264,20210812,20210814
참외,참외,냉동참외,과.채가공품,제조일로부터 36개월,,농업회사법인(주)아라프룻,201603723857,20170405,20170409
참외,참외,냉동참외,과.채가공품,제조일로부터 36개월,,농업회사법인(주)아라프룻,201603723858,20170523,20170526
참외,참외,냉동참외,과.채가공품,제조일로부터 36개월,,농업회사법인(주)아라프룻,201603723851,20160823,20160823
청경채,청경채,냉동청경채(쵸핑),과.채가공품,제조일로부터18개월,,농업회사법인(주) 진영농산,2015044907252,20210910,20210914
청경채,청경채,냉동청경채1나박,과.채가공품,24개월,,(주)씨밀레에프에스,2016034506487,20250526,20251128
계란,계란,냠냠 계란밥 간장소스,소스,제조일로부터 12개월까지,,주식회사 바로에프에스,20150149277305,20220603,20240621
계란,계란,냥이계란빵 반죽,빵류,냉동6개월,,(주)씨에이치푸드,2021020295827,20221122,20221124
계란,계란,네꼬밥 닭가슴살 간장계란 곤약볶음밥,즉석조리식품,제조일로부터 12개월까지,,농업회사법인 주식회사 한우물,200804930741132,20220526,20240117
케첩,케첩,네네토마토케첩,토마토케첩,12개월,,(주)시아스,200504150201526,20130327,20160706
부침가루,부침가루,네니아 우리밀 우리쌀 부침가루,곡류가공품,제조일로부터 12개월,제조일로부터 12개월,농업회사법인(주)우리농촌살리기공동네트워크,2014049311316,20151224,20240117
부침가루,부침가루,네니아 우리밀 우리쌀 부침가루,곡류가공품,제조일로부터 1년(365일),제조일로부터 1년(365일),구례밀영농조합법인,1998051707464,20181119,20201225
부침가루,부침가루,네니아 우리밀 우리쌀로 만든 노릇노릇 부침가루,곡류가공품,제조일로부터 1년(365일),제조일로부터1년(365일),구례밀영농조합법인,1998051707466,20190102,20201225
케첩,케첩,네니아 토마토를 가득 담은 진케첩,토마토케첩,제조일로부터 12개월까지,,래미에프앤비,2019050007152,20191205,20251119
즉석밥,즉석밥,네이처엠즉석밥,즉석조리식품,제조일로부터 9개월까지,,주식회사 시아스 음성공장,20010445170292,20200225,20200304
상추,상추,네이처줄기상추장아찌,절임식품,제조일로부터 12개월,,생그린식품,202304314931,20230813,20230815
상추,상추,네이쳐줄기상추,절임식품,1년,,프르미농산물유통농업회사법인주식회사,202103877917,20211123,20211124
닭고기,닭고기,노 미트(닭고기 대체육),즉석조리식품,제조일로부터 1년,실온 1년,(주)베지푸드,20020332788157,20200208,20200214
참외,참외,노각참외냉국,즉석섭취식품,제조일로부터 4일,,㈜슈퍼메이커즈 제2센트럴키친,20220397234638,20260604,20260605
참외,참외,노랑참외장아찌,절임식품,포장일로 부터 1년,,원조김점례할머니고추장,1991049902747,20220629,20240117
부침가루,부침가루,노릇노릇 맛있는 부침가루,곡류가공품,제조일로부터 12개월까지,,주식회사 제이푸드서비스,2011036006319,20120803,20250516
계란,계란,노브랜드 간편사골계란국,즉석조리식품,제조일로부터 12개월,,상미식품주식회사,199104490041059,20240405,20240716
케첩,케첩,노브스갈라 저당 당근 케첩,소스,제조일로부터 12개월,,농업회사법인 데이웰(주),20140496065352,20250417,20250517
케첩,케첩,노브스갈라 저당 토마토 케첩,토마토케첩,제조일로부터 12개월,,래미에프앤비,20190500071367,20250428,20250517
봄동,봄동,노스팜 봄동겉절이,김치,제조일로부터 28일,제조일로부터 28일,농업회사법인 문스팜 주식회사,2020051629687,20250114,20250115
미역줄기,미역줄기,노키친 미역줄기볶음,조림류,제조일로부터 30일,,농업회사법인(주)승화푸드,200700565442112,20230104,20230106
시리얼,시리얼,노티드 시리얼 파우더,기타가공품,제조일로부터 18개월,,(주)베오베,20170347016344,20260615,20260617
계란,계란,노포식당 계란파듬뿍 사골쌀국수,건면,제조일로부터 18개월,-,(주)라라에프엔비,20230517206142,20240710,20260201
계란,계란,노포식당 계란파듬뿍 잔치쌀국수,건면,제조일로부터 18개월,-,(주)라라에프엔비,20230517206141,20240710,20260201
계란,계란,노포식당 계란파듬뿍 파개장쌀국수,건면,제조일로부터 18개월,-,(주)라라에프엔비,20230517206143,20241209,20260201
닭다리,닭다리,녹두닭다리백숙,즉석조리식품,제조일로부터 7일,,㈜슈퍼메이커즈 제2센트럴키친,20220397234408,20240717,20251202
계란,계란,녹미시금치계란찜,영.유아용 이유식,제조일로부터 25일,해당없음,(주)푸드케어 2공장,20220396175995,20250408,20260321
물엿,물엿,녹차물엿,물엿,2년,,한강식품,1992035502291,20040708,20160706
아이스크림,아이스크림,녹차아이스크림믹스,당류가공품,제조일부터 12개월 (실온보관),,(주)동원홈푸드,200204610736936,20150508,20161212
아이스크림,아이스크림,녹차아이스크림파우더,당류가공품,2년,,한국프레나,2006033212323,20130923,20160706
시리얼,시리얼,녹차현미단백질시리얼,곡류가공품,제조일로부터 12개월까지,,마음푸드,20150188404148,20260128,20260520
시리얼,시리얼,녹차현미시리얼,곡류가공품,제조일로부터 12개월까지,,마음푸드,20150188404115,20250410,20250412
미나리,미나리,농부 김연실의 미나리분말,과.채가공품,제조일로부터 24개월,-,달성군농산물가공영농조합법인,2019018913979,20251025,20251108
미나리,미나리,농부 김연실의 미나리즙,액상차,제조일로부터 12개월까지,-,달성군농산물가공영농조합법인,2019018913984,20260316,20260319
미나리,미나리,농부 김연실의 미나리차,침출차,제조일로부터 2년,-,달성군농산물가공영농조합법인,2019018913981,20251226,20251231
미나리,미나리,농부 김연실의 미나리후레이크,과.채가공품,제조일로부터 24개월,-,달성군농산물가공영농조합법인,2019018913980,20251201,20251203
미나리,미나리,농부 이영환의 동결건조 미나리녹즙분말,과.채가공품,제조일로부터 24개월까지,-,달성군농산물가공영농조합법인,2019018913943,20220524,20220602
미나리,미나리,농부 이영환의 미나리분말,과.채가공품,제조일로부터 24개월까지,-,달성군농산물가공영농조합법인,201901891396,20190815,20190817
미나리,미나리,농부 이영환의 미나리즙,액상차,제조일로부터 12개월,-,달성군농산물가공영농조합법인,2019018913962,20240619,20240620
미나리,미나리,농부 이영환의 미나리차,침출차,제조일로부터 24개월,-,달성군농산물가공영농조합법인,2019018913920,20200617,20200618
요구르트,요구르트,농축요구르트믹스,당류가공품,제조일로부터 12개월까지,,대영에프앤에스(주),19940306085239,20131121,20240524
계란,계란,농협 계란찜요리사,조미액젓,409일,,(주)서해글로벌,2012035547057,20220503,20260109
시리얼,시리얼,농협 저당 쌀시리얼,시리얼류,12개월,별첨,(주)씨알푸드,20080435169285,20251223,20260425
계란,계란,농협 참기름간장계란볶음밥,즉석조리식품,제조일로부터 12개월까지,,농업회사법인 주식회사 한우물,200804930741547,20250318,20250405
탄산,탄산,농협 탄산수,탄산수,제조일로부터 24개월,,대경사과원예농협음료가공공장,19920562023420,20190304,20230701
닭다리,닭다리,누룽지닭다리백숙,즉석조리식품,제조일로부터 7일,,㈜슈퍼메이커즈 제2센트럴키친,20220397234409,20240717,20251202
계란,계란,눈꽃치즈계란말이,즉석조리식품,제조일로부터 7일,,㈜슈퍼메이커즈 제2센트럴키친,20220397234484,20250217,20250219
목살,목살,눈다랑어 목살,기타 수산물가공품,제조일로부터 24개월,제조일로부터 24개월,(주)정필,2020061213014,20201007,20201009
목살,목살,눈다랑어목살,기타 수산물가공품,24개월,,(주)유왕,2004014451928,20141107,20180222
계란,계란,뉴계란샐러드G,즉석섭취식품,제조일로부터 30일까지,,(주)엠디에스코리아 1공장,20070355264618,20240618,20240626
상추,상추,뉴욕버거 양상추,신선편의식품,제조시부터10일,해당없음,행복한200프로주식회사,20220777039158,20250527,20250528
숙주,숙주,느린마을우삼겹숙주볶음용양념,소스,제조일부터 5개월 (냉장보관),,(주)동원홈푸드,200204610737780,20160527,20190130
시리얼,시리얼,느으림 귀리시리얼,곡류가공품,제조일로 부터 12개월,생략,주식회사 지크,2024032061212,20240702,20240806
시리얼,시리얼,느으림 찹쌀시리얼,곡류가공품,제조일로 부터 12개월,생략,주식회사 지크,2024032061214,20240702,20240806
시리얼,시리얼,느으림 현미시리얼,곡류가공품,제조일로 부터 12개월,생략,주식회사 지크,2024032061213,20240702,20240806
시리얼,시리얼,느으림 흑미시리얼,곡류가공품,제조일로 부터 12개월,생략,주식회사 지크,2024032061211,20240702,20240806
닭고기,닭고기,느타리닭고기로메인비트죽,영.유아용 이유식,제조일로부터 12일,,주식회사 지니온,20240320157463,20240828,20240830
닭고기,닭고기,느타리닭고기로메인죽,영.유아용 이유식,제조일로부터 12일,,주식회사 지니온,20240320157164,20240501,20250501
닭고기,닭고기,느타리닭고기케일죽,영.유아용 이유식,제조일로부터 12일,,주식회사 지니온,20240320157613,20250205,20250211
달걀,달걀,느타리버섯달걀탕,즉석조리식품,제조일로부터 8일까지,,(주)에코맘의 산골이유식,20200614037291,20200420,20221006
청경채,청경채,느타리청경채밥,영.유아용 이유식,제조일로부터 25일,해당없음,(주)푸드케어 2공장,20220396175561,20220421,20240224
초장,초장,늘보리 밴댕이 초장 소스,소스,3개월,,마켓찬거리 주식회사,2016009168312,20180829,20180830
미나리,미나리,늘해찬 볶은 산미나리차 티백,침출차,제조일로부터 24개월,,늘해찬,2023080310352,20250425,20250710
미나리,미나리,늘해찬 볶은 산미나리차 티백,침출차,제조일로부터 2년,,농업회사법인대본주식회사,2018056444287,20210901,20210904
미나리,미나리,능동 미나리 석박지,김치,제조일로부터 360일,,(주)글로벌푸드,2019037835970,20230208,20230325
미나리,미나리,능동미나리 한우육수소스,소스,제조일로부터 12개월,,(주)찬들푸드,20210301832184,20230314,20230315
초장,초장,다농순창매실맛초장,혼합장,제조일로부터 1년6개월,,(주)기픈샘,1998049902822,20040605,20240117
탄산,탄산,다른하루탄산,탁주,제조일로부터 2개월,,다른오름농업회사법인주식회사,2023002863411,20251215,20251215
삼겹살,삼겹살,다산다(삼겹살소스),복합조미식품,제조일로부터 12개월,,다산종합식품,1999036230726,20091006,20160706
한돈,한돈,다섯가지나물밥 & 한돈떡갈비,즉석조리식품,제조일로 12개월,,(주)푸드인모닝스타,202204935637,20220511,20220512
상추,상추,다솜상추,신선편의식품,제조일로부터 7일까지,,농업회사법인(주)반디,20200374305167,20251104,20260319
상추,상추,다솜상추,신선편의식품,제조일로부터 7일,,수원지구원예농협산지유통센터,2005036430815,20210603,20260201
닭고기,닭고기,다시다 닭고기(DASIDA Chicken Bouillon Powder),복합조미식품,18개월,,씨제이제일제당주식회사,19910144038460,20120425,20260124
초장,초장,다시마&초장,즉석조리식품,제조일로부터 3일,,봉봉푸드,2021032706957,20230404,20260201
계란,계란,다신밥상 계란볶음밥&두부스테이크,즉석조리식품,제조일로부터 12개월(냉동),,주식회사 나비야,20190378122410,20230207,20230303
계란,계란,다신밥상 계란볶음밥&소시지,즉석조리식품,제조일로부터 12개월(냉동),,주식회사 나비야,20190378122413,20230207,20230307
계란,계란,다양한 야채가 들어간 계란볶음밥,즉석조리식품,12개월 / 냉동,,(주)시아스,200504150205068,20250715,20250815
닭고기,닭고기,다온닭고기양념,소스,6개월,,(주)시아스,200504150201663,20140117,20181130
시리얼,시리얼,다용도 유기농 현미시리얼,곡류가공품,제조일로 부터 1년,대상품목 아님.,우리네식품,1994062100169,20231229,20250429
초장,초장,다용도 초장소스,소스,제조일로부터6개월,,맛있는 식품,201000292692,20100412,20190509
목살,목살,다이닝숲 목살머쉬룸볶음밥소스,소스,제조일로부터 3개월,,주식회사 제이와이드레싱,20160345327286,20250714,20250718
아이스크림,아이스크림,다이어트 아이스크림맛 녹차 쉐이크,체중조절용 조제식품,제조일로부터 24개월,,주식회사 노바렉스,20030415157633,20240610,20241017
아이스크림,아이스크림,다이어트 아이스크림맛 딸기바나나 쉐이크,체중조절용 조제식품,제조일로부터 24개월,,주식회사 노바렉스,20030415157634,20240610,20240823
아이스크림,아이스크림,다이어트 아이스크림맛 아몬드봉봉 쉐이크,체중조절용 조제식품,제조일로부터 24개월,,주식회사 노바렉스,20030415157635,20240610,20250620
아이스크림,아이스크림,다이어트 아이스크림맛 옥수수 쉐이크,체중조절용 조제식품,제조일로부터 24개월,,주식회사 노바렉스,20030415157636,20240611,20250410
아이스크림,아이스크림,다이어트 아이스크림맛 초코딸기 쉐이크,체중조절용 조제식품,제조일로부터 24개월,,주식회사 노바렉스,20030415157631,20240610,20250620
아이스크림,아이스크림,다이어트 아이스크림맛 초코바나나 쉐이크,체중조절용 조제식품,제조일로부터 24개월,,주식회사 노바렉스,20030415157637,20240611,20250620
아이스크림,아이스크림,다이어트 아이스크림맛 초코바나나 쉐이크,체중조절용 조제식품,제조일로부터 24개월까지,,(주)유유헬스케어,20030395019977,20260615,20260617
아이스크림,아이스크림,다이어트 아이스크림맛 카라멜마끼야또 쉐이크,체중조절용 조제식품,제조일로부터 24개월,,주식회사 노바렉스,20030415157638,20240611,20250410
시리얼,시리얼,다이어트코치 시리얼맛,체중조절용 조제식품,제조일로부터 9개월,,(주)서울에프엔비 횡성지점,20080395120805,20241105,20250502
시리얼,시리얼,다이어트코치 시리얼맛 미니,체중조절용 조제식품,제조일로부터 9개월,,(주)서울에프엔비,20200401439275,20250117,20250510
계란,계란,다정계란빵 반죽,빵류,냉동6개월,,다정식품,202203138696,20230728,20230802
청경채,청경채,다진 청경채,과.채가공품,제조일로부터 12개월까지,,주식회사 이너프유,2025041707671,20260402,20260403
청경채,청경채,다진 청경채,과.채가공품,제조일로부터 1년,,(주)해서물산,2013060703461,20210907,20220729
봄동,봄동,닥터키친 봄동된장무침,절임식품,제조일로부터 7일,,(주)남도애꽃,20120347190300,20210130,20240203
미역줄기,미역줄기,닥터키친미역줄기볶음,조림류,제조일로부터 10일,,(주)남도애꽃,20120347190208,20200329,20240203
계란,계란,단백가 고단백 통계란빵,빵류,제조일로부터 냉동보관(-18도이하) 12개월,,주식회사 마크로드제과,20060368135668,20260528,20260602
달걀,달걀,단백질 도시락 달걀후라이 김치볶음밥,즉석조리식품,제조일로부터 12개월,-,(주)메이크샐러드,2024011840018,20250604,20260110
시리얼,시리얼,단백질 쉐이크 콘시리얼,기타가공품,제조일로부터 24개월까지,,(주)스포츠바이오텍,2024053006575,20250628,20260214
계란,계란,단백질볶음밥 통새우계란,즉석조리식품,제조일로부터 12개월까지,,주식회사 엄지식품,201504932081170,20230824,20240117
계란,계란,단짠단짠 계란장조림,조림류,제조일로부터 3일,,주식회사찬장에프에스대전,20220321100299,20221115,20221117
물엿,물엿,단풍마을 쌀조청물엿,기타엿,2년,,창성당,197104900205,20190108,20240117
물엿,물엿,단풍마을 조청물엿,물엿,2년,,창성당,197104900202,19710531,20240117
계란,계란,단호박계란과자,과자,제조일로 부터 1년,제조일로 부터 1년,주식회사 제주내먹,20130631190235,20230502,20230509
달걀,달걀,단호박달걀찜,즉석조리식품,제조일로부터 15일,,(주)뽀뽀뜨,200203804811615,20240404,20240409
청경채,청경채,단호박바나나청경채죽,영.유아용 이유식,제조일로부터 25일,해당없음,(주)에르코스농업회사법인,20100231185431,20250414,20260421
닭다리,닭다리,단호박밥&버터치킨 닭다리살,즉석조리식품,제조일로부터 12개월,,(주)씨케이케이,20130364693413,20260306,20260310
계란,계란,단호박시금치계란찜,영.유아용 이유식,제조일로부터 25일,해당없음,(주)푸드케어 2공장,20220396175401,20220414,20260321
청경채,청경채,단호박청경채강낭콩된죽,영.유아용 이유식,제조일로부터 12일,,주식회사 지니온,2024032015728,20240326,20251202
청경채,청경채,단호박청경채강낭콩죽,영.유아용 이유식,제조일로부터 12일,,주식회사 지니온,20240320157457,20240828,20251202
청경채,청경채,단호박청경채강낭콩푸룬무른밥,영.유아용 이유식,제조일로부터 12일,,주식회사 지니온,2024032015771,20240404,20251202
청경채,청경채,단호박청경채강낭콩푸룬진밥,영.유아용 이유식,제조일로부터 12일,,주식회사 지니온,20240320157126,20240416,20251202
시리얼,시리얼,단호박현미시리얼,곡류가공품,제조일로부터 12개월,,마음푸드,2015018840448,20210125,20250902
달걀,달걀,달걀 듬뿍 볶음밥,즉석조리식품,제조일로부터 12개월 까지,,천일식품(주),199301993491471,20250527,20250613
달걀,달걀,달걀 듬뿍 볶음밥,즉석조리식품,제조일로부터 12개월까지,,농업회사법인 주식회사 한우물,200804930741269,20230626,20241005
달걀,달걀,달걀&감자모닝샌드위치,즉석섭취식품,제조일로부터 72시간,,(주)정미경키친,20200280071421,20241014,20241016
달걀,달걀,달걀&맛살모닝샌드위치,즉석섭취식품,제조일로부터 72시간,,(주)정미경키친,20200280071420,20241014,20250927
달걀,달걀,달걀가득국내산우엉김밥키트,조림류,제조일로부터 4일까지,,주식회사 진가네,20170160958373,20250707,20251212
달걀,달걀,달걀김국,즉석조리식품,제조일로부터 8일까지,,(주)에코맘의 산골이유식,20200614037292,20200420,20250222
달걀,달걀,달걀단호박진밥,영.유아용 이유식,제조일로부터 12일까지(냉장),,(주)에코맘의 산골이유식,20200614037451,20201023,20201205
달걀,달걀,달걀듬뿍 들기름 메밀면 샐러드,신선편의식품,제조일로부터 6일,,(주)프라임쉐프,2024070223318,20250515,20250523
달걀,달걀,달걀듬뿍에그마요김밥,즉석섭취식품,제조시간으로부터 37시간,,롯데평택CK 주식회사,199503062741809,20230222,20230228
달걀,달걀,달걀밥을 맛있게 맛간장소스,소스,제조일로부터 18개월,,(주)영진그린(지점),20000531002106,20241106,20241122
달걀,달걀,달걀부추옹근죽,영.유아용 이유식,제조일로부터 12일까지,,(주)에코맘의 산골이유식,20200614037366,20200418,20201201
달걀,달걀,달걀샌드위치스프레드,즉석섭취식품,제조일로부터 4일,,(주)정미경키친,20200280071422,20241014,20241016
달걀,달걀,달걀손말이고기,즉석조리식품,제조일로부터 12개월,,농업회사법인 주식회사 아임셰프,20190467970297,20240724,20240830
달걀,달걀,달걀앙빵,빵류,제조일로부터 3개월 까지,,(주)화과방,20000484353744,20190405,20240117
달걀,달걀,달걀애호박옹근죽,영.유아용 이유식,제조일로부터 12일까지(냉장),,(주)에코맘의 산골이유식,20200614037450,20201023,20201205
달걀,달걀,달걀야채국,즉석조리식품,제조일로부터 7일,,주식회사케이제이푸드(KJ Food),20210424124306,20220523,20230912
달걀,달걀,달걀야채볶음,조림류,제조일로부터 5일,제조일로부터 5일,협동조합담음,2018026264297,20240303,20240313
달걀,달걀,달걀야채영양죽,즉석조리식품,제조일로부터 12일까지,,(주)에코맘의 산골이유식,20200614037527,20220203,20220706
달걀,달걀,달걀야채영양죽,즉석조리식품,제조일로부터 8일까지,,(주)에코맘의 산골이유식,20200614037501,20210813,20210827
달걀,달걀,달걀자장덮밥,즉석조리식품,제조일로부터 8일까지,,(주)에코맘의 산골이유식,20200614037526,20211213,20260327
달걀,달걀,달걀지단 유자소이 샐러드 랩,즉석섭취식품,제조일로부터6일,,(주)스윗밸런스랩,20210280073251,20230330,20250617
달걀,달걀,달걀지단과 메밀면 샐러드,즉석섭취식품,제조일로부터 6일,,(주)스윗밸런스랩,2021028007318,20210507,20251219
달걀,달걀,달걀찜,즉석조리식품,제조이로부터 7일,,담미터,2025050441411,20250811,20250812
달걀,달걀,달걀찜,즉석섭취식품,제조 후 10시간,,(주)비엘푸드,201902029632878,20251230,20260101
달걀,달걀,달걀채소진밥,영.유아용 이유식,제조일로부터 12일까지,,(주)에코맘의 산골이유식,20200614037181,20200417,20201205
달걀,달걀,달걀파프리카옹근죽,영.유아용 이유식,제조일로부터 12일까지,,(주)에코맘의 산골이유식,20200614037370,20200427,20201201
달걀,달걀,달걀하나톡넣는 쌀컵케이크 스윗바나나,기타가공품,제조일로부터 12개월,,오뚜기라면(주),19860309018984,20210203,20210615
달걀,달걀,달걀하나톡넣는 쌀컵케이크 초코,기타가공품,제조일로부터 12개월,,오뚜기라면(주),19860309018983,20210203,20210615
달걀,달걀,달걀하나톡넣는 쌀컵케이크 치즈,기타가공품,제조일로부터 12개월,,오뚜기라면(주),19860309018985,20210203,20210615
달걀,달걀,달걀향 (SJV19675),혼합제제,해당사항 없음,,(주)삼정향료,198404451175541,20200225,20200227
달걀,달걀,달걀호박국고추마요치킨도시락,즉석섭취식품,제조 후 10시간,,(주)비엘푸드,201902029633119,20260416,20260421
달걀,달걀,달걀호박국삼색물만두탕수육도시락,즉석섭취식품,제조 후 10시간,,(주)비엘푸드,201902029633084,20260311,20260312
달걀,달걀,달걀호박국어묵잡채도시락,즉석섭취식품,제조 후 10시간,,(주)비엘푸드,201902029633185,20260625,20260627
달걀,달걀,달걀후라이덮밥간장소스,소스,제조일로부터 12개월,,성심마스타푸드,20050618037114,20200213,20200220
미나리,미나리,달과기와(미나리말차),빵류,3개월,,달리는농장,2021048514524,20220512,20240117
참외,참외,달다! 동건이 사과참외칩,과.채가공품,제조일로부터 12개월,-,영암농산물가공영농조합법인,2020052805441,20240922,20240924
봄동,봄동,달달 봄동 무침,절임식품,제조일로부터 5일,,도리깨침,20200280142931,20260313,20260324
요구르트,요구르트,달롱도르 요구르트향 베이스,당류가공품,제조일로부터 9개월,,(주)한미에프쓰리 2공장,201804671231258,20250411,20260603
한돈,한돈,달식이 오징어 한돈육포,식육함유가공품,제조일로부터 1년,,(주)달인푸드,2024055129122,20250324,20260516
목살,목살,달콤목살소스,소스,6개월,,주식회사평강푸드,20140560123585,20240325,20240328
물엿,물엿,달콤한 물엿,물엿,제조일로부터 24개월까지,,(주)참고을 지평선공장,2020049710354,20230612,20260307
물엿,물엿,달콤한 옥수수 물엿이 가득,기타엿,,제조일로부터 24개월,한가람식품(주),2013052801710,20230621,20230627
물엿,물엿,달콤한매실황물엿,기타엿,.,2년,해가원식품,200904720314,20091221,20191008
올리고당,올리고당,달콤한행복 요리 올리고당,올리고당가공품,제조일로부터 24개월,해당없음.,(주)영수식품,2016047204346,20250306,20250315
물엿,물엿,달콤황물엿,기타엿,제조일로부터 24개월,,(주)우리상사,202004721193,20240530,20240601
시리얼,시리얼,달퐁 오곡 시리얼,시리얼류,제조일로부터 12개월,,별땅한과하루견과,2016039421734,20200715,20230610
계란,계란,닭가슴계란무른밥,영.유아용 이유식,제조일로부터 20일,,주식회사 플라잉닥터 제2공장,20250483015858,20260429,20260501
계란,계란,닭가슴살 간장계란 곤약잡곡 볶음밥,즉석조리식품,제조일로부터 12개월까지,,농업회사법인 주식회사 한우물,200804930741595,20250819,20250820
계란,계란,닭가슴살 간장계란 볶음밥,즉석조리식품,제조일로부터 12개월까지,,천일식품(주),199301993491406,20240725,20240821
계란,계란,닭가슴살 간장계란볶음밥,즉석조리식품,12개월,,(주)취영루,19920355173494,20250908,20260505
계란,계란,닭가슴살 간장버터계란볶음밥,즉석조리식품,제조일로부터 12개월,,주식회사 엄지식품,201504932081330,20260526,20260530
계란,계란,닭가슴살 계란 볶음밥,즉석조리식품,제조일로부터 9월까지,,(주)선양평택공장,20080308157310,20260109,20260114
계란,계란,닭가슴살 계란볶음밥,즉석조리식품,제조일로부터 1년(냉동보관),,(주)맛과벗,20170362092322,20220607,20240928
계란,계란,닭가슴살 계란볶음밥,즉석조리식품,제조일로부터 12개월,,농업회사법인(주)별담푸드,2025092401418,20250116,20250227
계란,계란,닭가슴살 계란장조림,조림류,28일,,데일리식품 주식회사,20190361854510,20240319,20240320
계란,계란,닭가슴살 곤약현미 간장계란볶음밥,즉석조리식품,제조일로부터 12개월,,주식회사 엄지식품,20150493208587,20200527,20240117
계란,계란,닭가슴살 구운주먹밥 계란야채,즉석조리식품,제조일로부터 12개월까지,,농업회사법인 주식회사 한우물,20080493074875,20210204,20240117
숙주,숙주,닭가슴살 차돌숙주 볶음밥,즉석조리식품,제조일로부터 12개월,,주식회사 엄지식품,20150493208673,20200922,20240117
계란,계란,닭가슴살 큐브 & 계란후라이 샐러드,즉석조리식품,제조일로부터 냉동보관(-18℃이하) 9개월,,주식회사 가람식품,2020015600683,20220127,20220128
계란,계란,닭가슴살 큐브 & 계란후라이 샐러드,즉석조리식품,9개월,,대신HMR,2010057020164,20220204,20220205
계란,계란,닭가슴살간장계란볶음밥,즉석조리식품,"냉동, 12개월",,(주)시아스,200504150204121,20210127,20210202
계란,계란,닭가슴살계란덮밥,즉석조리식품,제조일로부터 9개월,,(주)씨케이케이,20130364693300,20230918,20260201
계란,계란,닭가슴살계란덮밥,즉석조리식품,제조일로부터 8일,,주식회사 지니온,20240320157109,20240416,20240417
미나리,미나리,닭가슴살미나리무침,즉석조리식품,제조일로부터 8일까지,,(주)에코맘의 산골이유식,20200614037293,20200420,20251223
계란,계란,닭가슴살베이크 계란야채볶음밥,즉석조리식품,제조일로부터 12개월까지,,(주)푸드인모닝스타,20220493563275,20251223,20251224
숙주,숙주,닭가슴살숙주옹근죽,영.유아용 이유식,제조일로부터 12일까지,,(주)에코맘의 산골이유식,20200614037233,20200418,20201201
닭다리,닭다리,닭가슴살현미밥&닭다리살 불닭 도시락,즉석조리식품,제조일로부터 12개월(냉동),,주식회사 나비야,20190378122471,20230629,20230712
닭다리,닭다리,닭갈비집 필수 마무리 쫄깃한 닭다리살로 만든 닭갈비볶음밥은 바로 배민이지,즉석조리식품,제조일로부터 12개월,,(주) 푸르온,19990461386919,20230426,20230829
닭고기,닭고기,닭고기 듬뿍 초계국수,간편조리세트,제조일로부터 7일,,농업회사법인(주)승화푸드,200700565441711,20210614,20220531
닭고기,닭고기,닭고기 듬뿍 초계국수(2),간편조리세트,제조일로부터 9개월,,농업회사법인(주)승화푸드,200700565441718,20210629,20220531
닭고기,닭고기,닭고기 만능 간장양념,소스,"6개월, 냉장",,대원,200104432042417,20210813,20210820
닭고기,닭고기,닭고기 만능 고추장양념,소스,"6개월, 냉장",,대원,200104432042416,20210813,20210820
닭고기,닭고기,닭고기 만두,만두,제조일로부터6개월,해당없음,퀸케이트(Queen kate,202505701747,20251206,20251213
닭고기,닭고기,닭고기 만두,만두,제조일로부터 9개월,,아셋(ASET),2019054274518,20251104,20251105
닭고기,닭고기,닭고기 맑은무국,즉석조리식품,제조일로부터 4일,,시화당,20210363160136,20221130,20221206
닭고기,닭고기,닭고기 맛 다시,복합조미식품,제조일로부터 18개월까지,,(주)해마,20070391155313,20110614,20260312
닭고기,닭고기,닭고기 무스,즉석조리식품,제조일로부터 12개월,-,(주)에코맘의 산골이유식,20200614037867,20220823,20240322
닭고기,닭고기,닭고기 물만두,만두,제조일로부터 9개월,,이토피아(EATOPIA),202504636936,20260112,20260130
닭고기,닭고기,닭고기 미음,영.유아용 이유식,제조일로부터 25일,,(주)에르코스농업회사법인,20100231185385,20230720,20250614
계란,계란,닭고기계란국,즉석조리식품,42개월,,(주)에스아이케이,20040375026149,20230705,20260611
계란,계란,닭고기계란국,즉석조리식품,제조일로부터 42개월,해당없음.,주식회사 샬롬,19940512092422,20231031,20240402
계란,계란,닭고기계란국용분말소스,복합조미식품,제조일로부터 12개월 까지,,주식회사 엘케이,20080342275400,20250310,20250313
계란,계란,닭고기계란밥,즉석조리식품,제조일로부터 3년까지,,한양제너럴푸드,20170355541103,20260604,20260605
계란,계란,닭고기계란밥,즉석조리식품,제조일로부터 3년,,(주)참맛,19900360106413,20231205,20231214
계란,계란,닭고기계란소스,소스,제조일부터 13개월 (실온보관),,(주)동원홈푸드,2002046107312238,20210603,20230214
계란,계란,닭고기계란소스,소스,제조일부터 13개월 (실온보관),,(주)동원홈푸드,20190442149797,20210603,20230215
계란,계란,닭고기당면계란국,즉석조리식품,제조일로부터 12일,,순수본 주식회사,20180491181730,20250814,20250816
계란,계란,닭고기새우계란아기밥,영.유아용 이유식,60일,,주식회사 내담에프앤비(NAEDAM F&B),20140466024918,20250725,20250729
계란,계란,닭고기와 계란 블럭,복합조미식품,제조일로부터 12개월까지,,우일수산(주),19940471029701,20250902,20250903
닭다리,닭다리,닭다리 능이백숙,즉석조리식품,12개월,,복자가,202605582411,20260424,20260530
닭다리,닭다리,닭다리 바베큐 도시락,즉석섭취식품,제조일시로부터 7시간,,행복도시락 사회적협동조합(하랑푸드),2018005022139,20191206,20191210
닭다리,닭다리,닭다리 삼계죽,즉석조리식품,제조일로부터 6개월까지,,(주)진한식품,19990355419278,20260607,20260616
닭다리,닭다리,닭다리 순살 꺼멍 찜닭,간편조리세트,제조일로부터 7일,,제주소반주식회사,2021062470133,20220803,20221116
닭다리,닭다리,닭다리 영양 닭죽,즉석조리식품,제조일로부터 5일,,하반 반찬,2025024896336,20251119,20260310
닭다리,닭다리,닭다리간장조림,즉석조리식품,제조일로부터 5일,,맛있는찬,20240145988102,20240705,20250406
닭다리,닭다리,닭다리너겟,과자,제조일로부터 7개월까지(실온),,(주)농심,19760342001369,20160315,20231018
닭다리,닭다리,닭다리너겟배터,기타가공품,제조일로부터 12개월,,(주)삼아아시아,200304450561061,20191105,20211112
닭다리,닭다리,닭다리너겟브레더,기타가공품,제조일로부터 12개월,,(주)삼아아시아,200304450561062,20191105,20191107
닭다리,닭다리,닭다리맛베이스,복합조미식품,제조일부터 1년,,스파이스코리아,2005015414947,20170601,20200428
닭다리,닭다리,닭다리모양젤리,캔디류,제조일로부터1년,,국제제과(주),20010415034689,20210525,20210527
닭다리,닭다리,닭다리바베큐구이,조림류,제조일로부터 5일,,(주)하니푸드,20210268770306,20230606,20240329
닭다리,닭다리,닭다리바베큐도시락,즉석섭취식품,제조일로부터 (상온15℃ ~ 25℃) 8시간,,(주)행복도시락 성남점,20100275229263,20210408,20210413
닭다리,닭다리,닭다리바베큐소스,소스,제조일로부터 6개월까지,,(주)은산푸드,20060375174524,20230821,20230823
닭다리,닭다리,닭다리살 떡꼬치,식육함유가공품,냉동12개월(-18도 이하보관),냉동12개월,참앤찬푸드,20070149162111,20230317,20230318
닭다리,닭다리,닭다리살 소스,소스,제조일로부터 4개월(냉장),,주식회사 다움,202503422951,20250915,20250925
닭다리,닭다리,닭다리살 직화볶음밥,즉석조리식품,제조일로부터 12개월까지,,농업회사법인 주식회사 한우물,200804930741320,20240325,20240326
닭다리,닭다리,닭다리살 철판구이,즉석조리식품,제조일로부터 냉장 4일,,더맛있는F&S,2019060662096,20220714,20220720
닭다리,닭다리,닭다리살 치떡치떡꼬치,식육함유가공품,제조일로부터 12개월,,(주)상도푸드농업회사법인,20050294219112,20190212,20220405
계란,계란,닭다리살계란볶음,즉석조리식품,제조일로부터 15일,,주식회사 내담에프앤비(NAEDAM F&B),20140466024953,20260410,20260418
목살,목살,닭목살 구이용(덜매운맛),즉석조리식품,제조일로부터 180일,-,주식회사 아민,2024065850918,20260121,20260124
목살,목살,닭목살 구이용(매운맛),즉석조리식품,제조일로부터 180일,-,주식회사 아민,2024065850917,20260121,20260124
목살,목살,닭목살 구이용(소금맛),즉석조리식품,제조일로부터 180일,-,주식회사 아민,2024065850919,20260122,20260124
목살,목살,닭목살 직화구이(매운맛),즉석조리식품,제조일로부터 7일,,주식회사케이제이푸드(KJ Food),20210424124642,20240507,20240510
목살,목살,닭목살구이용소스,소스,냉장. 8개월,,(주)시아스,200504150204732,20230728,20230731
목살,목살,닭목살소금양념소스,소스,6개월,,산내들,202003717446,20200701,20200708
목살,목살,닭목살소스,소스,제조일로부터 6개월,,(주)금진식품,20080449004867,20201112,20250823
목살,목살,닭목살양념소스,소스,제조일로부터  18개월,,(주)오래식품,199903683392444,20250203,20250205
목살,목살,닭목살용 양념,소스,제조일로부터 180일 (냉장보관),,주식회사 바이올푸드,2003061420779,20201203,20221217
목살,목살,닭목살용시즈닝,복합조미식품,제조일로부터 24개월까지,,맘앤푸드,2020042409080,20240611,20240612
목살,목살,닭목살파꼬치,식육함유가공품,12개월,,(주)마루종합식품,2009016806258,20150127,20220120
달걀,달걀,닭신 닭가슴살 현미밥 달걀,즉석조리식품,제조일로부터 12개월,,주식회사 엄지식품,201504932081016,20221128,20240117
초장,초장,담가순창초장소스x알룰로스,혼합장,제조일로부터 12개월,,순창성가정식품(주),20190503003194,20241220,20241224
달걀,달걀,담백 모둠버섯달걀탕,즉석조리식품,제조일로부터 10일,,(주)베베쿡,200303806613066,20250617,20251128
계란,계란,담백가득 야채계란전,기타가공품,내수용 : 제조일로부터 12개월 / 수출용 : 제조일로부터 18개월,,(주)사옹원,20210452332457,20241127,20241129
계란,계란,담백계란듬뿍샌드위치,즉석섭취식품,제조시간으로부터 72시간,,(주)우리델리카,20150443298708,20230907,20230909
한돈,한돈,담백한 한돈 갈비찜 & 렌틸콩 덮밥,즉석조리식품,제조일로부터 12개월,제조일로부터 12개월,(주)세종인터내셔날,2021010897359,20230731,20230803
계란,계란,담백한계란볶음밥,즉석조리식품,"냉동, 12개월",,(주)시아스,200504150203628,20191213,20200108
초장,초장,담원초장소스,소스,제조일로부터 냉장12개월,,(주)햇빛사랑,20170444056344,20251216,20251218
즉석밥,즉석밥,담짜 황태사골국세트(1~2인분)즉석밥포함,즉석조리식품,제조일로부터 12개월,,주식회사제일씨엔에프(C&F),20210212298137,20220401,20220405
즉석밥,즉석밥,담짜 황태사골국세트(1~2인분)즉석밥포함,즉석조리식품,제조일로부터 7일,,주식회사제일씨엔에프(C&F),20210212298135,20220401,20231121
봄동,봄동,담채원 봄동겉절이,김치,제조일로부터 60일,,농업회사법인주식회사담채원,20000475069406,20200206,20210327
케첩,케첩,당근 케첩,소스,제조일로부터 12개월,,농업회사법인 데이웰(주),20140496065221,20220628,20260423
계란,계란,당근계란과자,과자,제조일로부터 1년,제조일로부터 1년,주식회사 제주내먹,20130631190236,20230413,20230509
계란,계란,당뇨케어 부드러운장조림계란덮밥,당뇨환자용 식단형 식품,제조일로부터 12개월까지(냉동보관),,에이푸드 주식회사,20090445082609,20231204,20260604
올리고당,올리고당,당당한 하루 키토산 올리고당,음료베이스,제조일로부터 2년,,채움바이오 주식회사,202102030782700,20230726,20230808
시리얼,시리얼,당제로 통곡물 시리얼,시리얼류,12개월,별첨,(주)씨알푸드,20080435169400,20240308,20241023
계란,계란,대게살계란국,즉석조리식품,제조일로부터 40일,,주식회사 내담에프앤비(NAEDAM F&B),20140466024504,20170619,20230901
계란,계란,대게살계란진밥,영.유아용 이유식,제조일로부터 12일,,순수본 주식회사,20180491181340,20200428,20250509
물엿,물엿,대경 황물엿,물엿,제조일로부터 2년,,(주)경일식품,198505600153,19871026,20160706
물엿,물엿,대관령생호박물엿,물엿,2년,,대관령엿공장,197003970013,19851008,20230610
목살,목살,대구 목살,기타 수산물가공품,제조일로부터 24개월,제조가공일로부터 24개월,(주)진성식품,2017048454296,20250328,20250329
목살,목살,대구 목살,기타 수산물가공품,24개월,,씨스카이푸드,2008014405922,20130425,20160706
목살,목살,대구목살,기타 수산물가공품,제조일로부터 24개월,,주식회사 엠에스푸드,2005014455340,20180117,20180123
목살,목살,대구목살,기타 수산물가공품,제조일로부터 24개월,,주식회사 에스엔씨메이드,20030144209298,20210826,20210827
목살,목살,대구목살,기타 수산물가공품,제조일로부터 24개월,,(주)대풍수산식품,20130128263129,20230602,20230603
목살,목살,대구목살,기타 수산물가공품,제조일로부터 24개월까지,,파도소리(주),20120128248377,20230405,20230406
목살,목살,대구목살,기타 수산물가공품,제조일로부터 24개월,,(주)에스아이홀푸드,20190144268431,20210719,20210721
목살,목살,대구목살,기타 수산물가공품,제조일로부터 24개월 까지,,씨크리드,20200144312135,20240426,20240429
목살,목살,대구목살,기타 수산물가공품,제조일로부터 4일,,(주)해청수산,2017012800555,20201118,20201124
계란,계란,대구살계란볶음,즉석조리식품,제조일로부터 12일,,순수본 주식회사,20180491181314,20200320,20250509
계란,계란,대구살계란찜,영.유아용 이유식,제조일로부터 25일,해당없음,(주)푸드케어 2공장,20220396175571,20220421,20260321
계란,계란,대구살계란탕,영.유아용 이유식,제조일로부터 25일,해당없음,(주)푸드케어 2공장,20220396175386,20220414,20260321
한돈,한돈,대단한돈까스소스,소스,6개월,,(주)유진푸드,20180452496306,20231011,20241025
계란,계란,대동생막창 계란찜 분말가루,복합조미식품,제조일로부터 12개월,,지엔피(GnP)푸드,202305165457,20251120,20260201
물엿,물엿,대륙맥아 물엿,기타엿,제조일로부터 2년,,(주)쎄레스,19850368057116,20220224,20220303
계란,계란,대림 닭가슴살계란볶음밥,즉석조리식품,제조일로부터 12개월,,주식회사 엄지식품,20150493208307,20181017,20240117
계란,계란,대신 계란빵 반죽,빵류,냉동 6개월,,스트릿푸드,2023051298021,20260326,20260606
요구르트,요구르트,대영 요구르트구미,캔디류,제조일로부터 12개월,,서주푸드(주)2공장,20170484590223,20210805,20240117
계란,계란,대왕마녀계란간장소스,소스,18개월,,천우식품제조장,20090567020143,20210812,20210819
계란,계란,대용량 계란말이,즉석조리식품,제조일로부터 5일까지,,주식회사 진가네,20170160958372,20250516,20250528
원당,원당,대원당맘모스,빵류,제품 생산일로부터 3일,,(주)대원당,202305420892,20240122,20250221
물엿,물엿,대진조청물엿,기타엿,제조일로부터1년,,대진식품,197304810056,20090512,20240117
한돈,한돈,대파 듬뿍 한돈 제육볶음,식육함유가공품,제조일로부터 12개월,,주식회사 서림원,2021037915744,20250216,20250221
계란,계란,대파계란국,즉석조리식품,제조일로부터 15일,,(주)뽀뽀뜨,200203804811583,20220620,20230610
계란,계란,대파계란말이,즉석조리식품,제조일로부터 4일,,(주)수미찬,2021004283280,20220323,20220325
삼겹살,삼겹살,대파고추장삼겹살,식육함유가공품,제조일로부터 냉동 12개월,,(주)케이지에프앤비,20190442312252,20250120,20250123
계란,계란,대파베이컨 계란빵,빵류,제조일로부터 9개월,,(주)그린비엔에프,20220510689110,20241106,20260201
계란,계란,대파와계란지단,기타가공품,제조일로부터 12개월까지,,주식회사 동방푸드마스타,199104450779265,20240326,20240328
초장,초장,대판오징어 초장소스,소스,제조일로부터 6개월,,태원식품산업(주),1985031100116114,20250819,20250821
숙주,숙주,대패삼겹 숙주볶음,간편조리세트,제조일로부터 5일,,도리깨침,20200280142498,20230523,20230527
삼겹살,삼겹살,대패삼겹살 야채말이,즉석조리식품,제조일로부터 5일,,주식회사찬장에프에스대전,20220321100472,20230119,20230121
삼겹살,삼겹살,대패삼겹살볶음밥,즉석조리식품,제조일로부터 12개월,,주식회사 엄지식품,20150493208689,20201202,20240117
숙주,숙주,대패삼겹살숙주볶음,즉석조리식품,제조일로부터 7일,,라임에프앤비(주),20210222240626,20241226,20241231
한돈,한돈,대한돈까스소스,소스,제조일로부터 6개월까지,,(주)은산푸드,20060375174667,20260610,20260611
계란,계란,대한마늘계란밥,즉석조리식품,제조일로부터 9개월까지,,천일식품(주),199301993491204,20210129,20210202
초장,초장,대한민국농수산 수제청양멸치땡초장,조림류,제조일로부터 12개월,제조일로부터 12개월,셰프애찬 에프(F)3,2023031316689,20250430,20250505
초장,초장,대한민국농수산 수제청양한우땡초장,조림류,제조일로부터 12개월,제조일로부터 12개월,셰프애찬 에프(F)3,2023031316687,20250429,20250430
계란,계란,대한불닭발 계란찜분말소스,복합조미식품,제조일로부터 12개월,,그린식품 2공장,20240530203131,20250211,20250214
물엿,물엿,대흥물엿,물엿,24,,대흥식품,1969054300315,20140818,20160706
요구르트,요구르트,더 조은 한끼 곤약젤리 요구르트,캔디류,제조일로부터 1년,별첨,주식회사 도투락,20130555108238,20210813,20231207
아이스크림,아이스크림,더 조이풀 솜사탕 아이스크림맛 바인스위트,과.채가공품,제조일로부터 10일,해당없음,농업회사법인주식회사 선한,202306915793,20250221,20250301
계란,계란,더 행복 계란빵 반죽,빵류,냉장 15일,,장인식품,202405624276,20250826,20260201
상추,상추,더갈비 상추 소스,소스,제조일로부터 60일(0℃ ~10℃냉장 보관),,(유)더원에프엔씨,202004881139,20200317,20240117
한돈,한돈,더갈비 한돈김치찌개,즉석조리식품,제조일로부터1년(냉동),,(유)더원에프엔씨,2020048811325,20210628,20240413
물엿,물엿,더골든이온물엿,기타엿,제조일로부터 2년까지,,(주)동방식품,1979025700943,20240603,20240605
아이스크림,아이스크림,더난다 아이스크림 (수출용),과실주,,,㈜한국애플리즈,20130018017100,20210929,20231012
숙주,숙주,더담 숙주소스,소스,제조일로부터 6개월,,담원푸드(주),200403421721483,20220516,20240824
계란,계란,더담아 꽉~채운 계란야채곤약볶음밥&갈비맛빅볼닭가슴살,즉석조리식품,제조일로부터 9개월까지,,농업회사법인 주식회사 한우물,20080493074929,20210504,20240117
계란,계란,더담아 꽉~채운 계란야채곤약볶음밥&토마토소스닭가슴살슬라이스,즉석조리식품,제조일로부터 9개월까지,,농업회사법인 주식회사 한우물,20080493074931,20210504,20240117
시리얼,시리얼,더담원 참뽕시리얼바,초콜릿가공품,제조일로부터 12개월,,더담원,201905051167,20210510,20240117
요구르트,요구르트,더루틴 온가족N 요구르트 유산균,당류가공품,제조일로부터 24개월,,(주)뉴팜,19990362295418,20260316,20260327
탄산,탄산,더리터탄산수,탄산수,제조일로부터 12개월,,오케이에프음료 주식회사,201005430661263,20240109,20240116
계란,계란,더매스212 닭가슴살 간장계란볶음밥,즉석조리식품,제조일로부터 12개월까지,,주식회사 엄지식품,201504932081157,20230816,20240117
한돈,한돈,더반찬 한돈 보쌈수육,식육함유가공품,제조일로부터 12개월,,주식회사 서림원,2021037915737,20241029,20241204
계란,계란,더밥 장조림계란밥,즉석조리식품,제조일로부터 9개월,,(주)다솜푸드,2016036332372,20181102,20181103
요구르트,요구르트,더베리 요구르트 스파클링,탄산음료,제조일로부터 12개월,,건강한사람들 주식회사 2사업장,20030473071407,20211014,20211015
아이스크림,아이스크림,더벤티 소프트아이스크림 파우더,기타가공품,24개월,,(주)퍼플랜드,2022061303886,20250519,20250520
요구르트,요구르트,더벤티 요구르트향 베이스,당류가공품,12개월,,(주)퍼플랜드,20220613038204,20230817,20230819
요구르트,요구르트,더벤티 요구르트향베이스,당류가공품,제조일로부터 12개월,,동인식품,2017014719310,20220513,20220601
탄산,탄산,더벤티탄산수,탄산수,제조일부터 (Can) 2 년  (Pet)1년,,(주)일화초정공장,19800415004400,20210219,20230225
한돈,한돈,더복순 한돈 통등심 치즈돈까스,식육함유가공품,제조일로부터 12개월,,(주) 늘찬애,20180519170124,20240704,20240705
반숙란,반숙란,더블반숙란쉬림프샐러드,즉석섭취식품,제조일로부터 50시간,,(주)현대그린푸드 스마트푸드센터,201902803274078,20250317,20260425
요구르트,요구르트,더블유에프 복숭아 요구르트 젤리,캔디류,제조일로부터 12개월,,서주푸드(주)2공장,20170484590273,20220526,20240117
올리고당,올리고당,더빼나 프락토올리고당&꿀,즉석섭취식품,제조일로부터 12개월 까지,,푸른솔산업 주식회사,20050398112155,20200218,20230610
요구르트,요구르트,더순 요구르트 ( 전량수출용 12%),기타 주류,해당 없음,,고려원 주식회사 농업회사법인,20200016222310,20250630,20250630
숙주,숙주,더알찬소고기숙주볶음,간편조리세트,제조일로부터 8일,,(주)푸드어셈블,20180137238281,20230323,20240329
상추,상추,더이음 줄기상추장아찌,절임식품,6개월,,상하식품,20140558002298,20230424,20240425
한돈,한돈,더잇24 한돈고추장찌개,즉석조리식품,제조일로부터 9개월,해당사항 없음.,(주)이이드,2017034707886,20211008,20220219
요구르트,요구르트,더조은 한끼곤약젤리 요구르트,캔디류,제조일로부터 12개월,,주식회사 마루바이오,20210606928158,20251106,20251114
미나리,미나리,더좋은 제주미나리분말,고형차,제조일로부터 2년,,(재)제주테크노파크 바이오융합센터1,2007062810155,20191015,20191017
요구르트,요구르트,더찾을수록 요구르트 (수출용),과실주,,,㈜한국애플리즈,20130018017101,20211014,20231012
요구르트,요구르트,더찾을수록 요구르트 스파클링 (수출용),과실주,,,㈜한국애플리즈,20130018017198,20240513,20240513
아이스크림,아이스크림,더캐럿 아이스크림맛 파우더 블루,당류가공품,제조일로부터 2년,,주식회사 컵풀,20130345125321,20250603,20250610
아이스크림,아이스크림,더캐럿 아이스크림맛 파우더 커피사냥,당류가공품,제조일로부터 2년,,주식회사 컵풀,20130345125258,20230321,20230322
아이스크림,아이스크림,더캐럿 아이스크림맛 파우더 핑크,당류가공품,제조일로부터 2년,,주식회사 컵풀,20130345125393,20250916,20250918
계란,계란,더커진계란장삼각김밥,즉석섭취식품,제조시간으로부터 37시간,,롯데용인CK 주식회사,200003470522814,20220114,20220119
계란,계란,더커진계란장삼각김밥,즉석섭취식품,제조시간으로부터 40시간,,롯데평택CK 주식회사,199503062741214,20190930,20241017
계란,계란,더커진계란장삼각김밥,즉석섭취식품,제조시간으로부터 43시간,,롯데부산CK 주식회사,200206143692662,20230530,20250125
계란,계란,더커진로스팜김치&계란볶음밥,즉석섭취식품,제조시간으로부터 43시간,,롯데평택CK 주식회사,199503062741792,20221202,20221207
계란,계란,더커진로스팜김치&계란볶음밥,즉석섭취식품,제조시간으로부터 43시간,,롯데용인CK 주식회사,200003470522899,20221202,20221203
계란,계란,더커진반숙계란장,즉석섭취식품,제조시간으로부터 72시간,,(주)제이비프레시,20200620210630,20260507,20260509
계란,계란,더커진반숙계란장,즉석섭취식품,제조시간으로부터 55시간,,롯데광주CK 주식회사,200202215922417,20260421,20260428
계란,계란,더커진반숙계란장,즉석섭취식품,제조시간으로부터 55시간,,롯데평택CK 주식회사,199503062742280,20260420,20260421
계란,계란,더커진반숙계란장,즉석섭취식품,제조시간으로부터 55시간,,롯데부산CK 주식회사,200206143693162,20260420,20260421
계란,계란,더커진반숙계란장삼각,즉석섭취식품,제조시간으로부터 43시간,,롯데용인CK 주식회사,200003470522928,20230525,20230809
계란,계란,더커진반숙계란장삼각,즉석섭취식품,제조시간으로부터 43시간,,롯데평택CK 주식회사,199503062741839,20230524,20230819
계란,계란,더커진스팸땡초계란볶음밥,즉석섭취식품,제조시간으로부터 55시간,,롯데평택CK 주식회사,199503062742289,20260519,20260522
계란,계란,더커진스팸땡초계란볶음밥,즉석섭취식품,제조시간으로부터 55시간 까지,,롯데부산CK 주식회사,200206143693174,20260519,20260521
계란,계란,더커진스팸땡초계란볶음밥,즉석섭취식품,제조시간으로부터 55시간,,롯데광주CK 주식회사,200202215922428,20260520,20260522
계란,계란,더타코부스 간장계란소스,소스,제조일로부터 6개월,,주식회사 푸드에스엠,20230501071714,20251121,20260620
아이스크림,아이스크림,더포근그린티아이스크림용분말베이스,기타가공품,12개월,,(주)신영에이치에스,20080435168508,20140411,20160706
아이스크림,아이스크림,더포근블랙코코넛아이스크림용분말베이스,기타가공품,제조일로부터 12개월까지,,(주)신영에이치에스,20080435168750,20170718,20170721
아이스크림,아이스크림,더포근아이스크림용분말베이스,기타가공품,12개월,,(주)신영에이치에스,20080435168503,20140210,20160706
한돈,한돈,더포르미 흑현미잡곡밥 비프한돈스테이크,즉석조리식품,제조일로부터 9개월까지,해당없음.,(주)밥상푸드,20060208332367,20230302,20260608
한돈,한돈,데미그라스 소스 듬뿍 얹은 경양식 한돈 함박스테이크는 역시 배민이지,식육함유가공품,제조일로부터 12개월,-,(주)케이프라이드,2019041307425,20250307,20260407
요구르트,요구르트,데이앤 곤약젤리 요구르트,캔디류,제조일로부터 18개월,,채움에프앤비농업회사법인주식회사,2021061717762,20230714,20260421
요구르트,요구르트,데이앤 곤약젤리 요구르트,캔디류,제조일로부터 1년,별첨,주식회사 도투락,20130555108231,20210709,20231207
요구르트,요구르트,데일리 콤부차 요구르트,고형차,제조일로부터 30개월까지,,(주)다농원,20030445181335,20250418,20260425
미나리,미나리,데일리클렌즈 청귤&미나리,과.채음료,제조일로부터 5일까지(냉장보관),,(주)풀무원헬스케어,20090442040223,20250210,20250212
미나리,미나리,데일리클렌즈 청귤미나리,과.채음료,제조일로부터 20일까지,,(주)풀무원헬스케어,20090442040239,20250422,20250424
시리얼,시리얼,데일리프로틴 17곡미숫가루&통귀리시리얼,체중조절용 조제식품,제조일로부터   24월 까지,,농업회사법인(주)삼홍,20200559034117,20251207,20251210
시리얼,시리얼,데일리프로틴 돌체라떼&통귀리시리얼,체중조절용 조제식품,제조일로부터   24월 까지,,농업회사법인(주)삼홍,20200559034120,20251207,20251210
시리얼,시리얼,데일리프로틴 볶은흑임자&통귀리시리얼,체중조절용 조제식품,제조일로부터   24월 까지,,농업회사법인(주)삼홍,20200559034118,20251207,20251210
시리얼,시리얼,데일리프로틴 초코라떼&통귀리시리얼,체중조절용 조제식품,제조일로부터   24월 까지,,농업회사법인(주)삼홍,20200559034119,20251207,20251210
숙주,숙주,데친숙주,과.채가공품,제조일로부터 4일,,프레시플러스(주)공주제1공장,20080458027493,20231221,20240109
숙주,숙주,데친숙주나물,과.채가공품,제조일로부터 7일,,태원식품산업(주),1985031100117120,20260602,20260606
상추,상추,델리 슬라이스 양상추,신선편의식품,제조일로부터 7일,,대향유통(주) 1공장,20110368639218,20240819,20240820
요구르트,요구르트,델리로그 곤약젤리 요구르트,캔디류,제조일로부터 18개월까지,,주식회사 황금유자,20110355999164,20221222,20230328
케첩,케첩,델리케첩미트볼볶음,조림류,제조일로부터 냉장7일,,동이푸드,2015036231574,20161109,20171110
상추,상추,델몬트 랜덤컷 양상추,신선편의식품,제조일로부터 9일,,한국델몬트후레쉬프로듀스(주) 음성지점,2016044514668,20190211,20200604
상추,상추,델몬트 쉬레드 양상추,신선편의식품,제조일로부터 8일,,(주)삼아벤처,199104430242291,20221125,20221126
상추,상추,델몬트 쉬레드 양상추,신선편의식품,제조일로부터 9일,,한국델몬트후레쉬프로듀스(주) 음성지점,2016044514667,20190211,20200604
즉석밥,즉석밥,도담쌀 현미귀리 즉석밥,즉석조리식품,제조일로부터 12개월,,농업회사법인 한채원 주식회사,2023082408953,20250909,20250911
시리얼,시리얼,도담현미곤약식이섬유 곤팝 코코아 시리얼볼,곡류가공품,제조일로부터 12개월,,(주)에스엠바이오,20200452306609,20260220,20260225
시리얼,시리얼,도담현미곤팝 곤약식이섬유 시리얼 미니볼,곡류가공품,제조일로부터 24개월,,(주)에스엠바이오,20200452306599,20260129,20260225
미나리,미나리,도드람 미나리순대,즉석조리식품,제조일로부터 45일까지,-,(주)병천아우내식품,20010449040172,20250703,20250806
한돈,한돈,도드람 한돈 뚝배기 돼지불고기,즉석조리식품,제조일로부터 12개월,,주식회사 에이치에프앤디,2020037124663,20251202,20251204
한돈,한돈,도드람 한돈 소떡소떡,식육함유가공품,제조일로부터 1년,,다인(주),20100364821119,20240924,20240925
한돈,한돈,도드람 한돈김치찜,조림류,제조일로부터 7일까지,,한우리음식,20150106272362,20210304,20250710
한돈,한돈,도드람 한돈쌈장,혼합장,9개월,,주식회사후레쉬서브천안공장,201204490051091,20260403,20260520
한돈,한돈,도드람한돈 보쌈용분말스프,복합조미식품,제조일로부터 18개월까지,,주식회사 다솜식품,2014044902370,20250407,20250412
한돈,한돈,도드람한돈 쌈장소스,혼합장,제조일로부터  4개월,,태원식품산업(주),1985031100112557,20220930,20250125
한돈,한돈,도드람한돈다시,복합조미식품,제조일로부터 18개월,,주식회사 다솜식품,2014044902371,20250415,20250520
한돈,한돈,도드람한돈쌈장,혼합장,제조일로부터1년6개월(실온),,신송식품주식회사,19880449001151,20091007,20210830
올리고당,올리고당,도원두레 올리고당 딸기잼,잼,제조일로부터 12개월,제조일로부터 12개월,도원두레영농조합법인,201903747044,20210705,20210714
올리고당,올리고당,도원두레 올리고당 복숭아잼,잼,제조일로부터 12개월,제조일로부터 12개월,도원두레영농조합법인,201903747043,20210705,20210714
올리고당,올리고당,도원두레 올리고당 사과잼,잼,제조일로부터 12개월,제조일로부터 12개월,도원두레영농조합법인,201903747045,20210705,20210710
계란,계란,독도계란찜맛내기-F,복합조미식품,12개월,,퓨전푸드시스템,1998041503795,20141030,20201020
초장,초장,독도참치 회초장,소스,제조일로부터 5개월,,태원식품산업(주),198503110019108,20200312,20200318
계란,계란,돈등심 계란볶음밥,즉석조리식품,제조일로부터 12개월,,농업회사법인(주)별담푸드,20250924014137,20260604,20260609
숙주,숙주,돈안심숙주볶음,즉석조리식품,제조일로부터 12일,,순수본 주식회사,20180491181317,20200320,20240208
숙주,숙주,돈안심숙주불고기,즉석조리식품,제조일로부터 12일,,순수본 주식회사,20180491181779,20260401,20260403
계란,계란,돈육계란장조림,조림류,6일(냉장),,(주)늘사랑회디엔씨,20110056608154,20140416,20160706
계란,계란,돈육계란장조림,조림류,6,,(주)늘사랑회디엔씨,20110056608244,20140729,20160706
계란,계란,돈육굴소스볶음&계란두부스크램블 세트,즉석조리식품,제조일로부터 12개월,,(주)현대그린푸드 스마트푸드센터,201902803274445,20250729,20260415
숙주,숙주,돈채숙주볶음도시락,즉석섭취식품,제조일로부터(상온15℃~25℃)8시간,,행복도시락 사회적협동조합(하랑푸드),2018005022110,20180810,20181208
계란,계란,돌돌이김밥 스팸계란,즉석섭취식품,제조일로부터 72시간 이내,,주식회사 탭스인터내셔널,2023037718184,20250904,20250906
미나리,미나리,돌미나리,과.채가공품,제조일로부터 2년까지,,(주)다움,19930606094871,20191004,20191008
미나리,미나리,돌미나리 간장절임,절임식품,제조일로부터 18개월,,농업회사법인 자연바라기 주식회사,2017046706520,20170901,20170907
미나리,미나리,돌미나리 간장절임,절임식품,제조일로부터 18개월,,농업회사법인 자연바라기 주식회사,201704670652,20170622,20170626
미나리,미나리,돌미나리 발효진액,액상차,제조일로부터 2년,,산수동식품,2000037802415,20160907,20201006
미나리,미나리,돌미나리70,과.채주스,3일,,(주)참선진녹즙,2012044303022,20120227,20251024
미나리,미나리,돌미나리가루,기타가공품,제조일로부터 2년,,디엘건강식품,2005004316561,20060615,20160706
미나리,미나리,돌미나리나물,기타 농산가공품,제조일로부터 4일까지,,한우리음식,20150106272399,20230314,20230317
미나리,미나리,돌미나리농축분말,과.채가공품,제조일로부터 24개월까지,,주식회사 웰런비앤에프 고창공장,20180504061371,20240618,20240621
미나리,미나리,돌미나리농축액,과.채가공품,제조일로부터 12개월까지,,주식회사 웰런비앤에프 고창공장,20180504061370,20240618,20240621
계란,계란,돌우물계란찜분말,복합조미식품,제조일부터 12개월,,(주)아름터,20100308257601,20190904,20220409
초장,초장,돗나물*초장,즉석섭취식품,제조 후 10시간,,(주)비엘푸드,201902029633004,20260102,20260106
상추,상추,동결건조 백세 흑하랑상추,과.채가공품,24개월 이내,,(주)비에스에프코리아,20210036719231,20251215,20251216
상추,상추,동결건조 백세 흑하랑상추 정,과.채가공품,제조일로부터 24개월,,(주)비에스에프코리아,20210036719234,20251216,20251218
참외,참외,동결건조 참외,과.채가공품,24개월,,칠칠곡곡협동조합,2017057036816,20190403,20190404
상추,상추,동결건조 흑하랑상추 분말,과.채가공품,24개월,,(주)비에스에프코리아,2021003671997,20230214,20240509
상추,상추,동결건조 흑하랑상추 분말,과.채가공품,24개월,,함평농산물가공영농조합법인,2020053001022,20210428,20210430
계란,계란,동결건조계란분말,기타가공품,제조일로부터18개월까지,,우일수산(주),19940471029608,20210826,20210903
계란,계란,동그랑땡계란전,즉석조리식품,제조일로부터 냉장 5일,,아람찬,20220188406194,20230118,20230119
원당,원당,동다원당근차,침출차,,24개월,제주동다원농업회사법인유한회사,2010062761412,20180622,20180704
케첩,케첩,동동소담 케첩&머스타드 소떡소떡,즉석섭취식품,제조일로부터 9개월,,주식회사 제이스,20210363114156,20250520,20250523
참외,참외,동막골 참고추장 참외장아찌,절임식품,6개월,,(주)토종,201404151255,20211105,20211117
계란,계란,동물복지 계란과자,과자,제조일로부터 12개월,,주식회사 신흥제과,19950464070180,20160906,20260425
계란,계란,동물복지 반숙계란장,조림류,제조일로부터 7일,해당없음,에프티앤비 주식회사,2021036323616,20220103,20220128
유정란|계란,"유정란,계란",동물복지 유정란 계란쿠키,과자,제조일로부터1년,제조일로부터 1년,주식회사 제주내먹,20130631190286,20240625,20240702
유정란,유정란,동물복지 유정란으로 만든 원카스테라,빵류,제조일로부터 30일,,농업회사법인(주)원애그,202005760501,20210916,20230419
물엿,물엿,동방이온물엿,기타엿,제조일로부터 2년,,(주)동방식품,1979025700941,20200528,20200605
참외,참외,동백민속참외장아찌,절임식품,제조일로부터 1년6개월,,동백민속고추장,1997049905649,20070118,20240117
탄산,탄산,동상면 청정 탄산수 플레인,탄산수,제조일로부터 12개월,,영농조합법인 동상면사람들,1996049414676,20230731,20240117
계란,계란,동원 계란볶음밥,즉석조리식품,냉동. 12개월,,(주)시아스,200504150205006,20250414,20250718
올리고당,올리고당,동원요리올리고당,올리고당가공품,제조일로부터 24개월,,동희(주),19850347003151,20180614,20180615
계란,계란,동원YES 계란옷입은깐쇼새우,기타 수산물가공품,제조일로부터 12개월까지,,(주)네이처앤컬처,2002034712793,20171013,20260527
계란,계란,동원YES 계란입힌 에그완자,식육함유가공품,제조일로부터 12개월까지,,(주)네이처앤컬처,20020347127201,20240703,20240906
계란,계란,동태포계란전,즉석조리식품,제조일로부터 냉장 5일,,아람찬,2022018840640,20220920,20220921
숙주,숙주,돼지고기 숙주볶음,간편조리세트,제조일로부터 7일까지,,(주)마이셰프,20230377067349,20231129,20241123
계란,계란,돼지고기계란장조림,조림류,제조일로부터 5일,,(주)수미찬,20210042832186,20220702,20220704
계란,계란,돼지랑찌개랑계란탕육수,소스,제조일부터 12개월 (냉동보관),,(주)동원홈푸드,2002046107313445,20221207,20230907
계란,계란,돼지랑찌개랑계란탕육수,소스,제조일부터 8개월 (냉장보관),,(주)동원홈푸드,201904421491334,20221207,20221208
봄동,봄동,돼지불고기봄동덮밥,즉석조리식품,제조일로부터 12개월,,(주)현대그린푸드 스마트푸드센터,201902803274743,20260210,20260213
숙주,숙주,돼지안심숙주덮밥 밀키트,즉석조리식품,제조일로부터 12개월,,쿡베이스,202002308871964,20241120,20260612
숙주,숙주,돼지안심숙주덮밥 밀키트(베이직),즉석조리식품,제조일로부터 12개월,,쿡베이스,202002308871982,20241121,20260612
초장,초장,돼지표 회초장,혼합장,18개월,18개월,(주)한정성,2000060722888,20231102,20250522
초장,초장,두릅초장아찌,절임식품,,제조일로부터 6개월,주식회사 둥구나무,201802932925,20180611,20180627
계란,계란,두부계란말이,즉석조리식품,제조일로부터 7일,,팜스더프레시,20220299544268,20240426,20250214
계란,계란,두부계란볶음,즉석조리식품,제조일로부터 8일,,라임에프앤비(주),20210222240603,20241209,20241212
계란,계란,두부계란장,조림류,제조일로부터 6일,,도리깨침,20200280142355,20221115,20221122
계란,계란,두부계란탕 진한라면맛,즉석조리식품,제조일로부터 12개월,,어보제철음식연구소 주식회사,20210156872139,20260430,20260501
달걀,달걀,두부달걀무른밥,영.유아용 이유식,제조일로부터 20일,,주식회사 플라잉닥터 제2공장,20250483015468,20251118,20251120
달걀,달걀,두부달걀부침,즉석조리식품,제조일로부터 15일,,(주)뽀뽀뜨,200203804811307,20190313,20230610
숙주,숙주,두부숙주감자퀴노아된죽,영.유아용 이유식,제조일로부터 12일,,주식회사 지니온,20240320157471,20240902,20240904
숙주,숙주,두부숙주감자퀴노아무른밥,영.유아용 이유식,제조일로부터 12일,,주식회사 지니온,20240320157470,20240902,20240904
숙주,숙주,두부숙주감자퀴노아죽,영.유아용 이유식,제조일로부터 12일,,주식회사 지니온,20240320157472,20240902,20240904
케첩,케첩,두부튀김케첩볶음,즉석섭취식품,제조일로부터 1일,,노꼬메식품,20180621087221,20210422,20210423
요구르트,요구르트,두유 요구르트 유자맛,유산균음료,제조일로부터 30일까지,,농업회사법인 하늘빛 주식회사,19990458123116,20201104,20201118
계란,계란,두툼 탕종 계란 사라다,즉석섭취식품,제조시간으로부터 96시간,,에스엘비코리아(주),20080073068758,20231012,20240227
계란,계란,두툼계란말이,즉석조리식품,제조일로부터 5일,제조일로부터 5일,주식회사송도즉석반찬 숭의점,20230260347112,20241130,20241203
미역줄기,미역줄기,둥구나무 미역줄기볶음,조림류,제조일로부터 7일,,주식회사 둥구나무,20180293292209,20251027,20251028
참외,참외,드레싱 참외초,당절임,제조일로부터 1년까지,,농업회사법인 주식회사 지엔에프앤비 2공장,20150569083178,20240923,20240925
계란,계란,든든 식단 도시락 마늘간장&계란볶음밥,즉석조리식품,제조일로부터 12개월까지,,(주)푸드인모닝스타,20220493563246,20250820,20250821
계란,계란,든든 식단 도시락 크리미로제&계란야채볶음밥,즉석조리식품,제조일로부터 12개월까지,,(주)푸드인모닝스타,20220493563249,20250820,20250821
달걀,달걀,든든한 누룽지쌀국수달걀탕,즉석조리식품,제조일로부터 10일,,(주)베베쿡,200303806613197,20260618,20260620
계란,계란,들깨 계란 칼국수,숙면,제조일로부터 6개월까지(냉장),,주식회사삼립,199503380159162,20250902,20250903
계란,계란,들깨 계란 페투치네 생면,생면,제조일로부터 90일,,서울프로셰프,2021035852970,20241211,20241219
계란,계란,들깨계란칼국수용 스프,복합조미식품,제조일로부터 18개월까지,,주식회사 썬에프엘,200003440641230,20250620,20250625
초장,초장,들깨초장,소스,제조일로부터 180,,(주)델리후레쉬,19970347005459,20250623,20250627
초장,초장,들깨초장소스,소스,제조일로부터 6개월,,(주)현대그린푸드 스마트푸드센터,201902803272932,20230427,20230801
계란,계란,듬뿍계란김밥,즉석섭취식품,제조시간으로부터 40시간,,롯데평택CK 주식회사,199503062741873,20230725,20240925
계란,계란,듬뿍햄계란말이,즉석섭취식품,제조시간으로부터 52시간까지,,삼성웰스토리 Central Kitchen 아산,20240702932354,20260521,20260522
상추,상추,디엠 상추 겉절이용 소스,소스,냉장 5개월,냉장 5개월,(주)디엠에프엔씨,202004427224,20201024,20211008
상추,상추,딥나잇 흑하랑상추환,기타가공품,제조일로부터 24개월,,(주)남도농산,20140522036180,20250409,20250411
참외,참외,"딸기, 참외, 블루베리 믹스 동결건조 후레이크",과.채가공품,제조일로부터 12개월,,성주군농산물융복합가공지원센터,202408770934,20250331,20250404
아이스크림,아이스크림,딸기맛아이스크림파우더,기타가공품,1년,,한국프레나,2006033212319,20130530,20160706
아이스크림,아이스크림,딸기아이스크림,빙과,제조 연월일 표시,,젤라또팩토리,2018003622216,20210701,20210804
시리얼,시리얼,딸기현미시리얼,곡류가공품,제조일로부터 12개월,,마음푸드,2015018840449,20210126,20210128
초장,초장,땡김땡초장 레벨1,소스,6개월,해당없음.,이푸드,20050115101137,20210703,20220225
초장,초장,땡김땡초장 레벨2,소스,6개월,,이푸드,2005011510133,20090220,20220225
계란,계란,땡초계란장조림,조림류,제조일로부터 4일,,주식회사찬장에프에스대전,2022032110068,20220819,20220826
초장,초장,땡초장,소스,제조일로부터 3개월까지,,거제시농산물가공협동조합,20180604608205,20250503,20250514
아이스크림,아이스크림,떠먹는 아이스크림슈,빵류,제조일로부터 270일(9개월)까지,,명이네 푸드,20210325094116,20250116,20250918
아이스크림,아이스크림,떠먹는 초코아이스크림슈,빵류,제조일로부터 9개월,,명이네 푸드,20210325094124,20250219,20250918
계란,계란,떡갈비계란김밥,즉석섭취식품,제조시간으로부터 50시간까지,,(주)원푸드림 주촌지점,20170607069482,20260616,20260618
계란,계란,떡갈비계란김밥,즉석섭취식품,제조시간으로부터 52시간,,(주)푸드플래닛,201503831781561,20260616,20260620
계란,계란,떡갈비계란김밥,즉석섭취식품,제조시간으로부터 52시간 까지,,(주)비지에프푸드,20200450031736,20260604,20260605
달걀,달걀,떡볶이국물에비벼먹는달걀,즉석조리식품,제조일로부터 3개월,,태원식품산업(주),1985031100114016,20231228,20240109
달걀,달걀,똑똑 새우순두부달걀덮밥,즉석조리식품,제조일로부터 20일,,(주)베베쿡,200303806613046,20250521,20250524
시리얼,시리얼,똑똑한 한끼시리얼 바삭대추,땅콩 또는 견과류가공품,제조일로부터 6개월까지,,농업회사법인주식회사유기샘,2014043324065,20171123,20240813
계란,계란,뚜쥬맘계란토스트,즉석조리식품,제조일로부터 180일 까지,,씨제이푸드빌주식회사,199704451444791,20230114,20240920
계란,계란,뚝방닭구이할매계란찜소스,소스,제조일로부터 12개월까지,,엠지푸드솔루션 주식회사,200100535801987,20230426,20260505
계란,계란,뜸 야채계란죽,즉석조리식품,제조일로부터 18개월,,프레시플러스 주식회사,200304432175121,20220516,20220930
아이스크림,아이스크림,라이스소프트아이스크림파우다,기타가공품,24개월(실온),,(주)원우,20020445146356,20160425,20160706
아이스크림,아이스크림,라이스잇 쌀아이스크림 믹스,당류가공품,제조일로부터 24개월,,이노투푸드,202206836423,20230217,20250624
아이스크림,아이스크림,라이스잇 쌀아이스크림 믹스,당류가공품,제조일로부터 24개월,,라이스밸류 익산2공장,202607580783,20260206,20260207
계란,계란,라이스틱(계란닭가슴살),떡류,제조일로부터 12개월,,농업회사법인모던밀(주),20160355042128,20220721,20220728
시리얼,시리얼,라이스파파 백미 시리얼쌀과자,과자,12개월,,힐링푸드,2016050002020,20170804,20240117
아이스크림,아이스크림,라이트 슈가 검은콩 아이스크림,당류가공품,제조일로부터 12개월,,주식회사강동오케익,20050481640295,20260506,20260529
아이스크림,아이스크림,라이트 슈가 밀크 아이스크림,당류가공품,제조일로부터 12개월,,주식회사강동오케익,20050481640290,20250529,20260603
아이스크림,아이스크림,라이트 슈가 초코 아이스크림,당류가공품,제조일로부터 12개월,,주식회사강동오케익,20050481640294,20260326,20260603
즉석밥,즉석밥,라이틀리 곤약즉석밥 호라산밀,즉석조리식품,제조일로부터 12개월,,(주)티엘푸드,2022027226625,20250321,20250322
즉석밥,즉석밥,라이틀리 곤약즉석밥 흑미,즉석조리식품,제조일로부터 12개월,,한국에스비식품(주),196903640041920,20230207,20260201
계란,계란,라지버터향간장계란,즉석섭취식품,제조시간으로부터 52시간까지,,삼성웰스토리 Central Kitchen 아산,20240702932133,20241206,20241210
상추,상추,랜덤 양상추,신선편의식품,15일,,(주)한경푸드시스템,1997036024032,20210514,20211124
계란,계란,랠리 곤약김밥 양배추계란,즉석조리식품,제조일로부터 냉동12개월,,복을만드는사람들 주식회사 농업회사법인,2020061406772,20211223,20220124
시리얼,시리얼,랠리 프로틴 시리얼 오트맛,시리얼류,제조일로부터 12개월,,마음푸드,2015018840482,20221205,20241128
시리얼,시리얼,랠리 프로틴 시리얼 카카오맛,시리얼류,제조일로부터 12개월,,마음푸드,2015018840483,20221205,20241128
상추,상추,랭커 실속 샐러드 양상추 믹스,신선편의식품,제조일로부터 6일,,주식회사 팜스팜 농업회사법인,2021036325563,20230425,20230505
계란,계란,랭킹닭컴 고독한 계란 귀리볶음밥 갈비맛,즉석조리식품,제조일로부터 12개월,,오뚜기냉동식품 주식회사,20040355580685,20251029,20251030
계란,계란,랭킹닭컴 고독한 계란 귀리볶음밥 곤드레,즉석조리식품,제조일로부터 12개월,,오뚜기냉동식품 주식회사,20040355580686,20251029,20251030
계란,계란,랭킹닭컴 고독한 계란 귀리볶음밥 골드쉬림프,즉석조리식품,제조일로부터 12개월,,오뚜기냉동식품 주식회사,20040355580687,20251029,20251031
계란,계란,랭킹닭컴 고독한 계란 귀리볶음밥 궁중찜닭맛,즉석조리식품,제조일로부터 12개월,,오뚜기냉동식품 주식회사,20040355580596,20240709,20240719
계란,계란,랭킹닭컴 고독한 계란 귀리볶음밥 김치맛,즉석조리식품,제조일로부터 12개월,,오뚜기냉동식품 주식회사,20040355580587,20240222,20240229
올리고당,올리고당,러브레터올리고당야채양념,소스,3월(냉장),,주식회사 동방푸드마스타,199104450774971,20140812,20180309
계란,계란,럴수도시락계란말이편,즉석섭취식품,제조시간으로부터 42시간,,롯데용인CK 주식회사,200003470522941,20230808,20230810
상추,상추,럽티 상추캐모마일차,침출차,제조일로부터 2년까지,,티타임 주식회사,199806210171119,20230412,20260603
아이스크림,아이스크림,레드버튼아이스크림파우더,기타가공품,24개월,,(주)유니온F&C,20130197516204,20260430,20260512
탄산,탄산,레몬라임탄산수,탄산수,제조일로부터12개월,,(주)삼양패키징광혜원공장,20070443110432,20191230,20200104
참외,참외,레몬오이참외칩,과.채가공품,제조일로부터 12개월,,(주)디톡톡,20160347144136,20210617,20210619
참외,참외,레몬참외초,당절임,제조일로부터 1년까지,,농업회사법인 주식회사 지엔에프앤비 2공장,20150569083189,20251119,20251121
탄산,탄산,레몬탄산드링크(수출용),탄산음료,제조일로부터 24개월(실온),,롯데칠성음료(주),19930242053233,20100113,20180322
아이스크림,아이스크림,레미콘 블루 요거트 아이스크림 파우더,당류가공품,제조일로부터 18개월,해당사항 없음,세미기업(주),19910490040136,20190314,20240117
탄산,탄산,레민다 스파이랄 탄산수,탄산음료,제조일로부터 1년,,주식회사 동트는세상인,199603781661,19961010,20191024
시리얼,시리얼,레인보우시리얼도넛,빵류,제조일로부터 7일까지,,커빈도너츠,2023028033330,20251106,20251110
계란,계란,렌틸계란볶음밥&고기짬뽕국,즉석조리식품,제조일로부터 9개월,,(주)현대그린푸드 스마트푸드센터,201902803274574,20251015,20251018
상추,상추,로메인상추,신선편의식품,제조일로부터 5일,,농업회사법인 에이에이시주식회사,2018046939696,20251210,20251230
상추,상추,"로메인상추 2,3단계",과.채가공품,제조일로부터 1년,,슈베가든,20250705268104,20260205,20260211
상추,상추,로메인상추 캐모마일 티,침출차,제조일로부터 24개월,,(주)와이케이컴퍼니,20190444045435,20260112,20260113
시리얼,시리얼,로스티드 시리얼향 810934,향료,,해당없음.,다원이노베이션,2019036190234,20230725,20230726
상추,상추,로스팅 흑하랑 상추차,침출차,2년,,농업회사법인 개천골농원(주),20140520102119,20250725,20250730
계란,계란,로스팜마요계란볶음밥삼각,즉석섭취식품,제조시간으로부터 52시간,,롯데부산CK 주식회사,200206143693056,20251023,20251025
계란,계란,로스팜마요계란볶음밥삼각,즉석섭취식품,제조시간으로부터 55시간,,롯데평택CK 주식회사,199503062742158,20250905,20260203
아이스크림,아이스크림,로얄 밀크티 아이스크림,당류가공품,제조년으로부터 1년/제품하단에 유통기한표시,,디저트랩401,2013011502019,20190626,20190705
탄산,탄산,로얄탄산수,탄산음료,"합성수지제 포장1년, 병포장 또는 관제품2년",,(주)물방울,199602571273,20030925,20160706
아이스크림,아이스크림,로지몬스터밀크아이스크림용파우더,기타가공품,제조일로부터 12개월까지,,(주)에프앤에스식품,20210352178373,20210712,20210824
아이스크림,아이스크림,로지몬스터와플아이스크림 와플파우더,곡류가공품,제조일로부터 12개월,,가온식품,20120364578269,20200803,20260201
계란,계란,로티로리 구워 만든 제주 계란쿠키,과자,1년,1년,주식회사 제주내먹,20130631190203,20220826,20220828
아이스크림,아이스크림,롤 아이스크림믹스(2),기타가공품,제조일로부터 24개월까지,,(주) 선인,20030611220304,20170908,20241001
케첩,케첩,롯데리아 케첩,토마토케첩,제조일로부터 1년,,롯데웰푸드주식회사천안공장,1996044900215,20071030,20240202
계란,계란,롯데햄 계란입힌 알뜰소시지전,기타 수산물가공품,제조일로부터 냉동 12개월까지,,(주)하늘푸드 제1공장,2025056233217,20250708,20260201
계란,계란,롯데햄 계란입힌 알뜰소시지전,기타 수산물가공품,제조일로부터 냉동 12개월까지,,(주)하늘푸드제2공장,20140364316329,20241226,20260201
시리얼,시리얼,룩트 단백질쉐이크 시리얼우유맛,체중조절용 조제식품,제조일로부터 18개월,,(주)리빙라이프,20030368010890,20260406,20260523
시리얼,시리얼,룩트 슈톨렌 쿠키시리얼,곡류가공품,제조일로부터 12개월,,(주)해오름식품,20070464015344,20241004,20241022
계란,계란,룩트킨디밀크칼슘계란과자,과자,제조일로부터 12개월 까지,,(주)대산후드 탄현2공장,19930355028295,20260421,20260501
계란,계란,류화 계란찜조미액(스트레이트),소스,제조일로부터 18개월,,태원식품산업(주),1985031100116740,20260310,20260311
계란,계란,리가든 계란찜소스,소스,제조일로부터 6개월까지,,(주)푸드공방,20010368431789,20210107,20210112
계란,계란,리릿 매일매일 도시락 계란볶음밥 매콤제육덮밥,즉석조리식품,제조일로부터 냉동보관(-18℃이하) 6개월,,주식회사 가람식품,2020015600638,20200817,20211030
계란,계란,리릿 매일매일 도시락 계란볶음밥 짜장,즉석조리식품,제조일로부터 냉동보관(-18℃이하) 6개월,,주식회사 가람식품,2020015600637,20200817,20211030
탄산,탄산,리릿톡톡스파클링탄산수,탄산수,제조일로부터 12개월,,(주)상일,19920624042835,20200811,20200813
계란,계란,리본 계란양념소스,소스,제조일로부터 6개월 (냉장보관),,주식회사 바인푸드,20070080171380,20250423,20250426
계란,계란,리본계란소스,소스,6개월,해당무,아오로식품,20070355424183,20230529,20240309
계란,계란,리얼)삶은 계란이 들어있는 쫄면,숙면,"실온 4개월, 냉장 4개월",,(주)이가자연면,20060445194977,20230511,20230524
계란,계란,리얼계란야채고명블럭,기타가공품,제조일로부터 12개월까지,,(주)대도F&D,19920392069396,20241115,20241116
계란,계란,리얼애호박계란채블럭,기타가공품,제조일로부터 12개월까지,,(주)대도F&D,19920392069380,20240628,20240703
계란,계란,리얼애호박계란채블럭,기타가공품,제조일로부터 18개월,,상미식품주식회사,199104490041103,20241030,20250125
계란,계란,리얼프라이스 계란과자,과자,제조일부터 12개월,,(주) 청우식품,20100372386582,20260423,20260530
탄산,탄산,리얼프라이스 탄산수,탄산수,제조일로부터 12개월,,오케이에프음료 주식회사,20100543066641,20180728,20180731
계란,계란,리정원 전용 계란찜육수소스,소스,제조일로부터 6개월,제조일로부터 6개월,주식회사 히즈테이블,2020026957055,20250217,20250307
올리고당,올리고당,리포좀 프락토올리고당,기타가공품,24개월,,우리그린사이언스(주),2024047033713,20240809,20240815
상추,상추,릴렉스 상추티,침출차,제조일로부터 2년,,오트로 패밀리아,2022036907320,20240202,20240214
물엿,물엿,마늘물엿,물엿,제조일로부터 2년,,의성엿,197105630193,20090205,20160706
계란,계란,마늘밥 계란장조림,즉석섭취식품,제조일시로부터 72시간,,(주)후레쉬서브,200803362281470,20240908,20241003
상추,상추,마늘상추 추출물 혼합 농축액,기타가공품,제조일로부터 2년,제조일로부터 2년,농업회사법인 (유)휴먼에노스,2020049802753,20230523,20240117
계란,계란,마마쿡 계란소스,소스,제조일로부터 6개월,,(주)마마쿡 포천공장,20190361483130,20220906,20230713
계란,계란,마마쿡 계란장조림,조림류,제조일로부터 15일,-,(주)마마쿡 포천공장,20190361483300,20251114,20260109
미역줄기,미역줄기,마마쿡 미역줄기볶음,조림류,제조일로부터 15일,-,(주)마마쿡 포천공장,20190361483256,20250521,20250523
미역줄기,미역줄기,마마쿡 미역줄기볶음(냉동),조림류,제조일로부터 12개월,,(주)마마쿡 포천공장,20190361483235,20240704,20240706
봄동,봄동,마마쿡 봄동바지락된장국,즉석조리식품,제조일로부터 7일,-,(주)마마쿡 포천공장,20190361483358,20260313,20260318
봄동,봄동,마마쿡 봄동바지락된장국,간편조리세트,제조일로부터 7일,,(주)마마쿡 포천공장,20190361483178,20231129,20231201
봄동,봄동,마마쿡 봄동바지락된장국(냉동),즉석조리식품,제조일로부터 1년,-,(주)마마쿡 포천공장,20190361483359,20260313,20260318
봄동,봄동,마마쿡 봄동바지락된장국(밀키트) -바지락별도,간편조리세트,제조일로부터 7일,,(주)마마쿡 포천공장,20190361483193,20240205,20240207
미역줄기,미역줄기,마마쿡(2) 미역줄기볶음,조림류,제조일로부터 10일,,(주)마마쿡 포천공장,20190361483106,20210314,20220715
미역줄기,미역줄기,마마쿡(H) 미역줄기볶음,조림류,제조일로부터 5일,-,(주)마마쿡 포천공장,20190361483311,20251128,20251204
미역줄기,미역줄기,마마쿡(K) 미역줄기볶음,조림류,제조일로부터 10일,-,(주)마마쿡 포천공장,20190361483308,20251127,20251202
계란,계란,마시뜨랑 계란밥 & 떡갈비스틱,즉석조리식품,제조일로부터 냉동보관(-18℃이하) 9개월,,주식회사 가람식품,202001560069,20200316,20250213
계란,계란,마시뜨랑 계란볶음밥,즉석조리식품,제조일로부터 냉동보관(-18℃이하) 6개월,,주식회사 가람식품,2020015600650,20210329,20211030
참외,참외,마싯다 주박참외장아찌,절임식품,제조일로부터12개월,,완주로컬가공먹거리생산자협동조합,20160494081303,20250820,20250916
계란,계란,마이비밀 홈슐랭도시락 계란볶음밥과 닭가슴살마라샹궈,즉석조리식품,냉동 9개월,,(주)이에스그린푸드,20170443338298,20210524,20210617
계란,계란,마이비밀 홈슐랭도시락 계란볶음밥과 닭가슴살마라샹궈 사이즈업,즉석조리식품,냉동 9개월,,(주)이에스그린푸드,20170443338444,20220302,20220304
미역줄기,미역줄기,마이셰프 미역줄기볶음,조림류,제조일로부터 6개월,-,바다원 제2공장,20190280376409,20240724,20250725
아이스크림,아이스크림,마이카페라떼 아이스크림MIX라떼,커피,제조일로부터 84일,,매일유업(주) 청양공장,2003047205268,20220125,20220126
아이스크림,아이스크림,마이카페라떼 아이스크림MIX라떼,커피,제조일로부터 84일,,매일유업(주)평택공장,19810308046220,20220125,20220126
아이스크림,아이스크림,마카롱 아이스크림-바닐라,과자,제조일로부터 270일(9개월)까지,,명이네 푸드,2021032509475,20230105,20250918
아이스크림,아이스크림,마카롱아이스크림-초코,과자,제조일로부터 270일(9개월)까지,,명이네 푸드,2021032509414,20210429,20250918
참외,참외,막걸리향 참외에이드,혼합음료,24개월,,태웅식품(주),19890445014918,20241213,20241217
참외,참외,만나 프레시 참외,신선편의식품,제조일로 부터 7일,,(주)진원무역,2014059903230,20171204,20220106
계란,계란,만석동철판집 계란찜파우더,복합조미식품,제조일로부터 12개월,,주식회사 스파이시코리아,2024041727334,20250219,20250221
계란,계란,말차계란과자,과자,제조일로 부터 1년,제조일로 부터 1년,주식회사 제주내먹,20130631190245,20230526,20230602
햇반,햇반,말차햇반,즉석조리식품,제조일로부터 7개월,,씨제이제일제당(주) 진천 BLOSSOM CAMPUS 3동,2019045020873,20260518,20260520
올리고당,올리고당,말토올리고당,올리고당,제조일로부터 2년,,(주)삼양사울산2공장,1988024709751,20120111,20180107
올리고당,올리고당,말토올리고당,올리고당,제조일로부터 2년,,씨제이제일제당(주),2011031133631,20200306,20260216
올리고당,올리고당,말토올리고당 C,올리고당,제조일로부터 2년,,(주)삼양사,1975020800361,20241106,20241109
올리고당,올리고당,말토올리고당 D200,올리고당,제조일부터 2년,,(주)삼양사울산2공장,1988024709766,20161219,20180107
올리고당,올리고당,말토올리고당 G4,올리고당,제조일로부터 24개월,,(주)삼양사,1975020800354,20180911,20190125
올리고당,올리고당,말토올리고당-DS,올리고당,제조일로 6개월,무,대상주식회사,20030484120112,20200316,20240117
물엿,물엿,말토이온물엿,기타엿,제조일로부터 2년,,씨제이제일제당(주),2011031133637,20260507,20260512
계란,계란,맑은계란탕,즉석조리식품,제조일로부터 5일,제조일로부터 5일,(주)하니푸드,20210268770420,20240301,20240406
물엿,물엿,맑은물엿,기타엿,제조일로부터 24개월,,(주)영수식품,2016047204342,20240404,20240409
물엿,물엿,맑은빛 부드러운 올리고맥아물엿,기타엿,2년,,동희(주),19850347003115,20110809,20160706
케첩,케첩,맘스터치 케첩,토마토케첩,제조일로부터 12개월까지,,주식회사 오뚜기,197202880023109,20150420,20231223
봄동,봄동,맘쏙 봄동 겉절이,김치,제조일로부터 25일,,(주)원정푸드,20210157019108,20250218,20250221
참외,참외,맘애찬 참외간장절임,절임식품,1년,,푸른영농조합법인,2015056005816,20150202,20160706
계란,계란,맛계란 소스,소스,제조일로부터 12개월,,비에이치푸드케어(주),200103723433606,20250203,20250205
계란,계란,맛계란소스,소스,제조일로부터12개월,,(주)미미가,2020061009612,20210729,20210730
계란,계란,맛계란소스,소스,제조일로부터 12개월,"냉동(-18℃이하)상태에서 보존및 유통, 제조일로부터 12개월",(주)에스케이(SK)푸드,2022087291112,20250211,20250213
상추,상추,맛궁채(줄기상추),절임식품,제조일로부터 180일,,(주)녹선,200103770921572,20210524,20230114
상추,상추,맛궁채(줄기상추)2,절임식품,제조일로부터 1년,,(주)녹선,200103770921727,20220610,20230114
케첩,케첩,맛다옴 토마토케첩,토마토케첩,제조일로부터 12개월,,주식회사디아이,2000038636648,20200427,20230610
참외,참외,맛들찬 청참외장아찌,절임식품,제조일로부터 2년,제조일로부터 1년,금강식품,201604844662,20160811,20240704
계란,계란,맛살계란볶음밥재료,조림류,제조일로부터 7일(냉장),,집반찬연구소,20010193033788,20230828,20251110
미역줄기,미역줄기,맛잇는 미역줄기볶음,조림류,5일,,정성을담은반찬,2024022626330,20241108,20241112
계란,계란,맛있는 계란국,즉석조리식품,제조일로부터 12개월,,상미식품주식회사,199104490041070,20240524,20240704
계란,계란,맛있는 계란볶음밥,즉석조리식품,제조일로부터 12개월,,오뚜기냉동식품 주식회사,20040355580555,20230620,20240620
계란,계란,맛있는 닭가슴살 볶음밥 간장계란,즉석조리식품,제조일로부터 12개월,,주식회사 엄지식품,201504932081230,20240617,20251022
계란,계란,맛있는 닭가슴살 볶음밥 간장계란,즉석조리식품,제조일로부터 12개월까지,,농업회사법인 주식회사 한우물,200804930741215,20230130,20240117
계란,계란,맛있는 닭가슴살 토마토계란볶음밥,즉석조리식품,제조일로부터 12개월까지,,주식회사 엄지식품,20150493208949,20220526,20240117
계란,계란,맛있는 두부 볶음밥 부드러운 계란,즉석조리식품,제조일로부터 12개월,,주식회사 엄지식품,201504932081193,20231220,20251022
계란,계란,맛제일스팸마요계란볶음밥,즉석섭취식품,제조시간으로부터 72시간,,(주)제이비프레시,20200620210557,20251215,20251216
물엿,물엿,맛찰맥아 물엿,기타엿,제조일로부터 2년,,(주)쎄레스,19850368057112,20211122,20211123
물엿,물엿,맛찰맥아쌀물엿,물엿,2년,,서해안식품,1998046127238,20110921,20160706
아이스크림,아이스크림,망고맛아이스크림파우더,기타가공품,1년,,한국프레나,2006033212321,20130530,20160706
탄산,탄산,매머드 탄산수,탄산수,제조일로부터 12개월,,건강한사람들 주식회사 2사업장,20030473071476,20240311,20240313
계란,계란,매생이 계란찜,즉석조리식품,제조일로부터 5일,,도리깨침,20200280142387,20221223,20221228
식초,식초,매실건강식초,발효식초,제조일로부터 2년,,매실명가 청매원,2001052113613,20050722,20160706
올리고당,올리고당,매실농축액과 올리고당이 함유된 새콤달콤 초고추장,혼합장,18개월,,대상(주),19850499011272,20181018,20240117
물엿,물엿,매실맥아물엿(거산),기타엿,품질유지기한 2년,,해가원식품,200904720316,20110405,20160706
물엿,물엿,매실황물엿 (밭너미),기타엿,,품질유지기한2년,해가원식품,200904720318,20180730,20180731
아이스크림,아이스크림,매일 소프트 아이스크림 파우더 말차,기타가공품,제조일로부터 12개월,,(주)제이에스푸드,20020445102305,20260319,20260325
아이스크림,아이스크림,매일 소프트 아이스크림 파우더 밀크,기타가공품,제조일로부터 12개월,,(주)제이에스푸드,20020445102304,20260319,20260325
아이스크림,아이스크림,매일 소프트 아이스크림 파우더 오트,기타가공품,제조일로부터 12개월,,(주)제이에스푸드,20020445102306,20260319,20260325
미역줄기,미역줄기,매콤 미역줄기 장절임,절임식품,제조일로부터 12개월,,(주)진현,20150607609152,20250908,20251025
미역줄기,미역줄기,매콤 미역줄기 장절임 (냉장),절임식품,제조일로부터 1개월,,(주)진현,20150607609155,20250910,20251029
계란,계란,매콤로제계란함박,즉석조리식품,제조일로부터 4개월까지,,(주)후드원,200304451282691,20250520,20250521
봄동,봄동,매콤봄동무침,과.채가공품,제조일로부터 5일,,주식회사찬장에프에스대전,20220321100712,20231115,20250118
케첩,케첩,매콤햄케첩볶음밥,즉석조리식품,제조일로부터 3년,,(주)참맛,19900360106407,20231204,20240203
케첩,케첩,맥도날드 토마토케첩,토마토케첩,"다층필름(PET/AL/PE) 6개월, 다층필름(NYLON/EVOH/PE) 6개월",,주식회사 오뚜기,19720288002658,19880212,20220216
아이스크림,아이스크림,맥문동 아이스크림 믹스,당류가공품,제조일로부터 24개월,,이노투푸드,2022068364222,20240814,20240823
물엿,물엿,맥아당물엿,기타엿,제조일로부터 24개월,,주식회사 바이오원,2018057112712,20230801,20230802
탄산,탄산,먹는샘물로 만들어 맑고 청량한 플레인 탄산수 역시 배민이지,탄산수,제조일로부터 24개월까지,,동아에코팩 주식회사,20230805195123,20251219,20260120
계란,계란,메디쏠라 당뇨케어 장조림계란비빔밥 400,당뇨환자용 식단형 식품,제조일로부터 10일까지 (냉장보관),,메디쏠라 연구소 키친,20160116016506,20240201,20240206
계란,계란,메디쏠라 당뇨케어 장조림계란비빔밥 500,당뇨환자용 식단형 식품,제조일로부터 10일까지 (냉장보관),,메디쏠라 연구소 키친,20160116016552,20240202,20240206
계란,계란,메디쏠라 장조림계란비빔밥 400,즉석조리식품,제조일로부터 10일까지 (냉장보관),,메디쏠라 연구소 키친,20160116016283,20231115,20240215
계란,계란,메디쏠라 장조림계란비빔밥 500,즉석조리식품,제조일로부터 10일까지(냉장보관),,메디쏠라 연구소 키친,20160116016289,20240214,20240216
참외,참외,메론참외맛송편,떡류,"제조일로부터 5일, 제조일로부터 12개월",,모모시루,20180609045122,20220328,20220528
계란,계란,메밀계란김밥,즉석섭취식품,제조일로부터 4일,,농업회사법인(주) 담푸른,20160338669144,20230516,20230517
달걀,달걀,메밀면 & 달걀지단 보틀 샐러드,즉석섭취식품,제조일로부터 6일,,(주)스윗밸런스랩,20210280073368,20240508,20240515
계란,계란,메밀전병 계란지짐,기타가공품,제조일로부터 냉동 12개월,,(주)서일코퍼레이션,19980372112131,20131104,20160706
케첩,케첩,메추리알케첩볶음,즉석조리식품,제조일로부터 12일,,순수본 주식회사,20180491181534,20230310,20240117
계란,계란,면사랑 계란국수,건면,24개월,,(주)면사랑,19930443028456,20070608,20250515
상추,상추,멸치액상추출물,소스,제조일로부터 6개월까지,,화창식품(주),19890606033106,20060706,20191017
계란,계란,명란 감태 계란말이,즉석조리식품,제조일로부터 5일,,도리깨침,20200280142916,20251121,20251125
계란,계란,명란계란말이,즉석조리식품,제조일로부터 4일,,라임에프앤비(주),20210222240110,20210424,20240201
계란,계란,명란계란말이 & 잡곡덮밥,즉석조리식품,제조일로부터 9개월,제조일로부터 9개월,(주)세종인터내셔날,2021010897372,20240611,20240614
계란,계란,명란계란말이 & 참치케이퍼볶음밥,즉석조리식품,제조일로부터 9개월,제조일로부터 9개월,(주)세종인터내셔날,2021010897373,20240611,20240614
계란,계란,명란계란말이와 깍두기볶음밥,즉석조리식품,제조일로부터 9개월,제조일로부터 9개월,(주)세종인터내셔날,2021010897367,20240419,20240420
계란,계란,명란계란말이와 매콤오징어볶음밥 도시락,즉석조리식품,제조일로부터 9개월,제조일로부터 9개월,(주)세종인터내셔날,2021010897368,20240516,20240608
계란,계란,명란계란말이와 소고기볶음밥,즉석조리식품,제조일로부터 9개월,제조일로부터 9개월,(주)세종인터내셔날,2021010897366,20240419,20240420
계란,계란,명인명촌 계란쿠키,과자,제조일로부터  6개월,,(주)에코제이푸드,20150627424357,20250204,20250206
봄동,봄동,명품 맛좋은 봄동겉절이,김치,,제조일로부터 6개월,(주)오김치,2008023652142,20260525,20260530
참외,참외,모과 담은 참외 고추장 장아찌,절임식품,제조일로부터 12개월,,주식회사쿡씨,2013033809629,20201119,20230105
참외,참외,"모듬과일19(참외,방토)",신선편의식품,냉장 5일,,아이선,2019016428554,20200601,20241224
계란,계란,모듬버섯계란진밥,영.유아용 이유식,제조일로부터12일,,순수본 주식회사,20180491181343,20200428,20240301
참외,참외,"모듬장아찌완제품(참외,무,오이)",절임식품,6개월,,공주김순남할머니장아찌,2001045830214,20130826,20201020
상추,상추,모듬줄기상추피클,절임식품,제조일부터 6개월(냉장 : 0℃-10℃),,은조식품,2001004204859,20250414,20250424
봄동,봄동,모산김치 갓담근 봄동 겉절이,김치,제조일로부터 30일,제조일로부터 30일,주식회사모산F/S,20090607280320,20241121,20250116
계란,계란,모짜렐라치즈계란말이,즉석섭취식품,제조일로부터 4일,,(주)하니푸드,2021026877071,20210531,20240801
계란,계란,모찌계란빵용믹스 S,기타가공품,제조일로부터 12개월,,다산에프엠(주),19990347022175,20210629,20210701
달걀,달걀,몽글몽글달걀북엇국,즉석조리식품,제조일로부터 7일,,(주)정미경키친,20200280071185,20210414,20210416
계란,계란,무궁화반점 간장계란밥,즉석조리식품,제조일로부터 12개월,,(주)엄지식품,20210504123430,20260417,20260422
올리고당,올리고당,무농약 재배무로 만든 올리고당 쌈무,절임식품,제조일로부터 70일,,주식회사 일미농수산,19980257052160,20091008,20160706
올리고당,올리고당,무농약 재배무로 만든 올리고당 쫄깃단무지,절임식품,제조일로부터 70일,,주식회사 일미농수산,19980257052159,20091008,20160706
올리고당,올리고당,무농약 재배무로 만든 올리고당 치자 김밥단무지,절임식품,제조일로부터 70일,,주식회사 일미농수산,19980257052158,20091008,20160706
올리고당,올리고당,무농약 재배무로 만든 올리고당 치자 단무지,절임식품,제조일로부터 70일,,주식회사 일미농수산,19980257052157,20091008,20160706
올리고당,올리고당,무농약 재배우엉으로 만든 올리고당 김밥용 우엉,절임식품,제조일로부터 70일,,주식회사 일미농수산,19980257052161,20091008,20160706
미역줄기,미역줄기,무색소 미역줄기,기타 수산물가공품,제조일로부터 7일,,어업회사법인대원식품주식회사,202005260446,20231222,20240202
계란,계란,무지개푸드 계란찜육수,소스,제조일로부터 6개월까지,,(주)에프앤에스식품,20210352178866,20220905,20220916
계란,계란,무화당 저당 고단백 계란빵,빵류,제조일로부터 6개월,,세동주식회사,2021016404547,20220128,20251105
계란,계란,묵은지 계란 김밥,즉석조리식품,제조일로부터 냉동12개월,,복을만드는사람들 주식회사 농업회사법인,2020061406758,20210722,20230426
올리고당,올리고당,물빛누리 화천올리고당딸기잼,잼,제조일로부터 24개월 까지,해당없음.,화천군농산물종합가공지원센터,2018041805216,20230629,20230701
계란,계란,뭉개뭉계란 고구마,즉석섭취식품,제조일로부터 30일,,(주)엠디에스코리아 3공장,2015035522297,20170623,20250527
계란,계란,뭉개뭉계란 콘감자,즉석섭취식품,제조일로부터 30일,,(주)엠디에스코리아 3공장,2015035522298,20170623,20250403
계란,계란,뭉계란스틱 콘감자샐러드,즉석섭취식품,제조일로부터 60일까지,,(주)엠디에스코리아 3공장,20150355222554,20251014,20251016
계란,계란,미가 계란찜소스,소스,,해당없음.,마리푸드,2014014167424,20181029,20181031
들기름,들기름,味家들기름,들기름,제조일로부터1년,해당없음.,다인식품,20000383587104,20210322,20230610
봄동,봄동,미나리봄동겉절이,즉석섭취식품,제조일로부터 5일,제조일로부터 5일,(주)하니푸드,20210268770558,20250319,20250321
탄산,탄산,미네마인 스파클링 고밀도 강탄산,탄산음료,제조일로부터 12개월,,(주)동원에프앤비 설성공장,202606921312,20260527,20260604
계란,계란,미니계란찜,즉석조리식품,제조일로부터 4일,,(주)수미찬,20210042832109,20220330,20230218
탄산,탄산,미닛메이드 레몬에이드 탄산,탄산음료,12 개월,,해태에이치티비주식회사,19980449002738,20250313,20250318
탄산,탄산,미닛메이드 레몬에이드 탄산,탄산음료,제조일로부터 12개월,,건강한사람들 주식회사 2사업장,20030473071467,20231214,20240613
탄산,탄산,미닛메이드 레몬에이드 탄산,탄산음료,제조일로부터 12개월,제조일로부터 12개월,튤립인터내셔널(주),20190575042216,20231026,20231130
탄산,탄산,미닛메이드 레몬에이드 탄산,탄산음료,"PET : 제조일로부터 12개월, CAN : 제조일로부터 12개월",,오케이에프음료 주식회사,201005430661260,20231214,20240529
탄산,탄산,미닛메이드 자몽에이드 탄산,탄산음료,제조일로부터 12개월,제조일로부터 12개월,튤립인터내셔널(주),20190575042215,20231026,20231130
탄산,탄산,미닛메이드 자몽에이드 탄산,탄산음료,"CAN :제조일로부터 24개월, PET: 제조일로부터 12개월",,대경사과원예농협음료가공공장,19920562023487,20240119,20240120
탄산,탄산,미닛메이드 자몽에이드 탄산,탄산음료,"PET : 제조일로부터 12개월, CAN : 제조일로부터 24개월",,오케이에프음료 주식회사,201005430661261,20231214,20231219
탄산,탄산,미닛메이드 자몽에이드 탄산,탄산음료,24개월,24개월,해태에이치티비주식회사,19980449002728,20240117,20240123
탄산,탄산,미닛메이드 자몽에이드 탄산,탄산음료,제조일로부터 12개월,,건강한사람들 주식회사 2사업장,20030473071468,20231214,20240214
계란,계란,미미덮밥 계란볶음밥&양념불닭,즉석조리식품,냉동 9개월,,(주)이에스그린푸드,20170443338652,20240328,20240329
계란,계란,미소식 스크램블계란반 볶음밥 매콤,즉석조리식품,제조일로부터 12개월,,오뚜기냉동식품 주식회사,20040355580623,20241210,20241214
계란,계란,미소식 스크램블계란반 볶음밥 오리지널,즉석조리식품,제조일로부터 12개월,,오뚜기냉동식품 주식회사,20040355580622,20241210,20241214
계란,계란,미스터라멘 간장계란밥소스,소스,제조일로부터 6개월,,프레시플러스 주식회사,200304432174636,20210504,20210507
계란,계란,미스터라멘 간장계란밥소스,소스,제조일부터 12개월,,서울향료(주)진천공장,20180450262954,20220117,20220209
미역줄기,미역줄기,미역줄기,조림류,제조일로부터 5일,,(주)하니푸드,2021026877035,20210521,20240326
미역줄기,미역줄기,미역줄기,기타 수산물가공품,제조일로부터 7일,,어업회사법인대원식품주식회사,2002052507824,20240313,20240319
미역줄기,미역줄기,미역줄기,기타 수산물가공품,12개월,,장흥군수산업협동조합 수산물 가공공장,202005250308,20220418,20220419
미역줄기,미역줄기,미역줄기,기타 수산물가공품,제조일로부터 7일,,어업회사법인대원식품주식회사,202005260441,20201110,20241114
미역줄기,미역줄기,미역줄기,기타 수산물가공품,제조일로부터 18개월,상온에서 18개월,신평어촌계영어조합법인,202005220243,20220309,20220315
미역줄기,미역줄기,미역줄기,즉석조리식품,제조일로부터 6일,,맛있는찬,20240145988168,20240615,20250514
미역줄기,미역줄기,미역줄기,기타 수산물가공품,제조일로부터 1년,,(주)진현,2015060760938,20180919,20180920
미역줄기,미역줄기,미역줄기,기타 수산물가공품,상온 : 1년6개월,,(주)진현,2015060760975,20210127,20210130
미역줄기,미역줄기,미역줄기 고추장절임,절임식품,제조일로부터 12개월,,(주)진현,20150607609165,20251020,20251126
미역줄기,미역줄기,미역줄기 고추장절임 (냉장),절임식품,제조일로부터 3개월,,(주)진현,20150607609166,20251020,20251025
미역줄기,미역줄기,미역줄기 닭가슴살 볶음,조림류,제조일로부터 14일까지,,(주)푸드트리,20140275195155,20220725,20220805
미역줄기,미역줄기,미역줄기 맛살 볶음,즉석섭취식품,상온상태에서 제조시간부터 8시간까지,,(주)푸드윈,2008034244164,20160223,20180901
미역줄기,미역줄기,미역줄기 무침,조림류,제조일로부터 7일(냉장),,팜스더프레시,20220299544461,20260521,20260522
미역줄기,미역줄기,미역줄기 볶음,조림류,60일,,들새암 울타리,2018052904311,20210209,20210210
미역줄기,미역줄기,미역줄기 볶음,조림류,제조일로부터 7일(냉장보관),,주식회사 진가네,2017016095862,20180116,20230309
미역줄기,미역줄기,미역줄기 볶음,기타가공품,제조일로 4일,,용진식품,2013009475472,20240206,20240308
미역줄기,미역줄기,미역줄기 장아찌,절임식품,6개월(0℃~10℃이하),,지운식품,201705390128,20190605,20190713
미역줄기,미역줄기,미역줄기 장아찌,절임식품,제조일로부터 5개월,제조일로부터 5개월,어물동웃는콩,2008025428518,20150602,20180818
미역줄기,미역줄기,미역줄기 장절임,절임식품,제조일로부터 1년,,(주)진현,20150607609151,20250908,20251025
미역줄기,미역줄기,미역줄기 장절임 (냉장),절임식품,제조일로부터 3개월,,(주)진현,20150607609154,20250910,20251025
미역줄기,미역줄기,미역줄기나물,조림류,제조이로부터 7일,,담미터,2025050441419,20250811,20250812
미역줄기,미역줄기,미역줄기나물,조림류,제조일로부터 14일,첨부파일 참조,다미온,202203186082,20221227,20260609
미역줄기,미역줄기,미역줄기나물,조림류,제조일로부터 6개월 (냉동보관),,(주)동해식품,20040275272483,20201116,20230721
미역줄기,미역줄기,미역줄기나물,기타가공품,제조일로부터 냉장온도에서 3일,,(주)제이다인,2014034718758,20161014,20161015
미역줄기,미역줄기,미역줄기나물,조림류,제조일로부터 10일,,(주)녹선,200103770921826,20230821,20240906
미역줄기,미역줄기,미역줄기나물,조림류,제조일로부터 12개월까지,,농업회사법인 한울팜스주식회사,20080440082333,20201114,20241122
달걀,달걀,미자언니네 감자달걀샐러드,과.채가공품,제조일로부터 5일,,(주)미자언니에프엔디,20180106169300,20201215,20260428
계란,계란,미자언니네 계란간장,소스,18개월,,바론식품 주식회사,2005015602543,20181128,20230815
달걀,달걀,미자언니네 날치알깻잎달걀말이,기타가공품,제조일로부터 4일,,(주)미자언니에프엔디,20180106169304,20201126,20201219
계란,계란,미자언니네 야채계란찜,즉석조리식품,제조일로부터 4일,,(주)미자언니에프엔디,20180106169302,20201125,20201219
케첩,케첩,미트볼케첩조림,조림류,제조일로부터 7일,,농업회사법인 소생로컬푸드 주식회사 제2공장,20210559160419,20241113,20241119
케첩,케첩,미트볼케첩조림,즉석섭취식품,제조시간으로부터 8시간,,그린웰주식회사,2004062771492,20160722,20240201
후추,후추,味후추,향신료조제품,제조일로부터 24개월,,주식회사 다솜식품,2014044902351,20180807,20180808
참외,참외,민속참외장아찌,절임식품,제조일로부터 1년,,순창전통민속고추장,1998049900542,20190712,20240117
달걀,달걀,믿고밥 닭가슴살 볶음밥 달걀야채,즉석조리식품,제조일로부터 12개월까지,,농업회사법인 주식회사 한우물,200804930741330,20231017,20240117
계란,계란,바나나 계란 쿠키,과자,제조일로부터 12개월,,우성식품,2019042410932,20230202,20230315
상추,상추,바로먹는 양상추,신선편의식품,냉장 5일,,아이선,2019016428592,20220118,20250227
계란,계란,바로먹는 촉촉 계란빵,빵류,제조일로부터 냉동보관(-18도이하) 9개월,,주식회사 마크로드제과,20060368135657,20250904,20250906
참외,참외,바로먹는 큰참외 장아찌,절임식품,1년,,큰골영농조합,200904841263,20151005,20240117
참외,참외,바로먹는(다진) 큰참외 장아찌,절임식품,1년,,큰골영농조합,200904841264,20151005,20240117
달걀,달걀,바르닭 토마토달걀볶음밥,즉석조리식품,냉동 9개월,,(주)이에스그린푸드,20170443338289,20210325,20220902
참외,참외,바바포레스트 냉동참외,과.채가공품,제조일로부터 3년까지,,농업회사법인 주식회사 지엔에프앤비 2공장,20150569083151,20230424,20230427
계란,계란,바쁘닭 현미 주먹밥 간장계란버터,즉석조리식품,제조일로부터 12개월,,(주)엄지식품,20210504123166,20230127,20240117
계란,계란,바삭 초밥계란명란마요,즉석섭취식품,제조일로부터 72시간,,주식회사 탭스인터내셔널,20230377181106,20260610,20260613
계란,계란,바삭스팸계란,즉석섭취식품,제조일의 제조시간으로부터 72시간,,(주)가온에프에스,201105280671082,20251027,20251029
계란,계란,바삭초밥계란명란마요,즉석섭취식품,제조일의 제조시간으로부터 72시간,,(주)가온에프에스,201105280671141,20260620,20260623
케첩,케첩,바스버거 토마토케첩,토마토케첩,제조일로부터 12개월까지,,(주)원일식품,200004430423882,20241210,20241211
반숙란,반숙란,반)반숙란샌드위치,즉석섭취식품,제조시간으로부터 48시간 이내,,씨제이푸드빌주식회사,199704451444704,20211027,20240704
달걀,달걀,반반 달걀제육김밥,즉석섭취식품,제조시부터 72 시간,,(주)대정,201905450091024,20260519,20260522
달걀,달걀,반반 달걀제육김밥,즉석섭취식품,제조시간으로부터 60시간,,(주)영진데리카후레쉬,200303641181797,20260518,20260523
유정란,유정란,반숙 간장 유정란,절임식품,제조일로부터 15일,,예닮가,202607991211,20260528,20260529
계란,계란,반숙계란버터간장,즉석섭취식품,제조시간으로부터 50시간 까지,,(주)비지에프푸드,20200450031472,20250407,20250409
계란,계란,반숙계란장,조림류,제조일로부터 7일,,팜스더프레시,20220299544276,20240529,20240703
계란,계란,반숙계란장,조림류,제조일로부터 7일,,라임에프앤비(주),20210222240602,20241209,20241210
계란,계란,반숙계란장,조림류,제조일로부터 7일,,라임에프앤비(주),20210222240225,20210513,20240201
계란,계란,반숙계란장조림,조림류,제조일로부터 10일,,시화당,2021036316033,20211202,20230303
반숙란,반숙란,반숙란 닭가슴살 샐러드,즉석섭취식품,제조시간으로부터 76시간,,(주)신세계푸드오산공장,200203364252809,20251112,20251118
반숙란,반숙란,반숙란 덮은 매콤제육덮밥,즉석섭취식품,제조시간으로부터 56시간,,주식회사 영우에프엔에프,20180349734120,20241104,20241107
반숙란,반숙란,반숙란 에그마요,즉석섭취식품,제조일로부터 5일까지,제조일로부터 5일까지,농업회사법인(주) 담푸른,20160338669462,20241129,20241205
반숙란,반숙란,반숙란 에그마요,즉석섭취식품,제조일로부터 5일까지,제조일로부터 5일까지,농업회사법인(주) 담푸른,20160338669164,20230926,20241130
반숙란,반숙란,반숙란 치킨 샐러드,즉석섭취식품,제조시간으로부터 72시간,,(주)신세계푸드오산공장,200203364252732,20250401,20250530
반숙란,반숙란,반숙란감자샐러드샌드위치,즉석섭취식품,제조일시로부터 72시간,,(주)비지에프푸드제주,20180624406747,20250623,20260602
반숙란,반숙란,반숙란골든포케샐러드,즉석섭취식품,제조일로부터 60시간,,(주)현대그린푸드 스마트푸드센터,201902803273662,20240618,20260425
반숙란,반숙란,반숙란샌드위치,즉석섭취식품,제조일로부터 72시간,,(주)현대그린푸드 스마트푸드센터,201902803273378,20240425,20240502
반숙란,반숙란,반숙란샌드위치 2,즉석섭취식품,제조시간으로부터 72시간 이내,,씨제이푸드빌주식회사,199704451444365,20260205,20260225
반숙란,반숙란,반숙란제육참치마요덮밥,즉석섭취식품,제조시간으로부터 56시간,,주식회사 영우에프엔에프,20180349734140,20250919,20250922
반숙란,반숙란,반숙란참치샐러드,즉석섭취식품,제조일로부터 5일,,(주)현대그린푸드 스마트푸드센터,201902803273816,20240826,20240828
계란,계란,반숙야채계란장,조림류,제조일로 20일,제조일로 20일,화인푸드셰프애찬,2020023480833,20250521,20250525
계란,계란,반찬187호(계란찜),즉석섭취식품,제조일로부터 상온 8시간,,주식회사 꿈해비타트,20120461108187,20230509,20230510
상추,상추,반찬236호(양상추샐러드),즉석섭취식품,제조일로부터 상온 8시간,제조일로부터 8시간,주식회사 꿈해비타트,20120461108236,20250722,20250723
계란,계란,반찬330호(새우계란찜),즉석섭취식품,제조일로부터 상온 8시간,제조일로부터 8시간 이내,주식회사 꿈해비타트,20120461108330,20251106,20251107
참외,참외,반찬참외,절임식품,60일,,광천 송가네,2003032022061,20130313,20160706
계란,계란,발보아 오트죽 후추계란,즉석조리식품,제조일로부터 12개월,해당없음,주식회사 푸른가족,20160364712101,20231012,20260201
달걀,달걀,발아현미팽이버섯달걀옹근죽,영.유아용 이유식,제조일로부터 12일까지,,(주)에코맘의 산골이유식,20200614037242,20200418,20221006
계란,계란,발재반점 중화식 계란 볶음밥,즉석조리식품,제조일로부터 12개월까지,,농업회사법인 주식회사 한우물,200804930741109,20220503,20240117
계란,계란,밤새먹소 계란찜소스,소스,제조일로부터 06개월,,비에이치푸드케어(주),200103723432706,20200506,20200508
즉석밥,즉석밥,밥대신 43칼로리 현미 곤약 즉석밥,즉석조리식품,제조일로부터 12개월,,농업회사법인 한채원 주식회사,2023082408939,20240524,20240528
즉석밥,즉석밥,밥대신 파로 통곡물 즉석밥,즉석조리식품,제조일로부터 12개월,"실온보관, 제조일로부터 12개월",농업회사법인 한채원 주식회사,2023082408945,20250212,20250215
즉석밥,즉석밥,밥대신 현미귀리 곤약즉석밥,즉석조리식품,제조일로부터 12개월,제조일로부터 12개월,농업회사법인 한채원 주식회사,2023082408946,20250307,20250312
즉석밥,즉석밥,밥대신43칼로리 현미 곤약즉석밥,즉석조리식품,제조일로부터 12개월,"실온보관, 제조일로부터 12개월",농업회사법인 한채원 주식회사,2023082408944,20241118,20241120
즉석밥,즉석밥,밥대신75칼로리 현미귀리 곤약즉석밥,즉석조리식품,제조일로부터 12개월,"실온보관, 제조일로부터 12개월",농업회사법인 한채원 주식회사,2023082408942,20241118,20241120
즉석밥,즉석밥,밥대신95칼로리 현미귀리퀴노아 곤약즉석밥,즉석조리식품,제조일로부터 12개월,"실온보관, 제조일로부터 12개월",농업회사법인 한채원 주식회사,2023082408943,20241118,20241120
계란,계란,밥도둑 간장 계란장용 소스,소스,제조일로부터 6개월,,태원식품산업(주),1985031100114596,20240611,20240626
계란,계란,밥도둑 계란장,조림류,제조일로부터 15일,,농업회사법인 소생로컬푸드 주식회사 제2공장,20210559160302,20230816,20230825
계란,계란,밥도둑 야채계란장,조림류,제조일로부터 15일,,농업회사법인 소생로컬푸드 주식회사 제2공장,2021055916048,20210804,20230825
계란,계란,밥도둑계란장김치제육,즉석섭취식품,제조시간으로부터 52시간까지,,(주)원푸드림,200306073752993,20260316,20260422
계란,계란,밥도둑계란장김치제육,즉석섭취식품,제조일부터 52시간,,(주)비지에프푸드 전북,200804940611444,20260313,20260320
계란,계란,밥도둑계란장김치제육,즉석섭취식품,제조일시로부터 48시간,,(주)비지에프푸드제주,20180624406808,20260317,20260319
계란,계란,밥도둑계란장김치제육,즉석섭취식품,제조시간으로부터 52시간,,(주)푸드플래닛,201503831781514,20260304,20260306
계란,계란,밥도둑반숙계란장,즉석섭취식품,제조일부터 52시간,,(주)비지에프푸드 전북,200804940611453,20260402,20260408
계란,계란,밥도둑반숙계란장,즉석섭취식품,제조시간으로부터 52시간,,(주)푸드플래닛,201503831781504,20260225,20260227
계란,계란,밥도둑반숙계란장,즉석섭취식품,제조시간으로 부터 52시간까지,,(주)원푸드림,200306073752957,20260303,20260417
계란,계란,밥도둑반숙계란장,즉석섭취식품,제조시간으로부터 52시간 까지,,(주)비지에프푸드,20200450031669,20260226,20260228
냉동밥,냉동밥,밥리냉동밥,즉석조리식품,제조일로부터 냉동12개월(-18℃이하),,(주)케이푸드테크날러지,20240877028101,20260516,20260519
햇반,햇반,밥만 먹어도 맛있는 들기름 햇반,즉석조리식품,제조일로부터 7개월,,씨제이제일제당(주) 진천 BLOSSOM CAMPUS 3동,2019045020874,20260520,20260521
계란,계란,밥반찬반계란가득김밥,즉석섭취식품,제조시간으로부터 52시간 까지,,(주)비지에프푸드,20200450031656,20260226,20260227
계란,계란,밥반찬반계란가득김밥,즉석섭취식품,제조시간으로부터 52시간,,(주)푸드플래닛,201503831781503,20260224,20260226
계란,계란,밥반찬반계란가득김밥,즉석섭취식품,제조시간으로부터 50시간까지,,(주)원푸드림 주촌지점,20170607069438,20260228,20260304
계란,계란,밥사랑 연어 계란,복합조미식품,제조일부터 12개월 (실온보관),,(주)동원홈푸드,200204610736787,20150227,20180210
계란,계란,밥엔김 파송송계란탁 ft.간장 컵자반,가공김(조미김 또는 구운김),생산일로부터 12개월,,열린수산주식회사,199404592298,20240912,20240924
계란,계란,밥진홍 계란볶음밥,즉석조리식품,제조일로부터 12개월,,농업회사법인(주)별담푸드,20250924014130,20260514,20260516
계란,계란,방대한정 계란찜분말,복합조미식품,제조일로부터 12개월까지,,(주)에프앤에스식품,20210352178305,20211015,20211021
계란,계란,방탄컵도시락 닭가슴살 김치볶음밥 & 계란후라이,즉석조리식품,냉동 12개월,,(주)이에스그린푸드,20170443338411,20211222,20220713
계란,계란,배불러곤약 간장계란볶음밥,즉석조리식품,제조일로부터 12개월,,주식회사 엄지식품,201504932081001,20221021,20240117
계란,계란,백리향계란야채볶음밥,즉석조리식품,냉동. 12개월,,주식회사 시아스쿡,20180452033270,20231024,20231027
계란,계란,백리향정통계란볶음밥,즉석조리식품,"냉동, 12개월",,(주)시아스,200504150204250,20210803,20220519
계란,계란,백리향정통계란볶음밥(알밥),즉석조리식품,"냉동, 12개월",,(주)시아스,200504150204248,20210803,20210805
올리고당,올리고당,백설 요리올리고당,올리고당가공품,제조일로부터 2년,,씨제이제일제당(주),1973019001543,20070912,20200909
올리고당,올리고당,백설 프락토올리고당을 더해 건강한 윤기 물엿,기타엿,제조일로부터 2년(실온보관),,씨제이제일제당(주),1973019001547,20080624,20230926
계란,계란,백설계란옷믹스,기타가공품,"제조일로부터 365일(12개월, 1년)",,씨제이제일제당(주),19960080359937,20230614,20230617
계란,계란,백설계란옷프리더스트,곡류가공품,"제조일로부터 365일(12개월, 1년)",,씨제이제일제당(주),19960080359938,20230614,20230617
올리고당,올리고당,백설쌀올리고당,올리고당,24개월,,동희(주),1985034700385,20070913,20180321
올리고당,올리고당,백설올리고당,올리고당,제조년부터 24개월까지,,씨제이제일제당(주),1973019001541,20070305,20200911
계란,계란,백수세끼 버터간장계란밥,즉석조리식품,제조일로부터 12개월,,주식회사 엄지식품,20150493208873,20211118,20240117
참외,참외,백향다례(별고을 참외향),커피,제조일로부터 1년,제조일로부터 1년,(주)빈커스텀컴퍼니,2021016756925,20240806,20240809
계란,계란,밸런스 한끼 저당김밥 계란묵은지참치맛,즉석조리식품,냉동 12개월,,(주)이에스그린푸드,20170443338729,20250123,20250327
계란,계란,밸런스 한끼 저당김밥 계란야채맛,즉석조리식품,냉동 12개월,,(주)이에스그린푸드,20170443338727,20250117,20250327
계란,계란,밸런스 한끼 저당김밥 계란치즈맛,즉석조리식품,냉동 12개월,,(주)이에스그린푸드,20170443338728,20250123,20250327
달걀,달걀,밸런스밀 비프찹스테이크&현미달걀라이스,즉석섭취식품,제조일로부터 4일,,(주)현대그린푸드 스마트푸드센터,201902803271753,20210106,20210109
달걀,달걀,밸런스밀 폭찹스테이크&달걀현미밥,즉석조리식품,제조일로부터 9개월,,(주)현대그린푸드 스마트푸드센터,201902803272388,20220323,20220330
반숙란,반숙란,밸런스푼반숙란롤샌드,즉석섭취식품,제조시간으로부터 55시간 까지,,롯데부산CK 주식회사,200206143693168,20260504,20260505
반숙란,반숙란,밸런스푼반숙란롤샌드,즉석섭취식품,제조시간으로부터 55시간 까지,,롯데광주CK 주식회사,200202215922422,20260430,20260505
반숙란,반숙란,밸런스푼반숙란롤샌드,즉석섭취식품,제조시간으로부터 55시간 까지,,롯데용인CK 주식회사,200003470523262,20260504,20260509
상추,상추,버거킹 양상추,신선편의식품,제조일로부터 7일,,주식회사 신세계푸드 이천 2공장,20070358265362,20140820,20241218
계란,계란,버터간장 꼬마김밥 계란,즉석조리식품,제조일로부터 냉동12개월 까지,,복을만드는사람들 주식회사 농업회사법인,20200614067202,20260223,20260306
계란,계란,버터장조림과 계란,조림류,제조일로부터 1년까지,,잇츠올레 주식회사,2019038910597,20220203,20240203
참외,참외,벌꿀 참외잼,잼,24개월,,칠칠곡곡협동조합2,202005740879,20240423,20240510
참외,참외,벌꿀참외 시나몬잼,잼,24개월,,칠칠곡곡협동조합2,2020057408710,20240423,20240510
냉동밥,냉동밥,베이스 냉동밥,즉석조리식품,제조일로부터 9개월,,(주)엄지식품,20210504123198,20230424,20240117
계란,계란,베이스 중화계란볶음밥,즉석조리식품,제조일로부터 12개월까지,,천일식품(주),199301993491463,20250501,20250502
계란,계란,베이컨 계란말이,즉석조리식품,제조일로부터 5일,,하반 반찬,2025024896367,20260106,20260109
계란,계란,베이컨 계란빵,빵류,제조일로부터12개월(냉동보관),,(주)한국푸드본 정관공장,20190156205242,20250109,20250111
계란,계란,베이컨 체다치즈 계란빵,빵류,제조일로부터 냉동보관(-18도이하) 12개월,,주식회사 마크로드제과,20060368135644,20240222,20240702
계란,계란,베이컨간장계란밥,즉석조리식품,제조일로부터 5일,,(주)도마소리,20220241566245,20250109,20250429
계란,계란,베이컨계란말이,즉석조리식품,제조일로부터 4일,,(주)수미찬,2021004283278,20220322,20220325
계란,계란,베이컨계란볶음밥,즉석조리식품,제조일로부터 5일,제조일로부터 5일,(주)하니푸드,20210268770324,20230612,20240402
계란,계란,베이컨계란볶음밥,즉석조리식품,제조일로부터 5일,,주식회사찬장에프에스대전,20220321100736,20240120,20240125
계란,계란,베이컨계란볶음밥김밥,즉석섭취식품,제조시간으로부터 37시간,,롯데평택CK 주식회사,199503062741863,20230711,20230713
계란,계란,베이컨계란브리오쉬번,즉석섭취식품,제조일로부터 72시간,,(주)현대그린푸드 스마트푸드센터,201902803272980,20230607,20230613
계란,계란,베이컨앤더블치즈 계란빵,빵류,제조일부터9개월까지,,(주)도깨비제과,2024028385043,20251126,20251218
계란,계란,베이컨할라피뇨계란빵,빵류,제조일로부터 냉동보관 6개월,,포레스트디저트,2023063488333,20231205,20231211
봄동,봄동,베테랑 봄동김치,김치,제조일로 부터 3개월까지,,베에프앤비주식회사,2024073414830,20260116,20260507
케첩,케첩,벨라 핫토마토케첩소스,소스,제조일로부터 6개월,,(주)찬들푸드,20210301832117,20220114,20220115
계란,계란,병천아우내계란순대,즉석조리식품,제조일로부터 12개월까지,-,(주)병천아우내식품,20010449040170,20250409,20250416
계란,계란,보들보들 채소계란찜,기타가공품,제조일로부터 7일,,오성푸드 주식회사,20120199329272,20260507,20260520
달걀,달걀,보들보들순두부달걀찜,즉석조리식품,제조일로부터 8일까지,,(주)에코맘의 산골이유식,20200614037328,20200421,20221006
계란,계란,보물계란빵 베이컨앤더블치즈,빵류,제조일부터15일까지(냉장),,(주)도깨비제과,2024028385040,20251126,20251218
계란,계란,보물계란빵 오리지널 플레인,빵류,제조일부터15일까지(냉장),,(주)도깨비제과,2024028385045,20251208,20251210
계란,계란,보물계란빵 올리브앤더블치즈,빵류,제조일부터15일까지(냉장),,(주)도깨비제과,2024028385041,20251126,20251128
원당,원당,보빈 작두콩 전병 (비정제 원당),과자,제조일로부터 12개월,해당없음.,(주)수미가,2021054275611,20240827,20241016
계란,계란,보슬보슬계란장어컵밥,즉석섭취식품,제조일로부터 48시간,,(주)스위시팩토리,2025052522768,20250925,20251220
원당,원당,보원당,음료베이스,제조일로부터 24개월,제조일로부터 24개월,(주)신비바이오,20220520404177,20240716,20240717
쌀,쌀,볶은쌀향 #1,향료,유통기간미등록,,(주)엠에스씨,197506140031218,20080605,20220705
계란,계란,볶음김치계란말이,즉석섭취식품,제조일로부터 5일,,(주)하니푸드,20210268770311,20230613,20240618
계란,계란,볶음밥389호(계란볶음밥),즉석섭취식품,제조일로부터 상온 8시간,제조일로부터 8시간 이내,주식회사 꿈해비타트,20120461108389,20251222,20251223
계란,계란,본초맘죽 계란야채죽,즉석조리식품,제조일로부터 35일 냉장보관,,새싹푸드,20120311458140,20240704,20260201
계란,계란,봄기운 홍국쌀 단호박 계란 찜,영.유아용 이유식,제조일로부터 25일,해당없음,(주)푸드케어 2공장,20220396175962,20250310,20260321
계란,계란,봄단비 계란 옷 입은 동태전,기타가공품,내수용 : 제조일로부터 12개월 / 수출용 : 제조일로부터 18개월,,(주)사옹원,20210452332452,20241119,20241121
봄동,봄동,봄동 겉절이,김치,제조일로부터 28일까지,,신영식품,19990355089140,20260401,20260402
봄동,봄동,봄동 겉절이,김치,제조일로부터 60일,,농업회사법인주식회사담채원,20000475069407,20200206,20210327
봄동,봄동,봄동 겉절이,김치,,제조일로부터 1년,농업회사법인 주식회사 아리푸드,2020021108460,20230214,20230217
봄동,봄동,봄동 겉절이,김치,제조일로부터 60일,제조일로부터 60일,농업회사법인 풍미식품(주),19870263006190,20140402,20240806
봄동,봄동,봄동 겉절이,당절임,제조일로부터 7일,,(주)자연에찬,20090320303134,20190308,20190312
봄동,봄동,봄동 겉절이 김치,김치,,28일,주식회사 해도지에프앤비,20130255439216,20211220,20211225
봄동,봄동,봄동 겉절이 양념장,소스,제조일로부터 6개월,,주식회사 진웅식품,20040332779228,20260316,20260327
봄동,봄동,봄동 무침,절임식품,제조일로부터 5일,,도리깨침,20200280142807,20250207,20250211
봄동,봄동,봄동 비빔밥 키트,간편조리세트,제조일로부터 7일까지,,(주)마이셰프,20230377067638,20260318,20260321
봄동,봄동,봄동겉저리,김치,90일(냉장),,지선종합식품,2007011516254,20071116,20160706
봄동,봄동,봄동겉절이,김치,제조일로부터 60일,,한미푸드(주),1997048701386,20020330,20240117
봄동,봄동,봄동겉절이,김치,제조일로부터 90일,,주식회사산들바람식품농업회사법인,20030392182368,20210128,20230610
봄동,봄동,봄동겉절이,절임식품,제조일로부터 10일,제조,주식회사송도즉석반찬 숭의점,20230260347186,20260113,20260115
봄동,봄동,봄동겉절이,김치,제조일로부터 60일,,주식회사경영푸드,2025077147416,20250821,20250829
봄동,봄동,봄동겉절이,김치,,제조일로부터 15일까지,(주)반찬단지,20130208866441,20260313,20260318
봄동,봄동,봄동겉절이,김치,제조일로부터 30일(냉장),제조일로부터 30일(냉장),주식회사 로열푸드 코리아,20160130135487,20241125,20241204
봄동,봄동,봄동겉절이,김치,제조일로부터 냉장보관 1개월,제조일로부터 냉장보관 1개월,주식회사 정아식품,2020051040847,20240202,20250730
봄동,봄동,봄동겉절이,김치,제조일로부터 60일,,그 집 반찬,20240310311103,20250628,20250704
봄동,봄동,봄동겉절이,김치,제조일로부터 30일,해당없음.,농업회사법인(주)승화푸드,200700565442094,20230217,20241030
봄동,봄동,봄동겉절이,김치,제조일로부터 30일,,주식회사쿡스탑앤푸드,20180224221148,20240111,20240116
봄동,봄동,봄동겉절이,김치,제조일로부터 60일,,그집반찬 진월점,2026031419456,20260603,20260612
봄동,봄동,봄동겉절이,절임식품,제조일로부터 10일,첨부파일 참조,다미온,20220318608166,20260311,20260313
봄동,봄동,봄동겉절이,김치,미설정,20일,농업회사법인 주식회사 한울,19930472027181,20120309,20250408
봄동,봄동,봄동겉절이,김치,제조일로부터80일,제조일로부터1개월,(주)새움푸드,2016057106848,20241218,20251115
올리고당,올리고당,봉황표쌀올리고당,올리고당,제조일로부터 2년,해당없음.,(주)쎄레스,1985036805761,20180426,20200610
계란,계란,부담없는 한끼 오트 계란죽,즉석조리식품,제조일부터 12개월 (실온보관),,(주)동원홈푸드,2002046107314352,20240109,20240112
계란,계란,부담없는 한끼 오트 계란죽,즉석조리식품,제조일부터 12개월 (실온보관),,(주)동원홈푸드,201904421491852,20240109,20240112
계란,계란,부드러운 감자계란국,즉석조리식품,제조일로부터 10일,,(주)베베쿡,200303806613010,20250326,20251128
계란,계란,부드러운 계란과자,과자,제조일로부터 12개월,,주식회사 신흥제과,19950464070133,20100312,20240404
계란,계란,부드러운 계란과자,과자,제조일부터 12개월,,(주) 청우식품,20100372386422,20180911,20240120
계란,계란,부드러운 계란과자,과자,12개월,,아써르티 스위트스,2018032437327,20210706,20220706
계란,계란,부드러운 계란과자1,과자,제조일로부터 12개월 까지,,(주)대산후드 탄현2공장,19930355028237,20211104,20211111
계란,계란,부드러운 계란쿠키,과자,12개월,,아써르티 스위트스,201803243731,20190208,20190716
계란,계란,부드러운계란찜,즉석섭취식품,제조일로부터 4일,,(주)하니푸드,20210268770199,20211101,20230902
계란,계란,부드러움을 더한 불고기 계란덮밥소스,즉석조리식품,제조일로부터 13개월,,(주)송림에프에스,201804500291156,20230309,20260516
계란,계란,부드러움을 더한 불고기 계란덮밥소스,즉석조리식품,제조일로부터 12개월,,프레시플러스 주식회사,200304432174861,20211124,20231117
계란,계란,부채살 계란볶음밥,즉석조리식품,제조일로부터 1년(냉동보관),,(주)맛과벗,20170362092323,20220607,20240928
계란,계란,부채살 계란볶음밥,즉석조리식품,제조일로부터 12개월,,농업회사법인(주)별담푸드,2025092401419,20250116,20250227
계란,계란,부추 계란 만두,만두,제조일로부터 12 개월,,화룡형제식품,202001154334,20200703,20260201
계란,계란,부추 계란 새우 물만두,만두,12개월,,미스터용,202206273159,20230111,20230114
계란,계란,부추계란 군만두 납작만두,만두,제조일로부터 12개월,,안심식품,2021028014812,20231128,20231206
계란,계란,부추계란군만두,만두,제조일로부터 9개월까지,,(주)미선식품,2022027449313,20230331,20230412
계란,계란,부추계란닭가슴무른밥,영.유아용 이유식,제조일로부터 15일,,주식회사 플라잉닥터 제2공장,2025048301544,20250630,20260620
계란,계란,부추계란만두(九菜鷄蛋水餃),만두,제조일부터9월,,(주)정정에이스,202000844233,20200530,20260106
계란,계란,부추계란만두소,기타가공품,제조일로부터 7일,,희가덕식품,202505044071,20250812,20250813
계란,계란,부추계란물만두,만두,제조일로부터 9개월까지,,(주)미선식품,202202744932,20221220,20230110
계란,계란,부추계란새우물만두,만두,제조일로부터 9개월까지,,(주)미선식품,202202744934,20221220,20230113
계란,계란,부추계란쩡쟈오,만두,제조일로부터 12개월,,(주) 푸르온,19990461386946,20230911,20240514
계란,계란,부추계란탕,즉석조리식품,30일(냉동),,(주)늘사랑회디엔씨,20110056608134,20140402,20160706
달걀,달걀,부추달걀탕,즉석조리식품,제조일로부터 15일,,(주)뽀뽀뜨,200203804811151,20181216,20230610
계란,계란,부추새우계란만두,만두,제조일로부터1년,제조일로부터 12개월,주식회사 금배고,2024087713410,20250520,20250522
계란,계란,부추새우계란만두,만두,제조일로부터1년,제조일로부터 12개월,주식회사 금배고,202408771346,20250320,20250326
계란,계란,북어계란국,즉석조리식품,180일,,동이푸드,201503623152,20151006,20171127
계란,계란,북어계란국,즉석조리식품,제조일로부터 15일,,(주)뽀뽀뜨,200203804811159,20181216,20230610
계란,계란,북어계란국,즉석조리식품,제조일로부터 15일,,(주)뽀뽀뜨,200203804811579,20220118,20230610
계란,계란,북어계란국대만식지파이도시락,즉석섭취식품,제조 후 10시간,,(주)비엘푸드,201902029633134,20260427,20260428
계란,계란,북어계란블럭,알함유가공품,제조일로부터 12개월,,상미식품주식회사,199104490041003,20230315,20230328
계란,계란,북어와 계란이 푸짐한 한 그릇 북엇국,즉석조리식품,제조일로부터 12개월,,동림푸드(주),19910386025479,20170328,20250117
계란,계란,북어포계란국,즉석조리식품,제조일로부터 냉장 5일,,아람찬,2022018840660,20220927,20220928
계란,계란,분식집계란라면 용기,유탕면,제조일로부터 7개월,,오뚜기라면(주),198603090181208,20250407,20250412
계란,계란,분홍소세지 계란말이,즉석조리식품,제조일로부터 7일,,주식회사케이제이푸드(KJ Food),20210424124424,20230218,20230219
냉동밥,냉동밥,불고기오구밥용냉동밥,즉석조리식품,"냉동, 12개월",,(주)시아스,200504150203426,20190821,20190822
냉동밥,냉동밥,불고기한입밥용냉동밥,즉석조리식품,"냉동, 12개월",,(주)시아스,200504150203229,20181203,20181204
계란,계란,불란셔 제빵소 계란 샌드위치,즉석섭취식품,제조일로부터 60시간까지,,(주)조이푸드,200702751171258,20260202,20260210
케첩,케첩,브랜드 케첩,토마토케첩,제조일로 부터 12개월,,롯데웰푸드주식회사천안공장,199604490021803,20220628,20220715
계란,계란,브로콜리감자계란죽,영.유아용 이유식,제조일로부터12일,,순수본 주식회사,2018049118192,20180418,20240228
계란,계란,브로콜리계란말이,즉석조리식품,제조일로부터 4일,,(주)수미찬,2021004283281,20220323,20220930
달걀,달걀,브로콜리달걀사라다,즉석섭취식품,제조일로부터 4일,,(주)하니푸드,20210268770205,20211103,20240928
달걀,달걀,브로콜리달걀진밥,영.유아용 이유식,제조일로부터 12일까지,,(주)에코맘의 산골이유식,20200614037208,20200417,20201205
달걀,달걀,브로콜리달걀찜,즉석조리식품,제조일로부터 15일,,(주)뽀뽀뜨,200203804811288,20190313,20230610
달걀,달걀,브로콜리달걀찜,기타가공품,제조일로부터 냉장 5일,,아람찬,20220188406201,20230121,20230127
냉동밥,냉동밥,비건냉동밥조미액,소스,제조일로부터 6개월,,주식회사 함께하면좋은사람들,2024075143520,20250121,20250208
달걀,달걀,비건용달걀대용파우더,전분가공품,24개월,,(주)브레드가든성남공장,20090275178508,20200615,20210402
계란,계란,비바쿡 계란곱빼기 중화볶음밥,즉석조리식품,제조일로부터 12개월까지,,농업회사법인 주식회사 한우물,200804930741652,20251030,20260109
계란,계란,비법기름 계란 볶음밥,즉석조리식품,제조일로부터 9 개월까지,,농업회사법인 주식회사 한우물,200804930741731,20260316,20260319
계란,계란,비벼먹는 계란간장,소스,12개월,생략,농업회사법인리브푸드주식회사,202104563615,20210901,20221118
계란,계란,비벼먹는 계란간장,소스,18개월,,주식회사 움트리,19920372190573,20250811,20250812
계란,계란,비빔야채계란장,즉석조리식품,제조일부터 4일,,농업회사법인 소생로컬푸드 주식회사,2017055512075,20190218,20190223
케첩,케첩,비셰프토마토케첩,토마토케첩,제조일부터 12개월 (실온보관),,(주)동원홈푸드,200204610735879,20130715,20161212
케첩,케첩,비엔나케첩볶음,식육함유가공품,5개월(냉동),,(주)늘사랑회디엔씨,20110056608222,20140522,20191203
원당,원당,비정제 요리원당 농축액,당류가공품,제조일로부터 18개월,,(주)웰크리,20220493853207,20250709,20250715
원당,원당,비정제 원당,당류가공품,3년,,(주)아우노,20130174451221,20240327,20250620
원당,원당,비정제 유기농 사탕수수원당,당류가공품,제조일로부터 24개월,,(주)에버헬스케어 농업회사법인,20050358194361,20240430,20240628
반숙란,반숙란,비프&반숙란포케샐러드,즉석섭취식품,제조일로부터 50시간,,(주)현대그린푸드 스마트푸드센터,201902803274721,20260127,20260128
계란,계란,빅!통계란&케이준 샐러드,즉석섭취식품,제조일로부터 6일 까지,제조일로부터 6일 까지,(주)농업법인 은성,20200393064105,20251214,20251216
계란,계란,빅토리마켓 닭가슴살 간장계란볶음밥,즉석조리식품,제조일로부터 12개월까지,,주식회사 엄지식품,201504932081154,20230816,20240117
냉동밥,냉동밥,빠에야냉동밥,곡류가공품,제조일로부터 12개월,,주식회사 엄지식품,20150493208805,20210617,20240117
케첩,케첩,뽀로로 과일과 야채 케첩,토마토케첩,18개월,,(주)오뚜기,20010445055665,20220117,20220127
계란,계란,뽀로로 새우 계란 컵 볶음밥,즉석조리식품,냉동 9개월,,(주)이에스그린푸드,20170443338543,20220920,20221028
케첩,케첩,쁘띠방울토마토케첩,토마토케첩,"4개월,냉장",,(주)삼진푸드,19910443029863,20130108,20210825
탄산,탄산,사과맛 탄산음료,탄산음료,제조일로부터 1년,제조일로부터 1년,프레시(FRESH),2024091927817,20260421,20260423
탄산,탄산,사과탄산 전해질 혼합제제,기타가공품,제조일로부터 24개월까지,,주식회사 비에스바이오,20250470999109,20260527,20260610
계란,계란,사랑방꽃갈비계란찜소스,소스,제조일로부터 18개월까지,,엠지푸드솔루션 주식회사,200100535802469,20231023,20231025
계란,계란,사옹원 계란옷 입은 고기완자,기타가공품,제조일로부터 12개월,,(주)사옹원,2021045233280,20211117,20220518
계란,계란,사옹원 계란옷입은 표고전,기타가공품,내수용 : 제조일로부터 12개월 / 수출용 : 제조일로부터 18개월,,(주)사옹원,20210452332459,20241203,20241204
원당,원당,사탕수수비정제원당,당류가공품,제조일로부터 24개월,,(주)에버헬스케어 농업회사법인,20050358194330,20231030,20251212
탄산,탄산,"산도조절용혼합제재(구연산칼륨,탄산나트륨,제이인산칼륨",혼합제제,유통기한설정안함,,영진코어켐(주),1996047413821,20150409,20160706
달걀,달걀,산뜻한 토마토달걀탕,즉석조리식품,제조일로부터 10일,,(주)베베쿡,200303806613188,20260618,20260620
미나리,미나리,山미나리元,액상차,제조일로부터 2년,,산수동식품,2000037802416,20170216,20170217
탄산,탄산,산방탄산 레몬,탄산음료,제조일로부터 36개월,,(주)온어락소다,2019006325034,20240701,20250522
탄산,탄산,산방탄산 보리,탄산음료,제조일로부터 36개월,,(주)온어락소다,2019006325035,20240709,20250522
유정란|달걀,"유정란,달걀",산안마을유정란달걀찜,즉석조리식품,제조일로부터 10일,,(주)정미경키친,20200280071438,20250423,20250426
케첩,케첩,산지 토마토케첩,토마토케첩,제조일로부터 12개월,,래미에프앤비,20190500071305,20250903,20250905
달걀,달걀,삶은 달걀이 통째로 들어있는 쫄면,숙면,45일,,주식회사 신세계푸드 이천 2공장,20070358265465,20161006,20221130
달걀,달걀,삶은 달걀이 통째로 들어있는 쫄면,즉석조리식품,제조일로부터 90일까지,,(주)신세계푸드 음성공장,201504452221417,20260303,20260508
탄산,탄산,삼무삼유 탄산 막걸리,탁주,제조일로부터 60일,,농업회사법인(주)도반주조,2022000698211,20250317,20250514
계란,계란,삼삼 계란 꼬마김밥,즉석조리식품,제조일로부터 냉동18개월 까지,,복을만드는사람들 주식회사 농업회사법인,20200614067178,20251028,20251030
원당,원당,삼원당,삭카린나트륨제제,유통기간미등록,,대일식품,2006022106914,20060327,20160706
케첩,케첩,삼첩분식 토마토 케첩,토마토케첩,제조일로부터 12개월까지,,주식회사 오뚜기,197202880024753,20240412,20240417
계란,계란,삼형제 간장계란소스,소스,제조일로부터 6개월,,삼형제식품(주),202403660299,20241101,20241105
탄산,탄산,상큼함과 톡쏘는 탄산을 담은 토닉워터,탄산음료,제조일로부터 12개월,,오케이에프음료 주식회사,201005430661115,20221228,20230209
계란,계란,상하농원 계란 주먹밥,즉석조리식품,제조일로부터 12개월,,(주)엄지식품,2021050412378,20220307,20240117
유정란|계란,"유정란,계란",상하농원 동물복지 유정란 계란과자,과자,제조일로부터 9개월까지,,하나푸드,20050344143748,20241021,20241023
올리고당,올리고당,상하농원 쌀조청 올리고당,올리고당가공품,제조일로부터 2년,,(주)영수식품,2016047204332,20220603,20230202
탄산,탄산,새벽탄산막걸리,탁주,제조일로부타 60일,,농업회사법인(주)도반주조,202200069826,20240624,20241024
계란,계란,새송이채소계란볶음,즉석조리식품,제조일로부터 8일,,주식회사 지니온,20240320157102,20240411,20240808
계란,계란,새싹보리꾸찌뽕계란쿠키,과자,제조일로부터 180일,제조일부터           180일(실온),유한회사 보리아이,2018049809313,20181106,20240117
계란,계란,새우 계란 곤약볶음밥,즉석조리식품,제조일로부터 12개월,,주식회사 엄지식품,20150493208509,20200117,20240117
계란,계란,새우 계란찜,즉석조리식품,제조일로부터 5일,,하반 반찬,20250248963145,20260617,20260624
계란,계란,새우가츠계란,즉석섭취식품,제조시간으로부터 94시간 까지,,(주)비지에프푸드,20200450031721,20260526,20260528
계란,계란,새우계란 초밥,즉석섭취식품,제조일로부터 48시간,,농업회사법인주식회사큰울,2024032042455,20260520,20260522
계란,계란,새우계란국,즉석조리식품,제조일로부터 12일,,순수본 주식회사,20180491181766,20260324,20260330
계란,계란,새우계란덮밥소스,즉석조리식품,제조일로부터 30일,,주)짱죽,20140512224899,20250430,20250503
계란,계란,새우계란말이,즉석조리식품,제조일로부터 4일,,(주)수미찬,2021004283277,20220322,20220325
계란,계란,새우계란볶음밥,즉석조리식품,제조일로부터 12개월까지,,농업회사법인 주식회사 한우물,200804930741120,20220530,20240117
계란,계란,새우계란볶음밥,즉석조리식품,제조일로부터 5일,제조일로부터 5일,(주)하니푸드,2021026877087,20210601,20230927
계란,계란,새우계란볶음밥,즉석조리식품,제조일로부터 5일,,주식회사케이제이푸드(KJ Food),20210424124255,20220318,20230914
계란,계란,새우계란부추(虾仁鷄蛋韭菜),만두,제조일부터9월,,(주)정정에이스,2020008442316,20230602,20230606
계란,계란,새우계란오트밀죽,즉석조리식품,제조일로부터 6개월까지,,(주)신세계푸드 음성공장,201504452221290,20250321,20250324
계란,계란,새우계란죽,즉석조리식품,제조일로부터 5일,,(주)도마소리,20220241566606,20260106,20260228
계란,계란,새우계란죽,즉석조리식품,제조일로부터  35일,,다림식품,2005031113525,20230427,20250422
달걀,달걀,새우듬뿍 순두부달걀탕,즉석조리식품,제조일로부터 10일,,(주)베베쿡,200303806613130,20260212,20260417
계란,계란,새우랑 계란 듬뿍 어린이볶음밥,즉석조리식품,제조일로부터 12개월,,주식회사 엄지식품,20150493208571,20200428,20240117
계란,계란,새우랑 계란듬뿍 어린이볶음밥,즉석조리식품,제조일로부터 12개월,,(주) 푸르온,199904613861117,20250515,20250903
계란,계란,새우미니계란찜,즉석조리식품,제조일로부터 4일,,(주)수미찬,20210042832205,20230219,20230223
계란,계란,새우볶음밥&계란후라이,즉석섭취식품,제조일로부터 (상온15℃ ~ 25℃) 8시간,,(주)행복도시락 성남점,20100275229317,20220406,20220411
계란,계란,새우볶음밥과계란후라이,즉석조리식품,제조일로부터 12개월까지,,(주)푸드인모닝스타,20220493563224,20241202,20241207
계란,계란,새우살 계란찜,즉석조리식품,제조일로부터 10일,,예향,20200280205100,20220325,20250509
계란,계란,새우살계란찜,즉석조리식품,제조일로부터 4일,,라임에프앤비(주),20210222240424,20221108,20240201
달걀,달걀,새우살달걀탕,즉석조리식품,제조일로부터 15일,,(주)뽀뽀뜨,20020380481909,20171015,20230610
계란,계란,새우애호박계란탕,즉석조리식품,제조일로부터 30일,x,주)짱죽,20140512224895,20250428,20250430
계란,계란,새우야채계란국,즉석조리식품,제조일로부터25일,,(주)에르코스농업회사법인,20100231185337,20210603,20220503
계란,계란,새우양송이계란밥,영.유아용 이유식,제조일로부터 13일,,(주)아이푸드,20120320039269,20150728,20241016
계란,계란,새우연두부계란볶음,즉석조리식품,제조일로부터 8일,,주식회사 지니온,20240320157100,20240411,20250619
케첩,케첩,새우케첩볶음,즉석조리식품,제조일로부터 12일,,순수본 주식회사,20180491181777,20260401,20260403
계란,계란,새우크래미계란야채볶음,영.유아용 이유식,제조일로부터 13 일,,(주)아이푸드,20120320039359,20181214,20251001
계란,계란,새우크래미계란야채볶음(실온),영.유아용 이유식,제조일로부터5개월,,(주)아이푸드,20120320039670,20240708,20240713
케첩,케첩,새콤달콤 토마토케첩,토마토케첩,제조일로부터 12개월까지,,더불어식품,2005056903585,20240304,20240307
계란,계란,샌드위치 샐러드 계란,즉석섭취식품,제조일로부터 40일 까지,,(주)엠디에스코리아 3공장,20150355222311,20191224,20210625
계란,계란,샌드위치 샐러드 계란,즉석섭취식품,제조일로부터 30일까지,,(주)엠디에스코리아 1공장,20070355264530,20190619,20200205
계란,계란,샌드위치-잠봉계란샐러드&피타브레드,즉석섭취식품,제조일로부터 72시간,,다원푸드서비스(주) 쉐프랑,202104240501336,20251218,20251219
계란,계란,샌드위치용 계란감자샐러드,즉석섭취식품,제조일로부터 40일,,(주)엠디에스코리아 3공장,20150355222407,20230714,20230817
계란,계란,샐러리계란볶음,조림류,제조일로부터 5일,,주식회사찬장에프에스대전,20220321100563,20230130,20230204
올리고당,올리고당,샘표 프락토올리고당,올리고당,제조일로 부터 2년,,(주)천연식품,20080555150125,20180724,20180726
깻잎,깻잎,生깻잎전,기타가공품,제조일로부터 12개월,,(주)사옹원,20210452332120,20211222,20220416
탄산,탄산,생망고폭탄산도,빵류,소비기한 : 제조일부터 냉장7일,해당없음.,(주)예맛떡,20170202984116,20260504,20260515
밀가루,밀가루,生메밀가루,곡류가공품,제조일로부터 12개월,,(주)코이나식품,2021039163534,20230630,20230711
밀가루,밀가루,生메밀가루,곡류가공품,제조일로부터 12개월,,한들제분,2001037249655,20180618,20180619
부침가루,부침가루,生메밀부침가루,곡류가공품,1년(실온),,(주)동성제분,1991034700245,20130419,20200801
명란,명란,生생한 구이용 명란(냉동),양념젓갈,제조일로부터 2년,제조일로부터 2년,동진수산,202401964543,20241001,20241005
명란,명란,"生생한 백명란(냉동,무착색)",양념젓갈,제조일로부터 1년,제조일로부터 1년,동진수산,202401964541,20240923,20260527
명란,명란,"生생한 양념명란(냉동,레드착색)",양념젓갈,제조일로부터 1년,제조일로부터 1년,동진수산,202401964542,20240925,20250529
계란,계란,생식빵계란샌드,즉석섭취식품,제조시간으로부터 74시간까지,,(주)원푸드림 주촌지점,20170607069401,20250922,20250923
계란,계란,생식빵계란샌드,즉석섭취식품,제조시간으로부터 73시간 까지,,(주)비지에프푸드,20200450031584,20250922,20250924
계란,계란,생야채계란탕,즉석조리식품,제조일로부터 3개월,,주)짱죽,20140512224184,20150819,20200616
원당,원당,생오미자 당절임(원당),당절임,24개월,,해피메이킹,2016055810812,20230208,20230209
원당,원당,샤르봉봉 유기농 원당 레인보우 머랭쿠키,과자,제조일로부터 12개월,,아리감성,2018015949722,20250915,20260228
원당,원당,샤르봉봉 유기농 원당 크리스마스 머랭쿠키,과자,제조일로부터 12개월,,아리감성,2018015949724,20251110,20260228
원당,원당,샤르봉봉 유기농 원당 프레첼 머랭쿠키,과자,제조일로부터 12개월,,아리감성,2018015949721,20250915,20260227
계란,계란,서너시 계란빵(반죽),빵류,제조일로부터 12개월(영하 18℃이하 냉동보관),,(주)에벤에셀푸드,2020032601648,20241126,20251024
계란,계란,서리서리계란별밥소스,소스,9개월,,(주)조아,20040445125262,20220530,20230916
올리고당,올리고당,서산김정규 프락토올리고당 흑생강농축액,액상차,2년,,김정규 자연건강 영농조합법인,20070463028120,20221020,20221021
올리고당,올리고당,서산김정규 프락토올리고당 흑편강,당절임,제조일로부터 2년,,김정규 자연건강 영농조합법인,20070463028117,20220329,20221019
계란,계란,서울시스터즈 국내산계란이 들어간 감자김치수제비,숙면,제조일로부터 6개월까지,,(주)이가자연면,200604451941075,20240718,20240724
계란,계란,서울직면 계란 마팔디네 생면,생면,제조일로부터 60일,,서울프로셰프,2021035852946,20231206,20231208
계란,계란,서울직면 계란 스파게티 생면,생면,제조일로부터 90일,,서울프로셰프,2021035852965,20241110,20241113
계란,계란,서울직면 계란 탈리아텔레 생면,생면,제조일로부터 90일,,서울프로셰프,2021035852947,20240213,20240215
원당,원당,서원당 거피들깨가루,곡류가공품,1년,,농업회사법인(주)서원당,201303835383,20130717,20250725
원당,원당,서원당 검정볶음참깨,기타 농산가공품,24개월,,농업회사법인(주)서원당,2013038353825,20181113,20250725
원당,원당,서원당 들기름,들기름,1년,,농업회사법인(주)서원당,201303835389,20130717,20230610
원당,원당,서원당 들깨가루(국산),곡류가공품,1년,,농업회사법인(주)서원당,201303835387,20130717,20230610
원당,원당,서원당 볶음참깨,곡류가공품,24개월,,농업회사법인(주)서원당,201303835386,20130717,20250725
원당,원당,서원당 사과 발사믹,발효식초,제조일로부터 3년,,초산정,2006057100777,20260520,20260522
원당,원당,서원당 생들기름,들기름,9개월,,농업회사법인(주)서원당,2013038353813,20140603,20230610
원당,원당,서원당 생참기름,참기름,12개월,,농업회사법인(주)서원당,2013038353888,20260407,20260409
원당,원당,서원당 참기름,참기름,1년,,농업회사법인(주)서원당,2013038353810,20130717,20230610
원당,원당,서원당 청국장가루,청국장,제조일로부터 24개월,,농업회사법인 기림바이오 주식회사,20110555003125,20260401,20260403
원당,원당,서원당 항아리 고추장,고추장,12개월,12개월,사나래식품 농업회사법인 주식회사,2015039108424,20250528,20250529
원당,원당,서원당 항아리 된장,한식된장,12개월,12개월,사나래식품 농업회사법인 주식회사,2015039108423,20250528,20250529
탄산,탄산,석류맛 탄산음료,탄산음료,제조일로부터 1년,제조일로부터 1년,프레시(FRESH),2024091927816,20260318,20260423
탄산,탄산,석류탄산음료,탄산음료,제조일로부터 1년,,돈 아쿠아,2023065219710,20250902,20250903
원당,원당,설담비정제원당,당류가공품,제조일로부터 3년,,설담 주식회사,201601443841,20171027,20190809
원당,원당,설탕 대신 비정제원당 라즈베리 잼 쿠키,과자,제조일로부터 6개월,,사운즈커피 베이킹팩토리,2024022235022,20260306,20260319
원당,원당,설탕 대신 비정제원당 무화과 크림치즈 휘낭시에,과자,제조일로부터 6개월,,사운즈커피 베이킹팩토리,2024022235025,20260306,20260319
원당,원당,설탕 대신 비정제원당 오트밀 초코 쿠키,과자,제조일로부터 6개월,,사운즈커피 베이킹팩토리,2024022235023,20260306,20260319
원당,원당,설탕 대신 비정제원당 초코칩 휘낭시에,과자,제조일로부터 6개월,,사운즈커피 베이킹팩토리,2024022235026,20260306,20260319
원당,원당,설탕 대신 비정제원당 통밀 곡물 쿠키,과자,제조일로부터 6개월,,사운즈커피 베이킹팩토리,2024022235024,20260306,20260319
올리고당,올리고당,성수 쌀조청 올리고당,올리고당가공품,제조일로부터 2년,,(주)영수식품,2016047204318,20180726,20230202
계란,계란,세끼뚝딱 간장불고기 계란덮밥,즉석조리식품,제조일로부터 12개월까지,,(주)푸드인모닝스타,20220493563232,20250327,20250402
계란,계란,세리 든든 한그릇 중화풍 계란볶음밥,즉석조리식품,냉동 12개월,,(주)이에스그린푸드,20170443338336,20211228,20220107
계란,계란,셀러리 계란볶음,조림류,제조일로부터 5일,,주식회사케이제이푸드(KJ Food),20210424124439,20230218,20230219
계란,계란,소고기브로콜리버섯계란밥,영.유아용 이유식,제조일로부터 13일,,(주)아이푸드,20120320039282,20150729,20251001
탄산,탄산,소다맛 탄산캔디볼,캔디류,제조일로부터 12개월,,비아이에프(주),20040445063336,20210223,20210224
계란,계란,소미가 계란장소스,소스,제조일로부터 3개월,,힘찬푸드,2013019206814,20201230,20210115
계란,계란,소불고기&간장계란밥,즉석조리식품,제조일로부터 9개월,,샐그램,2023029708151,20250411,20250416
계란,계란,소불고기계란볶음밥,즉석조리식품,제조일로부터 4일,,(주)하니푸드,2021026877086,20210601,20240402
계란,계란,소불고기와계란말이,즉석조리식품,제조일로부터 12개월까지,,(주)푸드인모닝스타,20220493563221,20241129,20241205
계란,계란,소세지 계란 볶음,조림류,제조일로부터 5일(냉장),,(주)반찬천국,2005030423365,20070110,20191005
계란,계란,소세지계란빵,빵류,제조일로부터 냉동보관 6개월,,포레스트디저트,2023063488334,20231205,20231211
계란,계란,소시지계란부침,즉석조리식품,제조일로부터 3일,,라임에프앤비(주),20210222240428,20221108,20240201
원당,원당,소이풀 유기농 원당,당류가공품,48개월,,이노푸드코리아(주),2014036280155,20230717,20250612
계란,계란,소프트계란과자,과자,제조일로부터 12개월 까지,해당없음,(주)대산후드 탄현2공장,19930355028234,20210826,20230603
계란,계란,손찬 북어계란국양념,소스,제조일로부터24개월,제조일로부터24개월,MJ 푸드,20160570162161,20210318,20240224
원당,원당,솔솔 비정제원당,당류가공품,제조일로부터 36개월,,유한회사비원,202206484131,20230202,20260407
계란,계란,송도즉석반찬 반숙계란장조림,조림류,제조일로부터 10일,제조일로부터 10일,주식회사송도즉석반찬 숭의점,2023026034738,20240220,20240222
계란,계란,송탄식당 계란말이조미스프,복합조미식품,제조일로부터 12개월,제조일로부터 12개월,주식회사 진웅식품,20040332779215,20241211,20241213
당면,당면,秀(빼어날수)당면,건면,24개월,제조일로부터 24 개월,(주)한밭식품,19970467134103,20141209,20240305
당면,당면,秀당면,숙면,제조일로부터 6개월까지,,의남식품(주),1985046700967,20231016,20241224
원당,원당,수라청 원당두부부침용,두부,제조일로부터 25일,,기린원당농협두부조합공동사업법인,201904200664,20190716,20240713
원당,원당,수라청 원당두부찌개용,두부,제조일로부터 25일,,기린원당농협두부조합공동사업법인,201904200663,20190716,20240713
계란,계란,수제반숙계란장,조림류,제조일로부터 5일,해당없음,한식명가 대송,2023051310217,20241120,20241204
탄산,탄산,수출용탄산수,탄산수,12개월,,롯데칠성음료(주),20000360372154,20120921,20160706
계란,계란,숙주계란볶음밥,영.유아용 이유식,제조일로부터 25일,해당없음,(주)푸드케어 2공장,20220396175318,20220412,20260321
명태,명태,純(순)한 맛의 明太子 명태자,양념젓갈,제조일로부터 12개월,,대경에프앤비(주),1999012821020,20090904,20260609
계란,계란,순계란죽,즉석조리식품,제조일로부터 30일 이내(냉장),,주식회사 인세이버,20140362959129,20240102,20240106
후추,후추,純굵은흑후추분,천연향신료,제조일로부터 2년,,월드스파이스,2002027502862,20181204,20181213
계란,계란,순두부 계란죽,즉석조리식품,제조일로부터 9개월,,(주)진성에프엠,199903641582104,20240419,20260201
계란,계란,순두부 닭가슴살 계란죽,즉석조리식품,제조일로부터 12개월까지,,(주)유월의보리,20190280077743,20231123,20231201
계란,계란,순두부계란국,즉석조리식품,제조일로부터 5일,,탄도리푸드서비스,2019007318948,20201109,20201111
계란,계란,순두부계란국,즉석조리식품,제조일로부터 5일,,봉봉푸드,2021032706963,20230405,20260201
계란,계란,순두부계란국,영.유아용 이유식,제조일로부터 25일,해당없음,(주)푸드케어 2공장,20220396175349,20220412,20260520
계란,계란,순두부계란찜,즉석조리식품,제조일로부터 7일,,주식회사 플라잉닥터 제2공장,20250483015942,20260515,20260519
계란,계란,순두부계란찜,기타가공품,제조일로부터 7일(냉장),,집반찬연구소,20010193033627,20210714,20251114
계란,계란,순두부계란찜,즉석조리식품,제조일로부터 4일(냉장보관),,주식회사 진가네,20170160958307,20240404,20240406
계란,계란,순두부계란탕,즉석조리식품,제조일로부터 5일,제조일로부터 5일,(주)하니푸드,20210268770480,20240621,20240629
달걀,달걀,순두부달걀찜,즉석조리식품,제조일로부터 15일,,(주)뽀뽀뜨,200203804811611,20230804,20230809
달걀,달걀,순두부달걀탕,즉석조리식품,제조일로부터 15일,,농업회사법인(주) 손맛,20050211067243,20260116,20260117
달걀,달걀,순두부달걀탕,즉석조리식품,제조일로부터 7일,,(주)정미경키친,20200280071295,20230524,20230531
계란,계란,순두부새우계란찜,영.유아용 이유식,제조일로부터 25일,해당없음,(주)푸드케어 2공장,20220396175782,20230116,20260321
계란,계란,순두부야채계란국,즉석조리식품,제조일로부터25일,제조일로부터 25일,(주)에르코스농업회사법인,20100231185310,20210415,20210417
계란,계란,순두부찌개계란찜도시락,즉석섭취식품,제조 후 10시간,,(주)비엘푸드,201902029633116,20260416,20260421
계란,계란,순예담 순창 간장버터새우계란밥,즉석조리식품,제조일로부터 12개월,,주식회사 엄지식품,20150493208574,20200428,20240117
후추,후추,純후추,천연향신료,제조일로부터 24개월,,소연식품(주),1998036200214,19980610,20190224
후추,후추,純흑후추분,천연향신료,제조일로부터 2년,,월드스파이스,2002027502860,20181204,20181212
계란,계란,숯불향 규동&계란말이,즉석조리식품,제조일로부터 9개월,,(주)아워홈,20090311271794,20201022,20250118
케첩,케첩,숲속의아침 토마토케첩,토마토케첩,제조일로부터 12개월까지.,,주식회사 예산농산,19940474147321,20210112,20230715
계란,계란,쉐프원 계란볶음밥,즉석조리식품,제조일로부터 12개월까지,,디유푸드(주),2017057305198,20210614,20250329
올리고당,올리고당,쉐프원 아이쑥쑥 비타스쿨 올리고당,올리고당가공품,12개월,,대상(주)오산공장,19930336060221,20140123,20160706
올리고당,올리고당,쉐프원 올리고당,올리고당,제조일로부터 24개월,,대상(주)오산공장,19930336060278,20170317,20170323
탄산,탄산,슈프리아로니아탄산,탄산음료,제조일로부터 12개월,,(주)금강비앤에프,19950433026625,20190403,20190411
계란,계란,스웰리 계란샌드위치,즉석섭취식품,제조일로부터 72시간까지,,(주)푸드코아,200402750571261,20230623,20230701
계란,계란,스위트 계란빵,빵류,제조일로부터 9개월,,목화당,20100370402133,20240325,20260624
계란,계란,스윗칠리통계란빵,빵류,제조일로부터 10일까지(냉장),,주식회사삼립,199503380158754,20230327,20230331
계란,계란,스트릿 계란빵 믹스,기타가공품,제조일로부터 12개월,,스트릿푸드,2023051298017,20250916,20250919
계란,계란,스트릿 계란빵 반죽,빵류,제조일로부터 냉장 21일,,스트릿푸드,202305129804,20240207,20260606
계란,계란,스트릿 계란빵 반죽(냉동),빵류,냉동 6개월,,스트릿푸드,202305129801,20231113,20260606
계란,계란,스팸®계란볶음밥,즉석조리식품,제조일로부터 6개월까지,,씨제이제일제당(주)진천BLOSSOM CAMPUS,20180450285217,20250528,20260324
계란,계란,스팸계란김밥,즉석섭취식품,제조시간으로부터 52시간 까지,,(주)비지에프푸드,20200450031707,20260420,20260421
계란,계란,스팸계란김밥,즉석섭취식품,제조시간으로부터 50시간까지,,(주)원푸드림 주촌지점,20170607069463,20260421,20260423
계란,계란,스팸계란김밥,즉석섭취식품,제조시간으로부터 52시간,,(주)푸드플래닛,201503831781541,20260415,20260417
계란,계란,스팸계란김치볶음밥주먹밥,즉석섭취식품,제조 시간으로부터 72시간,-,(주)한국데리카후레쉬,20120358388292,20181231,20210422
계란,계란,스팸계란마요삼각,즉석섭취식품,제조시간으로부터 44시간,,에코푸드케터링주식회사,20100628235638,20250304,20250311
계란,계란,스팸계란볶음,즉석섭취식품,제조시간으로부터 52시간까지,,삼성웰스토리 Central Kitchen 아산,20240702932322,20251205,20251206
계란,계란,스팸계란볶음밥,즉석섭취식품,제조시간으로부터 96시간,,(주)우리델리카,20150443298242,20190812,20231223
계란,계란,스팸계란삼각김밥,즉석섭취식품,제조시부터 72 시간,,(주)대정,20190545009493,20230421,20250822
계란,계란,스팸계란야채전,기타가공품,제조일로부터 5일,,주식회사찬장에프에스대전,20220321100316,20221121,20260325
계란,계란,스팸계란치즈김밥,즉석섭취식품,제조시간으로부터 72시간,-,주식회사지에프에스,20170624144660,20260623,20260624
계란,계란,스팸계란치즈김밥,즉석섭취식품,제조시로부터 72시간,,(주)델리캡,20180348070792,20260622,20260624
계란,계란,스팸계란치즈김밥,즉석섭취식품,제조시간으로부터 72시간까지,,(주)후레쉬퍼스트,20180212258793,20260620,20260624
계란,계란,스팸계란치즈김밥,즉석섭취식품,제조시간으로부터 72시간,,(주)제이비프레시,20200620210648,20260624,20260625
계란,계란,스팸마요계란김밥,즉석섭취식품,제조일의 제조시간으로부터 72시간,,(주)현대푸드시스템,201305280411579,20221005,20260304
계란,계란,스팸마요계란김밥,즉석섭취식품,제조시간으로부터 72시간,,(주)제이비프레시,20200620210549,20251201,20260421
계란,계란,스팸마요계란김밥,즉석섭취식품,제조시간으로부터 72시간까지,,(주)그린키친,20120362606789,20200907,20260307
계란,계란,스팸마요계란김밥,즉석섭취식품,제조시간으로부터 43시간,,에코푸드케터링주식회사,20100628235508,20201126,20220503
계란,계란,스팸마요네즈계란볶음밥,즉석섭취식품,제조시간으로부터 72시간,,(주)제이비프레시,20200620210525,20250902,20260411
계란,계란,스팸마요네즈계란볶음밥,즉석섭취식품,제조일로부터 72시간까지,-,주식회사지에프에스,20170624144432,20240618,20260411
계란,계란,스팸마요네즈계란볶음밥,즉석섭취식품,제조시간으로부터 72시간,,(주)우리델리카,20150443298769,20240618,20260417
계란,계란,스팸마요네즈계란볶음밥,즉석섭취식품,제조시로부터 72시간,,(주)델리캡,20180348070534,20240617,20260415
계란,계란,스팸마요네즈계란볶음밥,즉석섭취식품,제조시간으로부터 72시간까지,,(주)후레쉬퍼스트,20180212258754,20260409,20260415
계란,계란,스팸치즈계란김밥,즉석섭취식품,제조일시로부터 72시간 이내,,(주)후레쉬서브,200803362281421,20240402,20260626
계란,계란,스팸Ⓡ과 계란,즉석조리식품,제조일로부터 12개월,,씨제이제일제당(주) 진천 BLOSSOM CAMPUS 3동,20190450208181,20260506,20260508
즉석밥,즉석밥,슬로밀밥의한수즉석밥,즉석조리식품,12개월,12개월,화심영농조합법인,20150461821264,20251004,20251024
계란,계란,시그니처 계란 김밥,즉석조리식품,제조일로부터 냉동12개월 까지,,복을만드는사람들 주식회사 농업회사법인,20200614067171,20250808,20250813
계란,계란,시금치계란말이,즉석조리식품,제조일로부터 4일,,(주)수미찬,2021004283282,20220323,20220325
계란,계란,시금치계란찜,즉석조리식품,제조일로부터 4일,,(주)도마소리,20220241566589,20251224,20251231
달걀,달걀,시금치달걀찜,즉석조리식품,제조일로부터 10일,,(주)베베쿡,200303806611815,20180117,20230610
달걀,달걀,시금치치즈달걀찜,즉석조리식품,제조일로부터 5일,,(주)정미경키친,20200280071200,20210706,20231117
계란,계란,시금치표고버섯계란죽,영.유아용 이유식,제조일로부터12일,,순수본 주식회사,2018049118197,20180418,20240228
올리고당,올리고당,시알올리고당(DS-SOS),알함유가공품,제조일로부터2년,,크로다코리아(주),1997048746811,20021120,20240117
갈치,갈치,食島 갈치액젓,액젓,,2년,금영수산식품,201805050072,20180123,20240117
계란,계란,식물성 계란 지단(세절),두류가공품,제조일로부터 24개월,,농업회사법인풀로윈(주),20150378102108,20250408,20250429
계란,계란,식물성 계란 지단(초밥용),두류가공품,24개월,,농업회사법인풀로윈(주),2015037810283,20230807,20250429
계란,계란,식물성 계란 파우더,두류가공품,제조일로부터 24개월,,주식회사 메타텍스쳐,202304292053,20240507,20260321
계란,계란,식물성 깁밥용 계란구이,두류가공품,제조일로부터 24개월,,농업회사법인풀로윈(주),20150378102107,20250408,20260625
계란,계란,식빵고로케(감자계란),서류가공품,제조일로부터 12개월,,농업회사법인공주식품(유),2021046402717,20241010,20241016
탄산,탄산,식용탄산,이산화탄소,,12개월,티에스케이가스 주식회사,202305115223,20230418,20230603
계란,계란,식자재왕 계란야채볶음밥,즉석조리식품,제조일로부터 12개월까지,,농업회사법인 주식회사 한우물,20080493074539,20190330,20240117
케첩,케첩,식자재왕 토마토케첩,토마토케첩,제조일로부터 12개월,,(주)삼아벤처,199104430242532,20250620,20250829
계란,계란,신 계란부추 만두,만두,제조일로부터 12개월,,주식회사 동북푸드,2019032633522,20240523,20240529
명태,명태,辛(신) 맛의 明太子(명태자),양념젓갈,품질유지기한 제조일로부터 12개월 설정,제조일로부터 12개월,대경에프앤비(주),1999012821026,20090907,20200605
낙지,낙지,新(신)낙지볶음양념(매콤달콤),소스,제조일로부터 12개월,제조일로부터 12개월,MJ 푸드,2016057016285,20190520,20190704
낙지,낙지,"新낙지,쭈꾸미볶음소스",소스,6개월,,미담푸드,2016033279018,20160705,20160707
낙지,낙지,辛낙지두루치기,기타 수산물가공품,제조일로부터 5일까지,,(주)푸드파크,20140128229236,20230116,20230118
낙지,낙지,辛낙지새우볶음,기타 수산물가공품,제조일로부터 5일까지,,(주)푸드파크,20140128229233,20230116,20260318
낙지,낙지,新낙지젓갈,양념젓갈,제조일로부터 6개월,,삼양씨푸드주식회사,20030128361183,20251106,20251107
낙지,낙지,新낙지젓갈(냉동),양념젓갈,제조일로부터 24개월,,삼양씨푸드주식회사,20030128361186,20251106,20251108
명란,명란,新냉동명란젓,양념젓갈,제조일로부터 12개월,,삼양씨푸드주식회사,2003012836184,20181128,20181204
명란,명란,新명란젓,양념젓갈,제조일로부터6개월,,영원푸드,2014044901919,20190410,20190416
명란,명란,新명란젓(백),양념젓갈,제조일로부터 6개월,,삼양씨푸드주식회사,2003012836161,20170621,20260228
명란,명란,新명란젓(백)1,양념젓갈,제조일로부터 24개월,,삼양씨푸드주식회사,2003012836172,20180327,20260228
명란,명란,新명란젓1,양념젓갈,제조일로부터 24개월,,삼양씨푸드주식회사,2003012836171,20180327,20260228
젓갈,젓갈,新명란젓갈,양념젓갈,제조일로부터 6개월,,삼양씨푸드주식회사,2003012836160,20170621,20221209
젓갈,젓갈,新명란젓갈 양념,양념젓갈,제조일로부터 24개월,,삼양씨푸드주식회사,20030128361201,20260317,20260319
젓갈,젓갈,新명란젓갈(무),양념젓갈,제조일로부터 24개월,,삼양씨푸드주식회사,2003012836173,20180327,20230202
젓갈,젓갈,新명란젓갈2,양념젓갈,제조일로부터 6개월,,삼양씨푸드주식회사,2003012836189,20190417,20221124
튀김가루,튀김가루,新바니치킨튀김가루(A),곡류가공품,제조일로부터 1년,,미담푸드,2016033279029,20171218,20171222
튀김가루,튀김가루,新바니치킨튀김가루(R),곡류가공품,제조일로부터 12개월,,미담푸드,2016033279031,20171218,20171222
계란,계란,신발원 계란빵,빵류,제조일로부터 13일,,딤섬키친,2022015934021,20251015,20251114
계란,계란,신선도원 계란볶음밥,즉석조리식품,제조일로부터 12개월,,주식회사 엄지식품,20150493208600,20200623,20240117
순두부,순두부,新순두부 스프,복합조미식품,제조일로 부터 6개월,,미담푸드,2016033279035,20171218,20171222
젓갈,젓갈,新오징어젓갈,양념젓갈,제조일로부터 6개월,,삼양씨푸드주식회사,20030128361184,20251106,20251108
젓갈,젓갈,新오징어젓갈(냉동),양념젓갈,제조일로부터 24개월,,삼양씨푸드주식회사,20030128361185,20251106,20251108
명태,명태,辛子明太子(신자명태자)(카라시),양념젓갈,12개월,,수영에프앤지주식회사,1995060740355,20140404,20180301
명태,명태,辛子明太子(신자명태자)(타라코),양념젓갈,12개월,,수영에프앤지주식회사,1995060740354,20140404,20180301
계란,계란,신장케어 장조림계란밥,신장질환자용 식단형 식품,제조일로부터 12개월까지(냉동보관),,에이푸드 주식회사,20090445082610,20231204,20260604
당면,당면,新진한당면,건면,제조일로부터 3년,,한교식품산업사,1983035800932,20230904,20250206
후추,후추,辛후추,향신료조제품,제조일로부터 2년,,(주)보원식품,1972028800534,19990322,20160706
케첩,케첩,싱싱토마토케첩,토마토케첩,제조일로부터 12개월까지,,래미에프앤비,2019050007153,20191205,20251126
케첩,케첩,싱싱토마토케첩,토마토케첩,제조일로부터12개월,,래미에프앤비,19980364259187,20140701,20260201
케첩,케첩,싱싱한 토마토로 만든 맛이진한 토마토케첩,토마토케첩,"실온,12개월",,(주)시아스,200504150202829,20171124,20180918
계란,계란,쌀계란빵,빵류,제조일로부터 9개월 (냉동보관),,벼리제이앤씨,202305260527,20250820,20250826
계란,계란,쏘야계란볶음밥,즉석조리식품,제조일로부터 1년(냉동보관),,(주)맛과벗,20170362092465,20250224,20250228
케첩,케첩,쏘야케첩볶음,조림류,제조일로부터 냉장14일,,동이푸드,20150362315380,20200110,20210928
우유,우유,ㅇㅊㅁㅅ 목장 우유웨하스,과자,제조일로부터 12개월,,(주)삼아인터내셔날,19910461077494,20230120,20240606
우유,우유,ㅇㅊㅁㅅ 목장우유 랑그드샤,과자,12개월,,주식회사 진협제과,19860368013108,20241022,20241025
우유,우유,ㅇㅊㅁㅅ목장 우유샌드,과자,제조일로부터 12개월,,바스락 주식회사 기흥공장,202405301484,20240819,20260428
우유,우유,ㅇㅊㅁㅅ목장 우유샌드,과자,제조일로부터 12개월(실온),,바스락(주),20140347046229,20230221,20251104
우유,우유,ㅇㅊㅁㅅ목장 우유잼 쫀득찰떡,떡류,제조일로부터 3개월,,금상푸드,20100372377119,20221129,20260201
우유,우유,ㅇㅊㅁㅅ목장 우유쿠키,과자,제조일로부터 12개월,,(주)대산후드 탄현2공장,19930355028290,20251113,20251120
계란,계란,아도겐황제 계란탕소스,소스,9개월(냉동),,세원푸드(주),201003682491752,20220527,20231202
케첩,케첩,아메리칸치즈케첩버거,즉석섭취식품,제조시간으로부터 96시간,,(주)우리델리카,20150443298988,20251113,20251115
케첩,케첩,아메리칸치즈케첩버거,즉석섭취식품,제조일의 제조시간으로부터 96시간,,(주)가온에프에스,201105280671092,20251118,20251120
계란,계란,아빠의 손맛 계란간장소스,소스,제조일로부터 18개월,,주)천년미인,20110538197139,20240831,20240902
계란,계란,아스파라계란찜,영.유아용 이유식,제조일로부터 25일,해당없음,(주)푸드케어 2공장,20220396175615,20220425,20260321
계란,계란,아스파새우계란탕,영.유아용 이유식,제조일로부터 25일,해당없음,(주)푸드케어 2공장,20220396175846,20230417,20260321
계란,계란,아워홈 도톰 계란옷입은 동그랑땡,식육함유가공품,"냉동(-18 ℃ 이하), 9개월",,(주)아워홈,200604452191011,20230727,20230729
달걀,달걀,아이들 달걀새우덮밥,조림류,제조일로부터 7일 (냉장),,집반찬연구소,200101930331077,20251202,20251210
계란,계란,아이들 맛살계란덮밥,조림류,제조일로부터 7일 (냉장),,집반찬연구소,200101930331078,20251202,20251210
계란,계란,아이들 한우계란소보로덮밥,조림류,제조일로부터 7일(냉장),,집반찬연구소,200101930331087,20260107,20260119
달걀,달걀,아이배냇 베베 순한 덮밥소스 새우달걀,즉석조리식품,제조일로부터 12개월까지,,(주)원일식품,200004430423404,20210209,20231202
계란,계란,아이얌 한입쏙 계란볼,과자,제조일로 부터 12개월,,(주) 청우식품,20100372386568,20250814,20250820
계란,계란,아채계란찜,즉석조리식품,제조일로부터 4일,제조일로부터 4일,주식회사 케이루트,2019028034831,20201106,20201112
계란,계란,아프로컴퍼니 계란볶음밥,즉석조리식품,제조일로부터 12개월 까지.,,천일식품(주),199301993491431,20241231,20250101
케첩,케첩,알룰로스케첩,토마토케첩,제조일부터 6개월 (냉장보관),,(주)동원홈푸드,2002046107313909,20240109,20240328
계란,계란,알리오올리오볶음밥&미트볼&소시지&계란후라이,즉석조리식품,제조일로부터 냉동보관(-18℃이하) 6개월,,주식회사 가람식품,2020015600659,20210504,20211030
계란,계란,알리오올리오볶음밥&함박스테이크&소시지&계란후라이,즉석조리식품,제조일로부터 냉동보관(-18℃이하) 6개월,,주식회사 가람식품,2020015600658,20210428,20211030
계란,계란,알찬정식계란밥&함박파스타,즉석섭취식품,제조일시로부터 72시간 이내,,(주)후레쉬서브,200803362281534,20250513,20250520
계란,계란,암케어 장조림계란현미밥,암환자용 식단형 식품,제조일로부터 12개월까지(냉동보관),,에이푸드 주식회사,20090445082611,20231204,20260604
계란,계란,압도적뉴계란김밥,즉석섭취식품,제조시간으로부터 52시간,,(주)푸드플래닛,201503831781443,20251117,20251120
계란,계란,압도적뉴계란김밥,즉석섭취식품,제조시간으로부터 50시간까지,,(주)원푸드림 주촌지점,20170607069240,20240726,20251126
계란,계란,압도적플러스치즈계란,즉석섭취식품,제조시간으로부터 52시간 까지,,(주)비지에프푸드,20200450031529,20250626,20260116
계란,계란,압도적플러스치즈계란,즉석섭취식품,제조시간으로부터 52시간,,(주)푸드플래닛,201503831781332,20250628,20251104
계란,계란,압도적플러스NEW치즈계란,즉석섭취식품,제조시간으로부터 50시간까지,,(주)원푸드림 주촌지점,20170607069363,20250630,20251126
계란,계란,앙만주 계란,빵류,제조일로부터 12개월까지,,(주)화과방,20000484353917,20250319,20250321
계란,계란,애월아빠들 계란과자,과자,제조일로 부터 1년,제조일로 부터 1년,주식회사 제주내먹,20130631190192,20220411,20230322
계란,계란,애호박 계란구이,즉석조리식품,제조일로부터 5일,,도리깨침,20200280142915,20251121,20251125
계란,계란,애호박계란건새우만두소,기타가공품,제조일로부터 7일,,희가덕식품,2025050440710,20250924,20250926
계란,계란,애호박참깨계란볶음,즉석조리식품,제조일로부터 12일,,순수본 주식회사,20180491181631,20241018,20241023
계란,계란,앤리치 계란볶음밥,즉석조리식품,제조일로부터 12개월,,주식회사 엄지식품,201504932081207,20240311,20240315
계란,계란,앤의 사랑스러운 계란 카스테라,빵류,제조일로부터 20일까지(실온),,주식회사삼립,199503380158686,20221202,20221207
계란,계란,야채계란국,즉석조리식품,제조일로부터 12일,,순수본 주식회사,20180491181193,20190402,20240117
계란,계란,야채계란말이,즉석섭취식품,제조일로부터 5일,첨부파일 참조,다미온,2022031860871,20240510,20250730
계란,계란,야채계란말이,기타가공품,5일,,아람찬,2022018840622,20220730,20220805
계란,계란,야채계란말이,즉석섭취식품,제조일부로 냉장 4일,제조일로부터 냉장 5일,주식회사 위대한밥상,2011047810339,20210528,20240117
계란,계란,야채계란말이,알함유가공품,3일,,(주)처가식품,1998032009795,20090217,20180118
계란,계란,야채계란말이,조림류,제조일로부터 7일,,(주)육십오도씨,20220274644199,20250522,20250727
계란,계란,야채계란말이,즉석조리식품,제조일로부터7일(냉장보관),-,(주)비움,20180217306224,20201130,20250826
계란,계란,야채계란말이,즉석섭취식품,제조일로부터 4일,,(주)하니푸드,20210268770595,20250811,20250821
계란,계란,야채계란말이,기타가공품,제조일로부터 7일(냉장),,집반찬연구소,20010193033269,20180614,20251022
계란,계란,야채계란말이,즉석조리식품,제조일로부터 6일,,주식회사장모님에프앤비,20230300165167,20241022,20241023
계란,계란,야채계란말이,기타가공품,제조일로부터 7일,,주식회사장모님에프앤비,20230300165177,20250219,20250222
계란,계란,야채계란장,조림류,제조일로부터 15일,,팜스더프레시,20220299544359,20250515,20250520
계란,계란,야채계란찜,기타가공품,제조일로부터 7일(냉장),,집반찬연구소,20010193033455,20200330,20251114
계란,계란,야채계란찜,즉석조리식품,제조일로부터 냉장4일,,동이푸드,2015036231540,20151218,20171204
계란,계란,야채계란찜,즉석조리식품,제조일로부터 7일,,농업회사법인 소생로컬푸드 주식회사 제2공장,20210559160418,20241113,20241115
계란,계란,야채계란찜,즉석조리식품,제조일로부터 4일(냉장보관),,주식회사 진가네,20170160958306,20240404,20240406
달걀,달걀,야채달걀국,즉석조리식품,제조일로부터 8일까지,,(주)에코맘의 산골이유식,20200614037343,20200421,20210301
계란,계란,야채듬뿍 계란장,조림류,제조일로부터 5일,,도리깨침,20200280142557,20230829,20260129
계란,계란,야채볶음(계란게살볶음밥용),기타가공품,냉장 5일,5일,정직한 사람들,2024056963113,20260428,20260430
계란,계란,야채쏭쏭계란찜,즉석조리식품,제조일로부터 4일,,라임에프앤비(주),20210222240101,20210423,20240201
계란,계란,야채와 계란블럭,기타가공품,제조일로부터 18개월,,(주)대도F&D,19920392069326,20220816,20230610
계란,계란,양반 노릇한 계란옷 입힌 새우부추완자,기타 수산물가공품,제조일로부터 12개월까지,,(주)네이처앤컬처,20020347127213,20250820,20250829
계란,계란,양반 마파두부 계란볶음밥,즉석조리식품,냉동. 12개월,,(주)시아스,200504150205007,20250414,20250712
계란,계란,양배추 계란구이,즉석조리식품,제조일로부터 5일,,도리깨침,20200280142903,20251112,20251114
계란,계란,양배추 치즈 계란구이,즉석조리식품,제조일로부터 5일,,도리깨침,20200280142914,20251121,20251125
계란,계란,양지버섯국계란찜도시락,즉석섭취식품,제조 후 10시간,,(주)비엘푸드,201902029633060,20260217,20260220
계란,계란,어떤 재료도 잘 어울리는 계란야채볶음밥,즉석조리식품,제조일로부터 12개월까지,,농업회사법인 주식회사 한우물,200804930741572,20250708,20250710
계란,계란,어린이 계란후라이덮밥도시락,즉석섭취식품,제조시간으로부터 8시간,,오에스케이터링(주),20160628608239,20221031,20221102
계란,계란,어성초야채계란말이,알함유가공품,냉장보관 3일,,(주)처가식품,19980320097140,20131007,20190427
계란,계란,얼큰짬뽕계란탕,즉석조리식품,제조일로부터 4일,,(주)하니푸드,20210268770597,20250909,20250911
계란,계란,엄지 계란볶음밥,즉석조리식품,제조일로부터 12개월,,(주)엄지식품,2021050412319,20211118,20240117
계란,계란,엄지계란볶음밥,즉석조리식품,제조일로부터 12개월,,주식회사 엄지식품,20150493208261,20180604,20241005
냉동밥,냉동밥,엄지냉동밥조미액,소스,제조일로부터6개월,,주식회사 함께하면좋은사람들,202407514354,20241113,20241116
대란,대란,에그대란샌드위치,즉석섭취식품,제조시간으로부터 72시간,,(주)우리델리카,20150443298414,20210121,20210122
유정란,유정란,에그촉촉 카스텔라 진 유정란,빵류,제조일로부터 18일까지,,상하농원(유) 카스텔라 공방,20160500041129,20260304,20260619
계란,계란,에브리원셰프 NEW 계란야채 볶음밥,즉석조리식품,제조일로부터 12개월까지,,농업회사법인 주식회사 한우물,20080493074839,20201211,20240117
계란,계란,엔케이 누룽지새우계란죽,즉석조리식품,제조일로부터 냉동에서 12개월까지,,(주)로뎀푸드,20070372333537,20221128,20241004
계란,계란,연두부계란푸딩,즉석조리식품,제조일로부터 30일,,주)짱죽,20140512224904,20250430,20250503
달걀,달걀,연두부달걀찜,즉석조리식품,제조일로부터 10일,,(주)베베쿡,200303806611817,20180117,20230610
계란,계란,연어 계란볶음밥,즉석조리식품,제조일로부터 1년(냉동보관),,(주)맛과벗,20170362092324,20220607,20240928
계란,계란,연어 계란볶음밥,즉석조리식품,제조일로부터 12개월,,농업회사법인(주)별담푸드,2025092401422,20250116,20250227
국수,국수,연제네 똠양쌀국수소스,소스,제조일부터 6개월 (냉장보관),,(주)동원홈푸드,2002046107315436,20241219,20250402
계란,계란,연하도움식 클로렐라 계란죽,즉석조리식품,제조일로부터 12개월까지,,대상푸드플러스주식회사,198804490042532,20220121,20220811
계란,계란,엽불 야채계란죽,즉석조리식품,제조일로부터 12개월,,농업회사법인주식회사해미래,20120548569510,20260407,20260408
계란,계란,영양 계란찜,즉석조리식품,제조일로부터 5일,,도리깨침,20200280142332,20221010,20251107
계란,계란,영양 버섯계란죽,즉석조리식품,제조일로부터 12개월,,한국에스비식품(주),196903640042124,20241202,20260201
계란,계란,영양 새우계란죽,즉석조리식품,제조일로부터 12개월,,한국에스비식품(주),196903640042123,20241202,20260201
달걀,달걀,영양국 누룽지달걀탕,즉석조리식품,제조일로부터 10일,,(주)베베쿡,200303806613181,20260417,20260418
달걀,달걀,영양국 새우달걀김국,즉석조리식품,제조일로부터 10일,,(주)베베쿡,200303806613172,20260416,20260418
계란,계란,영양국 생선살계란국,즉석조리식품,제조일로부터 10일,,(주)베베쿡,200303806611914,20180529,20250815
달걀,달걀,영양국 시금치달걀탕,즉석조리식품,제조일로부터 10일,,(주)베베쿡,200303806611923,20180529,20240626
계란,계란,영양국 야채계란탕,즉석조리식품,제조일로부터 10일,,(주)베베쿡,200303806611940,20180529,20240619
계란,계란,영양국 한우계란목이탕,즉석조리식품,제조일로부터 10일,,(주)베베쿡,200303806611981,20180530,20240621
달걀,달걀,영양반찬 달걀스크램블,즉석조리식품,제조일로부터 10일,,(주)베베쿡,200303806612597,20220823,20240627
달걀,달걀,영양반찬 달걀오이볶음,즉석조리식품,제조일로부터 10일,,(주)베베쿡,200303806612608,20220824,20230610
계란,계란,영양반찬 닭고기계란덮밥소스,즉석조리식품,제조일로부터 10일,,(주)베베쿡,200303806612592,20220822,20231012
계란,계란,영양반찬 닭고기계란소스,즉석조리식품,제조일로부터 10일,,(주)베베쿡,200303806613158,20260316,20260320
계란,계란,영양반찬 새우계란찜,즉석조리식품,제조일로부터 10일,,(주)베베쿡,200303806612604,20220824,20230915
달걀,달걀,영양반찬 시금치달걀볶음,즉석조리식품,제조일로부터 10일,,(주)베베쿡,200303806613161,20260316,20260320
달걀,달걀,영양반찬 참나물토마토달걀소스,즉석조리식품,제조일로부터,,(주)베베쿡,200303806613146,20260312,20260404
계란,계란,영양반찬 한우계란버섯볶음,즉석조리식품,제조일로부터 10일,,(주)베베쿡,200303806612961,20240822,20240824
계란,계란,영양반찬 한우계란볶음,즉석조리식품,제조일로부터 10일,,(주)베베쿡,200303806612580,20220816,20231017
계란,계란,영양밥 계란아스파라거스야채덮밥,즉석조리식품,제조일로부터 10일,,(주)베베쿡,200303806612314,20210420,20240524
계란,계란,영양밥 닭고기계란덮밥,즉석조리식품,제조일로부터 10일,,(주)베베쿡,200303806611835,20180528,20240523
계란,계란,영양밥 돈육계란덮밥,즉석조리식품,제조일로부터 10일,,(주)베베쿡,200303806612910,20230926,20231212
달걀,달걀,영양밥 새우살순두부달걀덮밥,즉석조리식품,제조일로부터 10일,,(주)베베쿡,200303806612980,20241023,20260516
계란,계란,영양쏙쏙 보들고소 햄계란볶음밥,즉석조리식품,제조일로부터 10일,,(주)베베쿡,200303806612988,20241219,20260411
달걀,달걀,영양쏙쏙 부드럽게 볶은 토마토달걀볶음밥,즉석조리식품,제조일로부터 10일,,(주)베베쿡,200303806613002,20250326,20251128
계란,계란,옛날계란장조림,조림류,제조일로부터90일,,동이푸드,20150362315520,20230804,20230810
계란,계란,옛날계란찜,즉석조리식품,제조일로부터 4일,,라임에프앤비(주),20210222240453,20221212,20240201
달걀,달걀,옛날소시지달걀부침,즉석조리식품,제조일로부터 7일,,(주)정미경키친,20200280071297,20230623,20250717
계란,계란,오늘도 와사비 크래미 계란 메밀 김밥,즉석섭취식품,제조일로부터 5일,,(주)빠띠쁘레,2023048163647,20250715,20250716
계란,계란,오늘도 와사비 크래미 유부 계란김밥,즉석섭취식품,제조일로부터 5일,해당없음.,(주)빠띠쁘레,2023048163632,20250706,20251107
계란,계란,오늘도 참치마요 계란김밥,즉석섭취식품,제조일로부터 5일,,(주)빠띠쁘레,2023048163631,20250706,20250709
계란,계란,오늘좋은 계란쿠키,과자,제조일로부터 12개월,,주식회사 신흥제과,19950464070187,20180530,20240120
계란,계란,오늘한끼 계란볶음밥,곡류가공품,제조일로부터 12개월까지,,디유푸드(주),20170573051161,20240802,20240806
계란,계란,오뚜기 가뿐한끼 새우계란 곤약볶음밥,즉석조리식품,제조일로부터 12개월,,오뚜기냉동식품 주식회사,20040355580550,20230530,20230605
계란,계란,오뚜기 고소한참깨계란블럭,알함유가공품,제조일로부터 12월,,상미식품주식회사,19910449004392,20141114,20210904
계란,계란,오리지날 계란빵,빵류,제조일로부터 12개월까지,,(주)대승푸드,2025056908514,20251217,20260128
계란,계란,오리지날계란후라이시즈닝,기타가공품,제조일로부터 18개월까지,,(주)아이엠소스,20120046517432,20220310,20231230
계란,계란,오리지널 계란빵,빵류,제조일로부터 6개월까지,,중독팩토리,2019006437559,20231204,20231208
계란,계란,오리지널계란샌드,즉석섭취식품,제조시간으로부터 94시간,,(주)비지에프푸드,20200450031657,20260226,20260505
계란,계란,오리지널계란샌드,즉석섭취식품,제조일로부터 72시간까지,,(주)푸드코아,200402750571674,20260423,20260429
계란,계란,오리지널플레인계란빵,빵류,제조일부터 9개월까지,,(주)도깨비제과,2024028385046,20251209,20251210
계란,계란,오리진 구운계란핫도그,빵류,제조일로부터 12개월까지,,봄안에,2023051761318,20240124,20260201
계란,계란,오메가계란노른자소면,건면,24개월,해당없음.,효천푸드,1986037205099,20201208,20201216
냉동밥,냉동밥,오모가리JMT족밥용냉동밥,즉석조리식품,냉동. 12개월,,(주)시아스,200504150204409,20220324,20220326
냉동밥,냉동밥,오모가리JMT핵족밥용냉동밥,즉석조리식품,냉동. 12개월,,(주)시아스,200504150204410,20220324,20220326
계란,계란,오믈레햄계란볶음밥,즉석섭취식품,제조시간으로부터 96시간,,(주)우리델리카,20150443298894,20250527,20250529
계란,계란,오믈레햄계란볶음밥,즉석섭취식품,제조일의 제조시간으로부터 72시간,,(주)가온에프에스,201105280671042,20250521,20250603
계란,계란,오분전 계란야채전,기타가공품,제조일로부터 12개월,,농업회사법인(주)영풍,20220233480154,20260429,20260430
계란,계란,오븐에 구운 계란과자,과자,실온 2개월,,파파브레드,20110275040759,20220923,20220929
계란,계란,오븐에 구운 명란요리와 계란볶음밥,즉석조리식품,제조일로부터 11개월,제조일로부터 11개월,(주)세종인터내셔날,2021010897385,20250328,20250404
계란,계란,오아시스 샌드위치용 계란샐러드,즉석섭취식품,제조일로부터 40일까지,,(주)엠디에스코리아 3공장,20150355222511,20241219,20250215
계란,계란,오즈키친 계란게살죽,즉석조리식품,제조일로부터 12개월까지,,(주)오뚜기,20010445055899,20250718,20250723
계란,계란,오즈키친 샤브계란죽,즉석조리식품,12개월,,(주)오뚜기,20010445055715,20240201,20240203
유정란|계란,"유정란,계란",오직자연만담은유정란계란북엇국,즉석조리식품,제조일로부터 24개월,,농업회사법인 주식회사 연꽃마을,20110358180114,20250310,20250311
계란,계란,온가족 계란 볶음밥,즉석조리식품,12개월 / 냉동,,(주)시아스,200504150205114,20251002,20251202
계란,계란,온가족 계란 볶음밥,즉석조리식품,제조일로부터 12개월 까지.,,천일식품(주),199301993491426,20241206,20241207
달걀,달걀,온천달걀,조림류,5일,,데일리식품 주식회사,2019036185438,20190718,20190721
계란,계란,올리브앤더블치즈 계란빵,빵류,제조일부터9개월까지,,(주)도깨비제과,2024028385042,20251126,20251128
계란,계란,올바르고 반듯한 계란만두,만두,제조일로부터 12개월,해당없음.,세린식품(주),20100380269648,20221122,20231123
계란,계란,올바르고 반듯한 노란 계란 옷을 입은 바삭한 고단백 동태전,기타 수산물가공품,제조일로부터 냉동 12개월까지,,(주)하늘푸드제2공장,20140364316203,20181025,20260201
계란,계란,올반 美味 중화식 계란볶음밥,즉석조리식품,제조일로부터 9개월,,주식회사 엄지식품,20150493208934,20220411,20240117
계란,계란,올특찬 아삭 채소를 담은 참치야채계란찜,즉석조리식품,제조일로부터 10일,,(주)베베쿡,200303806612329,20210809,20251128
달걀,달걀,올특찬 촉촉한 달걀이 감싼 오야코동,즉석조리식품,제조일로부터 10일,,(주)베베쿡,200303806612999,20250114,20251128
계란,계란,올특찬 톡톡 날치알계란찜,즉석조리식품,제조일로부터 10일,,(주)베베쿡,200303806612947,20240705,20251225
계란,계란,올특찬 해물모둠계란찜,즉석조리식품,제조일로부터 10일,,(주)베베쿡,200303806612403,20211130,20240529
계란,계란,와그작 스팸계란김밥,즉석섭취식품,제조일로부터 72시간 이내,,주식회사 탭스인터내셔널,20230377181103,20260424,20260505
계란,계란,와그작 오이계란김밥,즉석섭취식품,제조일로부터 72시간,,주식회사 탭스인터내셔널,20230377181107,20260619,20260623
계란,계란,와사비계란모닝샌드&샐러드,즉석섭취식품,제조일로부터 60시간,,(주)현대그린푸드 스마트푸드센터,201902803274099,20250328,20250913
계란,계란,와사비크래미 계란메밀김밥,즉석섭취식품,제조일로부터 5일,제조일로부터 5일,농업회사법인(주) 담푸른,20160338669419,20240709,20240713
계란,계란,와사비크래미 계란메밀마끼,즉석섭취식품,제조일로부터 5일,,(주)빠띠쁘레,2023048163636,20250707,20250709
계란,계란,와사비크래미 계란메밀마끼,즉석섭취식품,제조일로부터 5일,,농업회사법인(주) 담푸른,20160338669132,20230330,20240403
계란,계란,와사비크래미유부 계란김밥,즉석섭취식품,제조일로부터 5일,제조일로부터 5일,농업회사법인(주) 담푸른,20160338669421,20240709,20240713
계란,계란,와사비크래미유부 계란마끼,즉석섭취식품,제조일로부터 5일,,농업회사법인(주) 담푸른,20160338669131,20230330,20240327
계란,계란,왕계란폭탄김밥,즉석섭취식품,제조시간으로부터 48시간,,(주)우리델리카,20150443298398,20201208,20201211
왕란,왕란,왕란과자,과자,365일,,주식회사 신흥제과,19950464070176,20160312,20170901
계란,계란,요리조리 영양죽 8호(계란야채죽 set),즉석섭취식품,제조후 10시간,,요리조리사회적협동조합,2020032652349,20200720,20200730
계란,계란,요리하다 간장계란 닭가슴살 곤약볶음밥,즉석조리식품,제조일로부터 12개월까지,,농업회사법인 주식회사 한우물,20080493074972,20210714,20240117
계란,계란,요리하다 교동전선생 계란입은 노릇한 표고전,기타가공품,내수용 : 제조일로부터 12개월 / 수출용 : 수출목적 제품으로 수입자 요구기준에 맞게 설정,,(주)사옹원,20210452332530,20250711,20250806
계란,계란,요리하다 햄계란김치볶음밥,즉석조리식품,제조일로부터 9개월,,오뚜기냉동식품 주식회사,20040355580220,20180619,20180625
계란,계란,요리하다 햄계란볶음밥,즉석조리식품,12개월 냉동(-18℃이하),,(주)시아스,200504150205031,20250609,20250718
계란,계란,요리하다 황금계란만두,만두,제조일로부터 12개월,,(주) 푸르온,199904613861045,20240524,20240711
계란,계란,우도땅콩계란과자,과자,제조일로 부터 1년,제조일로 부터 1년,주식회사 제주내먹,20130631190250,20230707,20230719
계란,계란,우리계란볶음밥,즉석조리식품,제조일로부터 9개월까지.,,천일식품(주),199301993491327,20220921,20220923
계란,계란,우리농 계란과자,과자,6개월,,눈비산농산 영농조합법인,200104440827,20180219,20191218
계란,계란,우리밀 딸기계란과자,과자,제조일로부터 1년,해당없음.,(주)대산후드 탄현2공장,19930355028291,20251205,20251212
계란,계란,우리밀 칼슘 계란과자,과자,제조일로부터 12개월,,(주)대산후드 탄현2공장,19930355028262,20240415,20240423
계란,계란,우리밀계란과자,과자,제조일로부터 1년(건냉한 장소에 보관),,(주)대산후드 탄현2공장,19930355028111,20080513,20190425
계란,계란,우리밀계란쿠키,과자,제조일로부터 50일,,농업회사법인(주)세종우리밀,2019026262315,20211220,20211230
계란,계란,우리밀로만든계란쿠키,과자,제조일로부터 1년,해당없음.,(주)대산후드 탄현2공장,19930355028201,20180910,20211218
계란,계란,우리밀오리지널(통)계란빵,빵류,제조일부터 12개월,,호모사피엔스,2024027457232,20260206,20260211
유정란,유정란,우리밀유정란 작은전병,과자,제조일로부터 1년,,눈비산농산 영농조합법인,2001044408210,20191217,20191218
유정란,유정란,우리밀유정란 전병,과자,제조일로부터 1년,,눈비산농산 영농조합법인,200104440821,20010724,20191218
유정란,유정란,우리밀유정란 전병∥,과자,제조일로부터1년,,눈비산농산 영농조합법인,200104440823,20071130,20170901
유정란,유정란,우리밀유정란초코쉬폰,빵류,제조일로부터상온(15-25도) 5일까지,제조일로부터상온(15-25도) 5일까지,농업회사법인 팜엔쿡 본점,2021044710619,20220614,20241019
계란,계란,우리밀햄치즈(통)계란빵,빵류,제조일로부터 12개월,,호모사피엔스,2024027457233,20260206,20260212
계란,계란,우리쌀스시도넛(계란),빵류,냉동보관270일,,(주)팔래스코리아,20190293008136,20231102,20251225
달걀,달걀,우리아이 감자달걀국,즉석조리식품,제조일로부터 5일,,(주)정미경키친,20200280071255,20220826,20220831
달걀,달걀,우리아이 달걀순두부찜,즉석섭취식품,제조일로부터 4일,,(주)정미경키친,20200280071371,20240521,20240529
달걀,달걀,우리아이 채소달걀찜,즉석조리식품,제조일로부터 5일,,(주)정미경키친,20200280071199,20210706,20231117
달걀,달걀,우리아이 치즈듬뿍채소달걀찜,즉석조리식품,제조일로부터 10일,,(주)정미경키친,20200280071487,20251231,20260103
달걀,달걀,우리아이 토마토새우달걀볶음,조림류,제조일로부터 4일,,(주)정미경키친,20200280071242,20220401,20220413
달걀,달걀,우리아이 한우달걀볶음,조림류,제조일로부터 4일,,(주)정미경키친,20200280071241,20220401,20220413
무,무,우무,묵류,3일,,염주골두부,200302190263,20040518,20170120
순두부,순두부,牛삼겹순두부찌개,간편조리세트,제조일로부터 7일까지,,(주)참맛나라,20010199365892,20240408,20240531
계란,계란,우유와 계란으로 만든 단팥붕어빵,빵류,제조일로부터 12개월 까지,,(주)화과방,20000484353764,20190808,20240117
계란,계란,우유와 계란으로 만든 우유크림붕어빵,빵류,제조일로부터 12개월 까지,,(주)화과방,20000484353763,20190808,20240117
즉석밥,즉석밥,울릉도 부지깽이 즉석밥,즉석조리식품,제조일부터 12 개월,제조일부터 12개월,농업회사법인 하늘농가(주) F2,2022046043656,20230608,20230704
계란,계란,원테이블 새우계란볶음밥,즉석조리식품,제조일로부터 12개월까지,,농업회사법인 주식회사 한우물,200804930741777,20260519,20260521
계란,계란,원투나인푸드 계란볶음밥,즉석조리식품,제조일로부터 12개월까지,,농업회사법인 주식회사 한우물,200804930741586,20260210,20260221
계란,계란,월요일(한식계란말이+깨순두부버무리+미역줄기볶음),즉석섭취식품,제조일로부터 4일,,(주)육십오도씨,20220274644280,20260109,20260114
계란,계란,웰빙앤찬 계란 장조림,조림류,제조일로부터 7일,,(주)푸드앤찬,2017041506833,20180511,20240517
계란,계란,웰빙앤찬 계란말이,즉석조리식품,"제조일로부터 (냉장7일, 냉동12개월)",,(주)푸드앤찬,2017041506872,20221213,20250826
계란,계란,위드밀 콘치즈 계란빵,빵류,제조일로부터 12개월까지,,(주)대승푸드,2025056908515,20251215,20251218
계란,계란,유기농 계란쿠키,과자,제조일로부터 12개월,,(주)대산후드 탄현2공장,19930355028263,20240419,20240605
계란,계란,유니짜장계란볶음밥,즉석조리식품,제조일로부터 12개월,,(주)현대그린푸드 스마트푸드센터,201902803273067,20230803,20260417
계란,계란,유부초밥&계란김밥,즉석섭취식품,제조시간으로부터 42시간,,롯데부산CK 주식회사,200206143692825,20240718,20240726
계란,계란,유부초밥&계란김밥,즉석섭취식품,제조시간으로부터 45시간,,롯데평택CK 주식회사,199503062742021,20240711,20240928
계란,계란,유부초밥계란김밥세트,즉석섭취식품,72시간,,(주)탭스인터내셔널1공장,20170275045413,20260511,20260527
계란,계란,유씨아저씨의계란찜파우더,기타가공품,18개월,,(주)아이엠소스,20120046517226,20181103,20251213
계란,계란,유어스 프리미엄 감동란 계란쿠키,과자,제조일로부터 1년,제조일로 부터 1년,주식회사 제주내먹,20130631190190,20220405,20240702
계란,계란,유어스)계란국,즉석조리식품,제조일로부터18개월까지,,우일수산(주),19940471029550,20190124,20190202
유정란|계란,"유정란,계란",유정란 계란버터쿠키,과자,제조일로부터 12개월,제조일로부터 12개월,(주)제이주원컴퍼니,20210225314106,20250401,20250403
유정란,유정란,유정란 달과자,과자,6개월,,눈비산농산 영농조합법인,200104440829,20191217,20240326
유정란,유정란,유정란밀순카스테라,빵류,제조일로부터 90일,,주식회사 미엘에프엔비,2014027520842,20150714,20170901
유정란,유정란,유정란화이트카스테라,빵류,제조일로부터 90일,,주식회사 미엘에프엔비,2014027520843,20150714,20170901
계란,계란,이우스 장조림버터계란덮밥 밀키트,간편조리세트,제조일로부터 12개월,,솜씨협동조합,20180348238506,20241229,20250829
냉동밥,냉동밥,이재모냉동밥,즉석조리식품,12개월 / 냉동,,(주)시아스,200504150205048,20250618,20250702
계란,계란,익숙한 계란장,조림류,10일,제조일로부터 10일,익숙한 푸드,202507756692,20250814,20250819
계란,계란,인생닭 간편도시락 귀리밥&계란후라이,즉석조리식품,제조일로부터 12개월,,(주)더빱,20130467091228,20200618,20220330
계란,계란,인생닭 간편도시락 현미잡곡밥&계란후라이,즉석조리식품,제조일로부터 12개월,,(주)더빱,20130467091227,20200618,20220330
계란,계란,일본식 계란말이,즉석조리식품,제조일로부터 5일,,도리깨침,20200280142919,20251203,20251206
달걀,달걀,일본식달걀말이,조림류,제조일로부터 D+4,,(주)육십오도씨,20220274644252,20250826,20250827
계란,계란,일식계란김밥,즉석섭취식품,제조시로부터 72시간,,(주)델리캡,20180348070770,20260413,20260414
계란,계란,일식계란김밥,즉석섭취식품,제조시간으로부터 72시간,,(주)우리델리카,20150443298639,20230315,20260421
계란,계란,일식계란김밥,즉석섭취식품,제조시간으로부터 72시간,-,(주)한국데리카후레쉬,201203583881021,20260413,20260418
계란,계란,일오삼계란빵반죽,기타가공품,7일(냉장),,청호식품,2003033846522,20161013,20161013
계란,계란,임셰프도시락 계란볶음밥&떡갈비,즉석조리식품,제조일로부터 12개월(냉동),,(주)맛과벗,2017036209264,20180626,20210429
계란,계란,잇메이트 닭가슴살 몬스터 귀리볶음밥 간장계란,즉석조리식품,제조일로부터 12개월,,오뚜기냉동식품 주식회사,20040355580532,20230309,20240924
계란,계란,잇메이트 현미 빠삭 주먹밥 간장계란,즉석조리식품,제조일로부터 12개월,,오뚜기냉동식품 주식회사,20040355580629,20241225,20250419
계란,계란,자이언트 닭가슴살 볶음밥 간장계란,즉석조리식품,제조일로부터 12개월까지,,농업회사법인 주식회사 한우물,200804930741499,20241113,20241116
계란,계란,자주 계란과자,과자,제조일로부터 12개월,,주식회사 신흥제과,19950464070200,20240312,20240323
계란,계란,잠백이 닭가슴살 간장계란밥,즉석조리식품,냉동. 12개월,,(주)시아스,200504150204685,20230613,20230615
계란,계란,잠백이 점보 닭가슴살 볶음밥 간장계란,즉석조리식품,12개월,,(주)취영루,19920355173474,20241024,20260501
계란,계란,잡채계란만두전,즉석조리식품,제조일로부터 7일,,(주)하니푸드,20210268770102,20210511,20240305
계란,계란,장군계란빵 반죽,기타가공품,제조일로부터7일,,국민푸드,2008036479726,20160919,20260201
계란,계란,장어계란 초밥,즉석섭취식품,제조일로부터 48시간,,농업회사법인주식회사큰울,2024032042458,20260520,20260522
계란,계란,장조림 버터계란덮밥,즉석조리식품,제조일로부터 9개월,,(주)다솜푸드,2016036332371,20181101,20181102
계란,계란,장조림계란덮밥,즉석조리식품,제조일로부터 9개월,,(주)씨케이케이,2013036469392,20180612,20260201
계란,계란,장조림계란비빔밥,즉석조리식품,제조일로부터 12개월까지 (냉동보관),해당없음.,메디쏠라 연구소 키친,20160116016410,20231115,20251225
계란,계란,장조림계란비빔밥,즉석조리식품,제조일로부터 12개월까지(냉동보관),,에이푸드 주식회사,20090445082597,20231204,20260604
계란,계란,장조림계란삼각,즉석섭취식품,제조시간으로부터 52시간,,(주)비지에프푸드,20200450031418,20241111,20260410
계란,계란,장조림계란삼각,즉석섭취식품,제조시간으로부터 52시간,,(주)푸드플래닛,201503831781546,20260428,20260501
계란,계란,장푸드 계란야채볶음밥,즉석조리식품,제조일로부터 12개월까지,,농업회사법인 주식회사 한우물,20080493074298,20161216,20240117
계란,계란,잭선장 계란장,절임식품,냉장 15일,,주식회사형돈유통,2022046806671,20230719,20230721
계란,계란,저당 맛있는 닭가슴살 간장계란볶음밥,즉석조리식품,제조일로부터 9개월까지,,농업회사법인 주식회사 한우물,20080493074963,20210624,20241221
계란,계란,저당 현미곤약 닭가슴살햄 계란 김밥,즉석조리식품,냉동 12개월,,(주)이에스그린푸드,20170443338693,20240623,20240731
계란,계란,저당계란빵 반죽,빵류,제조일로부터 냉동 6개월,제조일로부터 냉동 6개월,주식회사 황금에프앤비,2020040201370,20230913,20230916
계란,계란,저당계란빵 반죽(냉장),빵류,제조일로부터 냉장 10일,제조일로부터 냉장 10일,주식회사 황금에프앤비,2020040201372,20230917,20230922
계란,계란,저당식단 콜리플라워계란볶음 세트,즉석섭취식품,제조일로부터 4일,,(주)현대그린푸드 스마트푸드센터,20190280327841,20200428,20230509
계란,계란,저당장조림버터계란밥,즉석조리식품,제조일로부터 9개월,,(주)씨케이케이,20130364693236,20220516,20260201
즉석밥,즉석밥,저칼로리 콜라겐 현미곤약 즉석밥,즉석조리식품,제조일로부터 12개월,"실온보관, 제조일로부터 12개월",농업회사법인 한채원 주식회사,2023082408960,20251223,20251225
계란,계란,전각 계란볶음밥,즉석조리식품,제조일로부터 12개월,,농업회사법인(주)별담푸드,20250924014135,20260604,20260609
계란,계란,전복 계란말이 두부저당김밥,즉석조리식품,제조일로부터 냉동12개월 까지,,복을만드는사람들 주식회사 농업회사법인,20200614067137,20241127,20241129
계란,계란,전복계란무스비(12입),즉석섭취식품,"제조시간으로부터 45시간 (미생물 및 관능검사 결과, 제조시간으로부터 64시간까지 유통이 가능하며 70% 안전율 감안하여 45시간으로 설정)",,롯데평택CK 주식회사,199503062741642,20220112,20220114
계란,계란,전복계란무스비(24입),즉석섭취식품,"제조시간으로부터 37시간 (미생물 및 관능검사 결과, 제조시간으로부터 53시간까지 유통이 가능하며 70% 안전율 감안하여 37시간으로 설정)",,롯데평택CK 주식회사,199503062741751,20220812,20220817
계란,계란,전복내장계란김밥,즉석섭취식품,제조일로부터 48시간,,(주)현대그린푸드 스마트푸드센터,201902803274748,20260211,20260213
계란,계란,전복돈까스&계란무스비(12입),즉석섭취식품,"제조시간으로부터 45시간 (미생물 및 관능검사 결과, 제조시간으로부터 64시간까지 유통이 가능하며 70% 안전율 감안하여 45시간으로 설정)",,롯데평택CK 주식회사,199503062741643,20220112,20220114
달걀,달걀,전분으로만든식물성달걀대용파우더,전분가공품,제조일로부터 24개월,,(주)브레드가든성남공장,20090275178527,20210202,20211027
계란,계란,전사랑 계란전,기타가공품,제조일로부터 1년,,푸드글로리,2014037508917,20241007,20241008
계란,계란,점보 닭가슴살 간장계란덮밥,즉석조리식품,제조일로부터 12개월,,농업회사법인(주)별담푸드,2025092401492,20251219,20251230
계란,계란,점보3단계란감자,즉석섭취식품,제조시간으로부터 73시간,,(주)비지에프푸드,20200450031347,20231227,20231229
계란,계란,정갈하게 담아낸 계란찜,기타가공품,제조일로부터 21일 까지,,(주)풍림푸드,19940443076192,20221012,20240416
계란,계란,정성담은 한상 정직한 한끼 백명란을 얹은 마요 계란볶음밥,즉석조리식품,제조일로부터 11개월,제조일로부터 11개월,(주)세종인터내셔날,2021010897390,20250516,20250520
계란,계란,정성담은 한상 정직한 한끼 케이퍼와 백명란을 넣은 계란볶음밥,즉석조리식품,제조일로부터 11개월,제조일로부터 11개월,(주)세종인터내셔날,2021010897389,20250516,20250520
계란,계란,"정성담은 한상, 계란볶음밥",즉석조리식품,제조일로부터 12개월,제조일로부터 12개월,(주)세종인터내셔날,2021010897375,20240618,20240619
계란,계란,정성담은 황태계란무국,즉석조리식품,제조일로부터 7일,,(주)강남밥상,20200280079382,20250829,20260416
계란,계란,제대로 만든 한 끼 시금치계란볶음밥,즉석조리식품,제조일로부터 12개월까지,,농업회사법인 주식회사 한우물,200804930741702,20260617,20260618
유정란|계란,"유정란,계란",제주 동물복지 유정란 계란쿠키,과자,제조일로부터1년,제조일로부터 1년,주식회사 제주내먹,20130631190291,20240923,20241106
귤,귤,제주감귤주 귤로만 10%,기타 주류,제조일로부터 240일,,농업회사법인제주와이너리유한회사,201300190912,20131227,20170426
계란,계란,제주계란과자,과자,제조일로부터300일,,(주)한솜푸드,2018062180126,20200213,20220216
계란,계란,제주당근 계란김밥,즉석섭취식품,제조시부터 72시간,,농업회사법인주식회사해미래,20120548569516,20260623,20260625
유정란|계란,"유정란,계란",제주동물복지유정란으로만든우리밀계란과자,과자,제조일로부터 1년,제조일로부터 1년,주식회사 제주내먹,20130631190222,20221202,20230615
계란,계란,제주솥님 계란찜소스,소스,제조일로부터 6개월,해당없음,(주)씨에이치푸드,20220862095308,20260527,20260529
계란,계란,조랭이떡국계란찜도시락,즉석섭취식품,제조 후 10시간,,(주)비엘푸드,201902029633058,20260123,20260124
계란,계란,조르니키친 계란 메밀 김밥,즉석섭취식품,제조일로부터 6일,,(주)빠띠쁘레,2023048163643,20250715,20250723
계란,계란,조르니키친 계란듬뿍 모닝 샌드위치,즉석섭취식품,제조일로부터 5일,,(주)빠띠쁘레,2023048163646,20250715,20250725
계란,계란,조르니키친 계란듬뿍 모닝 샌드위치,즉석섭취식품,제조일로부터 5일,,농업회사법인(주) 담푸른,20160338669146,20230523,20231213
계란,계란,조르니키친 메밀계란김밥,즉석섭취식품,제조일로부터 5일,,(주)빠띠쁘레,2023048163645,20250715,20250725
계란,계란,조르니키친 식단표 와사비 크래미 계란메밀마끼,즉석섭취식품,제조일로부터 5일,,(주)빠띠쁘레,2023048163654,20250908,20250919
계란,계란,조르니키친 식단표 와사비 크래미 유부 계란마끼,즉석섭취식품,제조일로부터 5일,,(주)빠띠쁘레,2023048163655,20250908,20250919
계란,계란,조르니키친 식단표 참치마요 계란마끼,즉석섭취식품,제조일로부터 5일,,(주)빠띠쁘레,2023048163656,20250908,20250919
계란,계란,조르니키친 와사비 크래미 유부 계란마끼,즉석섭취식품,제조일로부터 5일,,(주)빠띠쁘레,2023048163642,20250715,20250730
계란,계란,조르니키친 참치마요 계란마끼,즉석섭취식품,제조일로부터 5일,,(주)빠띠쁘레,2023048163641,20250707,20250712
계란,계란,조르니키친 추억의 계란사라다 소세지빵,즉석섭취식품,제조일로부터 6일,,(주)빠띠쁘레,2023048163639,20250707,20250712
계란,계란,좀비딸로스팜마요계란볶음밥,즉석섭취식품,제조시간으로부터 52시간,,롯데부산CK 주식회사,200206143693031,20250731,20250805
계란,계란,좀비딸로스팜마요계란볶음밥,즉석섭취식품,제조시간으로부터 52시간,,롯데평택CK 주식회사,199503062742134,20250724,20250726
계란,계란,좀비딸애용이치즈냥계란김밥,즉석섭취식품,제조 시간으로부터 52시간 까지,,롯데부산CK 주식회사,200206143693034,20250811,20250813
계란,계란,좀비딸애용이치즈냥계란김밥,즉석섭취식품,제조시간으로부터 52시간 까지,,롯데평택CK 주식회사,199503062742138,20250801,20250805
계란,계란,주전동계란빵반죽(냉동),빵류,제조일로부터 6개월,,(주)제이팩토리,2020025619378,20231207,20231212
계란,계란,주황버섯의 계란과자,과자,제조일로부터 12개월 까지,해당없음,(주)대산후드 탄현2공장,19930355028247,20221130,20230603
계란,계란,죽공방후룩 계란야채죽,즉석조리식품,제조일로부터 35일 냉장보관,,새싹푸드,20120311458137,20240429,20260201
달걀,달걀,죽순달걀찜,즉석조리식품,제조일로부터 10일,,청우F&B,2016052703233,20221201,20221203
계란,계란,중국식 계란볶음밥,곡류가공품,냉장 3일,,(주)이에스그린푸드,20170443338638,20240128,20240130
계란,계란,중화계란볶음밥,즉석조리식품,제조일로부터 12개월,,주식회사 엄지식품,20150493208404,20190827,20260206
계란,계란,중화청경채계란볶음밥,즉석조리식품,냉동. 12개월,,(주)시아스,200504150204548,20220922,20221209
계란,계란,중화풍계란볶음밥,즉석조리식품,제조일로부터 5일까지,-,(주)산호에프앤비,2023028136763,20240221,20240227
계란,계란,즉석계란국,즉석조리식품,제조일로부터18개월까지,,우일수산(주),19940471029606,20210729,20210730
계란,계란,지니의 계란에 비벼먹는 간장,소스,12개월,,농업회사법인리브푸드주식회사,2021045636125,20240228,20240229
계란,계란,지향 계란찜육수,즉석조리식품,제조일로부터 12개월까지,제조일로부터 12개월까지,(주)지향이노베이션,202406581326,20240510,20240515
냉동밥,냉동밥,직화김치볶음밥용냉동밥,즉석조리식품,"냉동, 12개월",,(주)시아스,200504150203726,20200331,20200403
냉동밥,냉동밥,직화새우볶음밥용냉동밥,즉석조리식품,"냉동, 12개월",,(주)시아스,200504150203665,20200213,20200214
계란,계란,진가네 계란말이,즉석조리식품,제조일로부터 5일까지,,주식회사 진가네,2017016095897,20240326,20240328
다시마,다시마,眞다시마엑기스,소스,6개월,,(주)미담에프엠,20010445242257,20061128,20180309
계란,계란,진또배기마늘계란프라이짜장밥,즉석섭취식품,제조시간으로부터 96시간,,(주)우리델리카,20150443298569,20220920,20230405
계란,계란,진미소스계란간장,소스,제조일로부터 12개월,해당없음,(주)진미식품,20110444050108,20190124,20211110
볶음참깨,볶음참깨,眞香(진향)볶음참깨,기타가공품,제조일부터 1년,,이양청풍농협청풍지점,200905200192,20180123,20210821
계란,계란,짐밥소불고기&계란,즉석조리식품,제조일로부터 12개월까지,,주식회사 시아스쿡,20180452033232,20220517,20220727
계란,계란,짐밥소불고기&계란용베이스밥,즉석조리식품,냉동.12개월,,(주)시아스,200504150204460,20220518,20220521
계란,계란,짜장&계란볶음밥 세트,신장질환자용 식단형 식품,제조일로부터 4일,,(주)현대그린푸드 스마트푸드센터,201902803274489,20250826,20250827
달걀,달걀,짜장&달걀볶음밥 세트,고혈압환자용 식단형 식품,제조일로부터 4일,,(주)현대그린푸드 스마트푸드센터,201902803274431,20250724,20260417
계란,계란,짜장계란치킨용소스,소스,제조일로부터 6개월,,(주)삼진푸드,199104430292559,20240816,20240828
계란,계란,짜장계란치킨치밥용소스,소스,제조일로부터 6개월,,(주)삼진푸드,199104430292557,20240816,20240907
계란,계란,짜장소스가들어간계란볶음밥,즉석조리식품,"냉동, 12개월(유통기한 짧은 제품으로 표시)",,(주)시아스,200504150204002,20201202,20201223
반숙란,반숙란,짜파게티반숙란삼각,즉석섭취식품,제조시간으로부터 50시간,,(주)비지에프푸드,20200450031405,20241008,20241012
계란,계란,쫀득란빵 대파베이컨치즈 계란빵,빵류,제조일부터 12개월까지,,(주)도깨비제과,2024028385012,20241011,20260227
계란,계란,쫀득란빵 콘치즈 계란빵,빵류,제조일부터 12개월까지,,(주)도깨비제과,2024028385011,20241011,20260227
계란,계란,쫀득란빵 페퍼로니 피자계란빵,빵류,제조일부터12개월까지,,(주)도깨비제과,2024028385015,20241108,20260227
계란,계란,쭈월당 계란찜파우더,복합조미식품,제조일로부터 12개월,,주식회사 스파이시코리아,202404172735,20240705,20240706
계란,계란,찟은 닭가슴살 & 계란후라이 샐러드,즉석조리식품,9개월,,대신HMR,2010057020165,20220204,20220205
계란,계란,찢은 닭가슴살 & 계란후라이 샐러드,즉석조리식품,제조일로부터 냉동보관(-18℃이하) 9개월,,주식회사 가람식품,2020015600682,20220127,20220129
계란,계란,차알 계란볶음밥,즉석조리식품,제조일로부터 12개월,,주식회사 엄지식품,20150493208814,20210623,20240117
계란,계란,차조기잎계란볶음밥-F,즉석조리식품,제조일로부터 12개월까지,,농업회사법인 주식회사 한우물,200804930741209,20230118,20240117
계란,계란,찰보리계란쿠키,과자,제조일로부터 180일(실온),제조일부터           180일(실온),유한회사 보리아이,201804980938,20180828,20240117
계란,계란,참깨계란국,즉석조리식품,제조일로부터 12개월까지,,(주)원일식품,200004430423508,20211206,20211209
계란,계란,참깨계란죽(냉동),즉석조리식품,제조일로부터 12개월,,주식회사 인세이버,2014036295992,20200604,20250226
계란,계란,참깨라면계란김밥,즉석섭취식품,제조시간으로부터 52시간 까지,,(주)비지에프푸드,20200450031592,20250922,20260116
계란,계란,참깨라면계란김밥,즉석섭취식품,제조시간으로부터 52시간,,(주)푸드플래닛,201503831781390,20250927,20251104
계란,계란,참깨라면계란볶음삼각,즉석섭취식품,제조시간으로부터 52시간 까지,,(주)비지에프푸드,20200450031583,20250918,20260114
계란,계란,참깨시금치계란죽,영.유아용 이유식,제조일로부터 12일,,순수본 주식회사,20180491181601,20240524,20240525
계란,계란,참참참 계란탕면,유탕면,제조일로부터 6 개월 까지.,,삼양식품(주)원주공장,198803831271643,20180917,20230610
계란,계란,참참참 계란탕면,유탕면,제조일로부터 6개월,,삼양식품(주)익산공장,19710487002104,20181019,20240117
계란,계란,참참참 계란탕면 스프,복합조미식품,제조일로부터 10개월까지.,,삼양식품(주)원주공장,198803831271644,20180917,20230610
계란,계란,참참참 계란탕면 조미유,소스,제조일로부터 12개월까지.,,삼양식품(주)원주공장,198803831271645,20180917,20230610
계란,계란,참치계란김밥,즉석섭취식품,제조시간으로부터 72시간,,(주)제이비프레시,20200620210623,20260427,20260428
계란,계란,참치계란말이,즉석조리식품,제조일로부터 4일,,(주)수미찬,2021004283283,20220323,20220325
계란,계란,참치계란말이,즉석조리식품,제조일로부터 7일,,팜스더프레시,20220299544330,20241231,20250212
계란,계란,참치마요 간장계란밥,즉석조리식품,제조일로부터 6개월까지,,(주)맛요일,20160200280329,20250829,20251213
계란,계란,참치마요 계란김밥,즉석섭취식품,제조일로부터 5일,제조일로부터 5일,농업회사법인(주) 담푸른,20160338669420,20240709,20240713
계란,계란,참치마요 계란마끼,즉석섭취식품,제조일로부터 5일,,농업회사법인(주) 담푸른,20160338669148,20230608,20230610
계란,계란,참치마요 김치볶음밥 계란말이,즉석섭취식품,제조시간으로부터 48시간,,(주)영진데리카후레쉬,200303641181712,20250319,20251030
계란,계란,참치마요김치볶음밥계란말이,즉석섭취식품,제조시부터 72 시간,,(주)대정,20190545009816,20250326,20251105
계란,계란,참치야채계란말이,즉석섭취식품,제조일로부터 4일,제조일로 부터 4일,(주)하니푸드,20210268770339,20230809,20230817
계란,계란,채소계란구이(S),즉석조리식품,제조일로부터 12개월,,(주)현대그린푸드 스마트푸드센터,201902803273700,20240704,20240807
계란,계란,채소계란찜,즉석조리식품,제조일로부터 7일,,주식회사 플라잉닥터 제2공장,20250483015948,20260515,20260523
달걀,달걀,채소듬뿍달걀말이,즉석섭취식품,제조일로부터 4일,,(주)정미경키친,20200280071181,20210414,20230106
계란,계란,천사의 계란쿠키,과자,실온 12개월,,(주)대산후드 탄현2공장,19930355028239,20220105,20230603
식초,식초,天蔘 발효식초,발효식초,제조일로부터 36개월,,농업회사법인 주식회사 함양산양삼,2020061608834,20240926,20240928
계란,계란,천일냉동 리얼밸런스 현미곤약 계란볶음밥,즉석조리식품,제조일로부터 9개월까지,,천일식품(주),199301993491282,20211216,20220101
계란,계란,천일냉동 만능계란요리밥,즉석조리식품,제조일로부터 12개월까지.,,천일식품(주),199301993491299,20220418,20240808
계란,계란,천일냉동 중화계란볶음밥,즉석조리식품,제조일로부터 12개월까지.,,천일식품(주),199301993491244,20210621,20240808
계란,계란,청경채계란탕,영.유아용 이유식,제조일로부터 25일,해당없음,(주)푸드케어 2공장,20220396175672,20220526,20260321
계란,계란,청년고기장수 계란볶음밥시즈닝,복합조미식품,제조일로부터 12개월,,태원식품산업(주),1985031100114621,20240603,20240621
꿀,꿀,청다향 꿀대추차,액상차,제조일로부터 2년,,(주)청전에프앤비,1995030625160,20060918,20160706
꿀,꿀,청다향 꿀생강차,액상차,제조일로부터 2년,,(주)청전에프앤비,1995030625155,20060915,20160706
꿀,꿀,청다향 꿀생강차,액상차,제조일로부터 2년,,(주)청전에프앤비,1995030625159,20060918,20160706
계란,계란,청양닭가슴살비엔나샐러드 & 곤약계란볶음밥,즉석조리식품,제조일로 12개월,,(주)푸드인모닝스타,202204935639,20220520,20220523
간장,간장,청정원햇살담은양조간장,양조간장,제조일로부터 24개월,,대상(주),1985049901140,20010523,20240117
계란,계란,청키면가 계란면,생면,60일,,농업회사법인 다선(주),2010035805026,20120514,20180929
포도,포도,청포도향 #4,향료,유통기간미등록,,(주)엠에스씨,197506140031422,20090915,20220702
계란,계란,체다치즈계란말이,즉석섭취식품,제조일로부터 4일,,(주)하니푸드,20210268770326,20230613,20240706
계란,계란,초밥맛나라(계란맛),복합조미식품,제조일로부터1년,,(주)제일푸드원,2002043507429,20030604,20210625
계란,계란,초코계란빵,빵류,제조일로부터 12개월,,호모사피엔스,2024027457217,20250416,20250417
계란,계란,촉촉계란&참치샌드,즉석섭취식품,제조시간으로부터 72시간,-,(주)한국데리카후레쉬,20120358388870,20241206,20260126
계란,계란,촉촉계란&참치샌드,즉석섭취식품,제조일시로부터 72시간이내,,(주)후레쉬서브,200803362281489,20241209,20250903
계란,계란,촉촉계란샌드,즉석섭취식품,제조시간으로부터 72시간,-,(주)한국데리카후레쉬,20120358388818,20240624,20260312
계란,계란,촉촉계란샌드위치,즉석섭취식품,제조일시로부터 72시간,,(주)후레쉬서브,200803362281594,20251119,20260423
계란,계란,촉촉계란샌드위치,즉석섭취식품,제조일의 제조시간으로부터 72시간,,(주)가온에프에스,20110528067938,20240630,20260306
계란,계란,촉촉계란찜,기타가공품,7일,,데일리식품 주식회사,20190361854182,20190815,20220831
계란,계란,촉촉계란흰자 샌드,즉석섭취식품,제조일시로부터 72시간 이내,,(주)후레쉬서브,200803362281584,20251019,20251204
계란,계란,최강록셰프의날치알명란계란말이,즉석섭취식품,제조일의 제조시간으로부터 72시간,,(주)가온에프에스,201105280671112,20260207,20260602
계란,계란,최강록셰프의일식계란김밥,즉석섭취식품,제조일의 제조시간으로부터 72시간,,(주)가온에프에스,201105280671123,20260418,20260421
계란,계란,추억의 계란 어묵전,기타 어육가공품,제조일로부터 12개월,,주식회사 스마일푸드,2021049424041,20250917,20250919
계란,계란,추억의 계란 어육소세지전,기타 어육가공품,제조일로부터 12개월,,주식회사 스마일푸드,2021049424042,20250917,20250919
계란,계란,추억의 계란빵,빵류,제조일로부터 냉동보관(-18도이하) 12개월,,주식회사 마크로드제과,20060368135642,20240214,20251112
계란,계란,추억의 햄치즈 계란빵,빵류,제조일로부터 냉동보관(-18도이하) 12개월,,주식회사 마크로드제과,20060368135643,20240214,20251112
사과,사과,충주사과막걸리(Chungju Apple Makgeolli),탁주,,제조일로부터 150일,농업회사법인 골든웨일 주식회사,202500280864,20260220,20260220
계란,계란,치즈 계란구이,즉석조리식품,제조일로부터 5일,,도리깨침,20200280142917,20251121,20251125
계란,계란,치즈계란 모닝머핀,즉석섭취식품,제조일로부터 5일까지,제조일로부터 5일까지,농업회사법인(주) 담푸른,2016033866980,20220511,20240528
계란,계란,치즈계란김밥,즉석섭취식품,제조시간으로부터 48시간,,(주)우리델리카,20150443298404,20201221,20201222
계란,계란,치즈계란말이,조림류,제조일로부터 7일,,(주)육십오도씨,20220274644208,20250522,20250724
계란,계란,치즈계란말이,즉석조리식품,제조일로부터 4일,,(주)수미찬,2021004283284,20220323,20220325
계란,계란,치즈계란말이,즉석조리식품,제조일로부터7일,,주식회사장모님에프앤비,20230300165151,20240807,20240809
계란,계란,치즈계란말이,즉석섭취식품,제조일로부터 냉장 4일,제조일로부터 냉장 4일,(주)푸드윈,20080342441230,20200901,20200915
계란,계란,치즈계란빵,빵류,제조일로부터 6개월까지,,(주)라온씨앤비,20180162202124,20231211,20231213
계란,계란,치즈계란혼합분말,복합조미식품,제조일로부터 18개월까지,,주식회사 썬에프엘,200003440641117,20240730,20240809
치즈,치즈,치즈부스터향,혼합제제,유통기간미등록,,(주)엠에스씨,197506140031175,20080228,20160706
냉동밥,냉동밥,치즈불고기한입밥용냉동밥,즉석조리식품,"냉동, 12개월",,(주)시아스,200504150203203,20181031,20181102
계란,계란,치즈새우계란밥,즉석조리식품,제조일로부터 12일,,순수본 주식회사,20180491181427,20210224,20250507
계란,계란,치즈앤베이컨 계란빵,빵류,제조일부터9개월까지,,(주)도깨비제과,202402838502,20240813,20240913
계란,계란,치즈야채계란푸딩,즉석조리식품,제조일로부터 30일,,주)짱죽,20140512224911,20251202,20251203
계란,계란,치즈폭탄 계란말이,즉석조리식품,제조일로부터 7일,,주식회사찬장에프에스대전,20220321100849,20250624,20260530
계란,계란,치킨간장계란한끼곤약컵도시락,즉석조리식품,제조일로부터 냉동(-18℃이하) 9개월,해당없음,(주)사랑과정성,20100368370145,20220221,20220223
계란,계란,치킨과계란,즉석조리식품,제조일로부터 12개월,,한국에스비식품(주),196903640042279,20260401,20260407
계란,계란,치킨마요계란덮밥,즉석섭취식품,제조시간으로부터 45시간 까지,,롯데용인CK 주식회사,200003470523064,20240722,20260109
계란,계란,치킨카레볶음밥과계란후라이,즉석조리식품,제조일로부터 12개월까지,,(주)푸드인모닝스타,20220493563227,20241203,20241207
달걀,달걀,카레달걀찜밥,영.유아용 이유식,제조일로부터 30일,,주)짱죽,20140512224163,20150818,20200613
달걀,달걀,카레달걀찜밥(실온),영.유아용 이유식,제조일로부터 6개월,,주)짱죽,20140512224818,20220526,20220528
계란,계란,카페차 베이컨 치즈계란빵,빵류,제조일로부터 냉동보관(-18도이하) 9개월,,주식회사 마크로드제과,20060368135636,20230517,20240719
국수,국수,칼국수,생면,"제조일로부터 30일, 냉장보관",,다은식품,199701200434,20060118,20200918
계란,계란,커피팡 계란빵용 베이스,소스,제조일로부터 12개월까지,,(주)한백티에프,20170442145879,20250709,20260612
계란,계란,컴포즈 계란가득 샐러드,즉석섭취식품,제조일로부터 40일까지,,(주)엠디에스코리아 1공장,20070355264657,20260513,20260522
계란,계란,컵밥 김치볶음밥&계란후라이,즉석조리식품,제조일로부터 냉동보관(-18℃이하) 9개월,,주식회사 가람식품,2020015600668,20220105,20220122
계란,계란,컵밥 참치김치볶음밥&계란후라이,즉석조리식품,제조일로부터 냉동보관(-18℃이하) 9개월,,주식회사 가람식품,2020015600674,20220105,20220122
계란,계란,컵플렉스 간장계란밥소스,소스,제조일로부터 6개월,,씨엠푸드,20040311153224,20231017,20260201
계란,계란,코다노 계란입힌 노란 동태전,즉석조리식품,제조일로부터 12개월,,농업회사법인(주)영풍,20220233480224,20260423,20260602
계란,계란,코이 간장계란소스,소스,제조일로부터3개월,,주식회사 코이,201802801764,20180707,20240912
계란,계란,코코넛 계란 도너츠,빵류,제조일로부터 3개월,,한국제과식품협동조합,2014018801625,20230518,20250109
계란,계란,코코아계란과자,과자,제조일로 부터 1년,제조일로 부터 1년,주식회사 제주내먹,20130631190244,20230526,20230602
계란,계란,콘&치즈 계란빵,빵류,제조일로부터 12개월,,그린에프앤비,20180350220110,20241101,20241102
계란,계란,콘치즈 계란빵,빵류,제조일로부터12개월(냉동보관),,(주)한국푸드본 정관공장,20190156205240,20250109,20250110
계란,계란,콘치즈 계란빵,빵류,제조일로부터 12개월,,그린에프앤비,20180350220106,20240812,20250117
계란,계란,콘치즈 계란빵,빵류,제조일로부터 9개월,,(주)그린비엔에프,20220510689109,20241105,20260201
계란,계란,콘치즈 계란빵,빵류,제조일부터9개월까지,,(주)도깨비제과,202402838506,20241002,20241005
계란,계란,콘치즈 베이컨 계란빵,빵류,제조일로부터 6개월까지,,중독팩토리,2019006437560,20231204,20260606
계란,계란,콘치즈계란빵,빵류,제조일로부터 냉동보관(-18도이하) 9개월,,(주)아린에프앤비,20150368081470,20230911,20231006
계란,계란,콘치즈계란빵,빵류,제조일로부터 6개월까지,,(주)라온씨앤비,20180162202123,20231124,20231211
달걀,달걀,콜럼버스의 달걀,맥주,,제조일로부터 12개월,브루어리을를,2024001667131,20250204,20250204
계란,계란,퀴노아영양밥/계란볶음밥/닭갈비,체중조절용 조제식품,제조일로부터 1년(냉동보관),,(주)맛과벗,20170362092504,20260318,20260403
계란,계란,큐원홈메이드 계란빵믹스,기타가공품,제조일로부터 12개월,,한국에스비식품(주),196903640041917,20221216,20260201
계란,계란,크래미계란말이,즉석조리식품,제조일로부터 4일,,(주)수미찬,2021004283279,20220322,20220325
계란,계란,크래미계란탕,즉석조리식품,제조일로부터 12일,,순수본 주식회사,20180491181663,20250422,20250425
달걀,달걀,크래미달걀찜,즉석조리식품,제조일로부터 15일,,(주)뽀뽀뜨,200203804811612,20230804,20230809
계란,계란,크루밀-구운계란카레덮밥,즉석조리식품,제조일로부터 냉동 9개월,,다원푸드서비스(주) 쉐프랑,202104240501395,20260220,20260221
계란,계란,크루밀-중화비빔밥&계란후라이,즉석조리식품,제조일로부터 냉동 9개월,,다원푸드서비스(주) 쉐프랑,202104240501250,20250919,20250920
계란,계란,크리스탈제이드 중화계란 볶음밥,즉석조리식품,제조일로부터 12개월까지,,농업회사법인 주식회사 한우물,200804930741504,20241018,20241025
계란,계란,크림굴림만두와 곤약간장계란밥,즉석조리식품,제조일로부터 12개월까지,,(주)푸드인모닝스타,20220493563126,20230824,20230831
계란,계란,크림듬뿍 계란카스테라,빵류,제조일로부터 20일까지 (실온),,(주)샤니,197102750035188,20220317,20230620
계란,계란,큰컵 참참참 계란탕면,유탕면,제조일로부터 6개월 까지.,,삼양식품(주)원주공장,198803831271651,20180919,20230610
계란,계란,큰컵 참참참 계란탕면 스프,복합조미식품,제조일로부터 10개월까지.,,삼양식품(주)원주공장,198803831271649,20180919,20230610
계란,계란,키다리 계란쑥갓블럭,기타가공품,제조일로부터 18개월,,동림푸드(주),19910386025667,20241030,20241108
계란,계란,키즈계란말이,즉석조리식품,제조일로부터 5일,,(주)도마소리,20220241566636,20260202,20260210
달걀,달걀,킹장우듬뿍달걀김밥,즉석섭취식품,제조시간으로부터 40시간,,롯데평택CK 주식회사,199503062742006,20240604,20240924
달걀,달걀,킹장우듬뿍달걀김밥,즉석섭취식품,제조시간으로부터 37시간,,롯데부산CK 주식회사,200206143692793,20240605,20240608
계란,계란,탄탄&계란면,즉석조리식품,제조일로부터 12개월,,(주)현대그린푸드 스마트푸드센터,201902803272171,20210831,20210907
계란,계란,탑핑)계란후라이&쏘야볶음,즉석섭취식품,제조시간으로부터 72시간,,(주)제이비프레시,20200620210646,20260624,20260625
계란,계란,태극당 계란쿠키,과자,제조일로부터 8개월,,제이브라운씨엔엠,2020036100660,20210802,20210814
달걀,달걀,탱글한 새우 듬뿍! 폭신한 달걀로 식감 살린 중화풍 새우볶음밥도 역시 배민이지,즉석조리식품,제조일로부터 12개월,,(주) 푸르온,199904613861015,20240314,20240531
계란,계란,탱탱계란찜 세트,암환자용 식단형 식품,제조일로부터 4일,,(주)현대그린푸드 스마트푸드센터,201902803272737,20230112,20230117
계란,계란,테오스 계란 땅콩빵 반죽,빵류,제조일로부터 6개월까지,,테오스(TEOS),20080375174112,20251127,20251203
계란,계란,토마토계란볶음,즉석조리식품,제조일로부터 7일,,주식회사 플라잉닥터 제2공장,20250483015960,20260525,20260527
계란,계란,토마토계란볶음,즉석조리식품,제조일로부터 12일,,순수본 주식회사,20180491181645,20250213,20250214
계란,계란,토마토계란볶음,즉석조리식품,제조일로부터 7일,,라임에프앤비(주),20210222240595,20241209,20241210
계란,계란,토마토계란볶음밥,즉석조리식품,제조일로부터 9개월까지,,(주)아워홈,200206141791107,20240812,20240814
계란,계란,토마토계란볶음밥,영.유아용 이유식,제조일로부터 25일,해당없음,(주)푸드케어 2공장,20220396175152,20220401,20260321
계란,계란,토마토계란볶음소스,소스,제조일로부터 3개월,,(주)찬들푸드,20210301832458,20260414,20260415
계란,계란,토마토계란소스,소스,제조일로부터 냉동 12개월까지,,(주)신원에프아이,200003643481417,20231011,20260201
계란,계란,토마토계란소스,소스,제조일로부터12개월,,(주)소스플러스,20180374830566,20250617,20251202
계란,계란,토마토계란스튜,영.유아용 이유식,제조일로부터 25일,해당없음,(주)푸드케어 2공장,2022039617593,20220330,20260501
계란,계란,토마토계란한우밥,영.유아용 이유식,제조일로부터 15일,,주식회사 플라잉닥터 제2공장,20250483015324,20250714,20260620
달걀,달걀,토마토달걀볶음,즉석조리식품,제조일로부터 30일,,주)짱죽,20140512224903,20250430,20250503
달걀,달걀,토마토달걀볶음 세트,암환자용 식단형 식품,제조일로부터 4일,,(주)현대그린푸드 스마트푸드센터,201902803274870,20260427,20260430
달걀,달걀,토마토달걀스크램블,즉석조리식품,제조일로부터 30일 이내,-,(주)산호에프앤비,2023028136759,20240221,20240227
계란,계란,토마토치킨버터커리&곤약계란밥&통밀또띠아,즉석조리식품,제조일로부터 1년,,농업회사법인(주)별담푸드,2025092401459,20251015,20251017
유정란,유정란,토종 유정란으로 만든 클래식 카스텔라,빵류,냉장: 제조일로부터 20일,ㅡ,유성씨앤에프(주),19850370018315,20240909,20241203
계란,계란,토핑유부초밥(참치&계란&기본),즉석섭취식품,제조시간으로부터 37시간,,롯데용인CK 주식회사,200003470522848,20220525,20231219
계란,계란,통가슴살과 곤약 간장버터계란밥,즉석조리식품,제조일로부터 9개월까지,,(주)엄지식품,20210504123408,20260120,20260122
계란,계란,통가슴살과 곤약 간장버터계란밥,즉석조리식품,제조일로부터 9개월,,주식회사 엄지식품,201504932081254,20241225,20250101
계란,계란,통계란 곤약김밥,즉석조리식품,제조일로부터 12개월까지,,(주)우양 청양2공장(뉴뜨레),20190476035251,20250428,20250801
계란,계란,통계란 김밥,즉석조리식품,제조일로부터 12개월까지,,(주)우양 청양2공장(뉴뜨레),20190476035260,20250515,20250517
계란,계란,통계란&닭가슴살샐러드,즉석섭취식품,제조일로부터 6일 까지,제조일로부터 6일 까지,(주)농업회사법인 은성,20160375275157,20251123,20260613
계란,계란,통계란&닭가슴살샐러드,즉석섭취식품,제조일로부터 6일 까지,제조일로부터 6일 까지,(주)농업법인 은성,20200393064102,20251124,20260613
계란,계란,통계란&불고기샐러드,즉석섭취식품,제조일로부터 5일,,(주)현대그린푸드 스마트푸드센터,201902803271425,20201016,20260419
계란,계란,통계란구이말이,즉석섭취식품,제조시간으로부터 52시간까지,,삼성웰스토리 Central Kitchen 아산,20240702932351,20260521,20260522
계란,계란,통계란말이김밥,즉석섭취식품,제조시간으로부터 48시간,,(주)현대그린푸드 스마트푸드센터,201902803274057,20250307,20260115
계란,계란,통계란빵,빵류,제조일로부터 6개월까지,,(주)라온씨앤비,20180162202151,20240613,20240614
계란,계란,통계란초밥김밥,즉석섭취식품,제조시간으로부터 52시간 까지,,(주)비지에프푸드,20200450031537,20250711,20260605
계란,계란,통계란초밥김밥,즉석섭취식품,제조시간으로부터 52시간,,(주)푸드플래닛,201503831781557,20260602,20260606
계란,계란,통계란초밥김밥,즉석섭취식품,제조시간으로부터 50시간까지,,(주)원푸드림 주촌지점,20170607069368,20250714,20260602
계란,계란,통모짜치즈계란말이,즉석조리식품,제조일로부터 7일,,팜스더프레시,20220299544278,20240623,20240717
계란,계란,통밀 햄&계란,즉석섭취식품,제조일로부터 72시간까지,,(주)푸드코아,2004027505725,20210927,20210930
계란,계란,통베이컨계란듬뿍버거,즉석섭취식품,제조시간으로부터 96시간,,(주)우리델리카,20150443298369,20201026,20201027
계란,계란,통스팸계란밥,즉석섭취식품,제조시간으로부터 50시간,,(주)청탑,200503682361326,20241127,20241204
계란,계란,통촉촉계란말이김밥,즉석섭취식품,제조일시로부터 72시간 이내,,(주)후레쉬서브,200803362281574,20250913,20250924
계란,계란,통촉촉계란말이김밥,즉석섭취식품,제조일의 제조시간으로부터 72시간,,(주)가온에프에스,201105280671073,20250911,20260331
계란,계란,튀겨나온 치즈와계란을품은닭,식육함유가공품,제조일로부터 9개월 까지,,주식회사 와이앤비푸드,20120464159137,20200403,20200408
계란,계란,파로 새우계란죽,즉석조리식품,제조일로부터 3개월,,(주)에르코스농업회사법인,20100231185680,20260601,20260612
계란,계란,파송송계란소면,건면,제조일로부터 18개월,해당사항 없음,농업회사법인 (주)백제,20130473042284,20250422,20250625
계란,계란,파스타앤우 간장버터계란 얹은 필라프,즉석조리식품,제조일로부터 12개월까지,,주식회사 엄지식품,20150493208985,20221110,20240117
계란,계란,파프리카새우계란만두,만두,제조일로부터 9개월,,(주)엄지식품,200104933581100,20230315,20240117
계란,계란,팔도다옴 반숙계란장,조림류,제조일로부터 15일,,농업회사법인 소생로컬푸드 주식회사 제2공장,20210559160392,20240705,20240717
계란,계란,팔도다옴 야채계란장,조림류,제조일로부터 15일,,농업회사법인 소생로컬푸드 주식회사 제2공장,20210559160391,20240705,20240713
계란,계란,페이보잇 한끼 계란야채죽,즉석조리식품,냉동에서 제조일로부터 12개월까지,,(주)로뎀푸드,20070372333298,20230921,20230923
계란,계란,페파로니올리브계란빵 피자,빵류,제조일부터15일까지(냉장),,(주)도깨비제과,2024028385039,20251104,20251106
계란,계란,편한한끼 덮시락 햄야채볶음밥과 계란후라이,즉석조리식품,제조일로부터 12개월,,(주)샛별푸드,2019020243075,20210121,20241105
계란,계란,포근포근 쌀계란과자,과자,제조일로부터 6개월 까지,,(주)자연드림치유식품 베이커리공방,20180521026163,20231021,20231030
계란,계란,포근한 계란빵 포근란빵 대파베이컨치즈,빵류,제조일부터9개월까지,,(주)도깨비제과,2024028385026,20250530,20250603
계란,계란,포근한 계란빵 포근란빵 콘치즈,빵류,제조일부터9개월까지,,(주)도깨비제과,2024028385025,20250530,20250603
계란,계란,포근한 계란빵 포근란빵 플레인,빵류,제조일부터9개월까지,,(주)도깨비제과,2024028385027,20250530,20250611
계란,계란,포메인 계란밥,즉석조리식품,12개월 / 냉동,,(주)시아스,200504150205066,20250711,20250715
계란,계란,포켓도시락 귀리잡곡밥  계란&김치볶음,즉석조리식품,제조일로부터 9개월까지,해당없음.,(주)밥상푸드,20060208332418,20240416,20240421
계란,계란,포크계란덮밥,즉석조리식품,제조일로부터 8일,,주식회사 지니온,20240320157513,20241114,20241116
계란,계란,폭신폭신 계란구름 가리비관자,기타 수산물가공품,제조일로부터 12개월까지,,(주)그린푸드,20000149041640,20260130,20260204
달걀,달걀,폭찹&현미달걀볶음밥,즉석조리식품,제조일로부터 9개월,,(주)현대그린푸드 스마트푸드센터,201902803273208,20231006,20240326
계란,계란,퐁신퐁신 저당 계란빵 오리지널,빵류,제조일로부터 6개월,,세동주식회사,20210164045168,20260413,20260418
계란,계란,퐁신퐁신 저당 계란빵 햄치즈,빵류,제조일로부터 6개월,,세동주식회사,20210164045169,20260413,20260418
계란,계란,표고버섯닭살계란탕,즉석조리식품,제조일로부터 12일,,순수본 주식회사,20180491181764,20260324,20260330
계란,계란,푸디버디 계란야채 볶음밥,즉석조리식품,제조일로부터 12개월,,(주)하림산업 함열식품1공장,20200491392404,20230829,20240117
계란,계란,푸디버디 새우계란볶음밥,즉석조리식품,제조일로부터 12개월 까지,,(주)하림산업 함열식품1공장,20200491392575,20250207,20250211
계란,계란,푸딩같은 계란찜,즉석조리식품,제조일로부터 5일,,주식회사케이제이푸드(KJ Food),20210424124587,20230718,20230824
계란,계란,푸딩같은 계란찜,즉석조리식품,제조일로부터 7일,,주식회사찬장에프에스대전,20220321100391,20221206,20260530
계란,계란,푸딩계란찜,기타가공품,제조일로부터 5일(냉장),,팜스더프레시,20220299544370,20250828,20250829
계란,계란,푸딩계란찜양념,복합조미식품,,해당없음.,국민푸드,201703302563,20200708,20200710
계란,계란,푸르나이 우리밀 계란과자,과자,제조일로부터 12개월 까지,,(주)대산후드 탄현2공장,19930355028298,20260623,20260626
계란,계란,푸르온 알찬 계란볶음밥,즉석조리식품,제조일로부터 12개월,,(주) 푸르온,19990461386888,20230308,20230310
계란,계란,푸짐한끼 계란후라이&담백게살볶음밥,즉석조리식품,제조일로부터 9개월,,주식회사 엄지식품,20150493208565,20200422,20240117
계란,계란,푸짐한끼 계란후라이&매콤낙지볶음밥,즉석조리식품,제조일로부터 9개월,,주식회사 엄지식품,20150493208563,20200422,20240117
계란,계란,푸짐한끼 계란후라이&소불고기볶음밥,즉석조리식품,제조일로부터 9개월,,주식회사 엄지식품,20150493208564,20200422,20240117
계란,계란,푸짐한끼 계란후라이&완벽김치볶음밥,즉석조리식품,제조일로부터 9개월,,주식회사 엄지식품,20150493208561,20200422,20240117
계란,계란,푸짐한끼 계란후라이&참치김치볶음밥,즉석조리식품,제조일로부터 9개월,,주식회사 엄지식품,20150493208562,20200422,20240117
계란,계란,푸짐한끼 계란후라이&치킨데리볶음밥,즉석조리식품,제조일로부터 9개월,,주식회사 엄지식품,20150493208660,20200910,20240117
계란,계란,푸짐한끼 계란후라이&치킨카레볶음밥,즉석조리식품,제조일로부터 9개월,,주식회사 엄지식품,20150493208556,20200422,20240117
계란,계란,풀리웰리 간장버터계란밥,즉석조리식품,제조일로부터 12개월,,주식회사 엄지식품,20150493208746,20210218,20240117
유정란,유정란,풀스키친유정란마요네즈,마요네즈,4개월,,(주)시아스,200504150202094,20150908,20241212
계란,계란,풋풋 계란무스소스,소스,제조일로부터 12개월까지,,주식회사 혜성식품,20010263055900,20240708,20240711
계란,계란,프렌치빈계란찜,영.유아용 이유식,제조일로부터 25일,해당없음,(주)푸드케어 2공장,20220396175784,20230116,20260321
계란,계란,프로틴 계란빵,빵류,제조일로부터 12개월 냉동보관(-18도이하),,스트릿푸드,2023051298011,20250131,20250206
계란,계란,프로페셔널 계란 라자냐 생면,생면,제조일로부터 90일,,서울프로셰프,2021035852918,20230722,20241129
계란,계란,프로페셔널 계란 리가토니 생면,생면,제조일로부터 90일,,서울프로셰프,2021035852972,20250131,20250206
계란,계란,프로페셔널 계란 링귀니 생면,생면,제조일로부터 90일,,서울프로셰프,2021035852985,20250801,20250805
계란,계란,프로페셔널 계란 마팔디네 생면,생면,제조일로부터 90일,,서울프로셰프,2021035852917,20230722,20241101
계란,계란,프로페셔널 계란 먹물 링귀니 생면,생면,제조일로부터 90일,,서울프로셰프,2021035852986,20250801,20250805
계란,계란,프로페셔널 계란 먹물 탈리아텔레 생면,생면,제조일로부터 90일,,서울프로셰프,2021035852976,20250422,20250426
계란,계란,프로페셔널 계란 부카티니 생면,생면,제조일로부터 60일,,서울프로셰프,2021035852922,20230722,20230725
계란,계란,프로페셔널 계란 스파게티 생면,생면,제조일로부터 90일,,서울프로셰프,202103585295,20220119,20241101
계란,계란,프로페셔널 계란 스파게티 생면 S 벌크,생면,제조일로부터 60일,,서울프로셰프,2021035852915,20230718,20230725
계란,계란,프로페셔널 계란 오징어 먹물 카사레체 생면,생면,제조일로부터 90일,,서울프로셰프,2021035852951,20240513,20240515
계란,계란,프로페셔널 계란 오징어 먹물 파파르델레 생면,생면,제조일로부터 90일,,서울프로셰프,2021035852956,20240920,20240925
계란,계란,프로페셔널 계란 카사레체 생면,생면,제조일로부터 90일,,서울프로셰프,2021035852955,20240809,20250320
계란,계란,프로페셔널 계란 카펠리니 생면,생면,제조일로부터 90일,,서울프로셰프,2021035852953,20240801,20240808
계란,계란,프로페셔널 계란 탈리아텔레 생면,생면,제조일로부터 90일,,서울프로셰프,2021035852920,20230722,20241101
계란,계란,프로페셔널 계란 파케리25 생면,생면,제조일로부터 90일,,서울프로셰프,2021035852973,20250314,20250318
계란,계란,프로페셔널 계란 파파르델레 생면,생면,제조일로부터 60일,,서울프로셰프,2021035852921,20230722,20241017
계란,계란,프로페셔널 계란 페투치네 생면,생면,제조일로부터 60일,,서울프로셰프,2021035852919,20230722,20230725
계란,계란,프로페셔널 계란 L 페투치네 생면,생면,제조일로부터 60일,,서울프로셰프,2021035852957,20241014,20241016
계란,계란,프로페셔널 시금치 계란 라자냐 생면,생면,제조일로부터 90일,,서울프로셰프,2021035852974,20250317,20250320
계란,계란,플레인 계란빵,빵류,제조일로부터 9 개월,,(주)그린비엔에프,20220510689149,20260212,20260224
계란,계란,플레인 계란빵,빵류,제조일부터9개월까지,,(주)도깨비제과,202402838508,20241004,20241009
계란,계란,플레인계란빵,빵류,제조일로부터 냉동보관 6개월,,포레스트디저트,2023063488332,20231205,20231211
계란,계란,피자계란빵,빵류,제조일부터9개월까지,,(주)도깨비제과,202402838509,20241002,20241011
계란,계란,피카츄 계란과자,과자,제조일로부터 12개월 까지,해당없음,(주)대산후드 탄현2공장,19930355028228,20210716,20230603
냉동밥,냉동밥,하나로라이스 홍국냉동밥,즉석조리식품,제조일로부터 12개월,제조일로부터 12개월,(주)하나로푸드빌,2021034819821,20221122,20221124
계란,계란,하림계란블럭,알함유가공품,제조일로부터 12개월,,상미식품주식회사,199104490041123,20250401,20250502
계란,계란,하림이닭 탄단지 도시락 간장계란밥과 짜장닭가슴살,즉석조리식품,제조일부터        12 월,,(주)하림 제2공장,2020049145654,20240517,20240606
계란,계란,하림이닭 탄단지 도시락 간장계란밥과 카레닭가슴살,즉석조리식품,제조일부터        12 월,,(주)하림 제2공장,2020049145659,20240517,20240606
계란,계란,하림이닭 탄단지 도시락 간장계란밥과 한입스테이크,즉석조리식품,제조일부터        12 월,,(주)하림 제2공장,2020049145657,20240517,20240606
계란,계란,하림이닭 탄단지다이어트 도시락 간장계란밥과 짜장닭가슴살,체중조절용 조제식품,제조일부터     12개월,,(주)하림 제2공장,2020049145651,20230629,20240117
계란,계란,하림이닭 탄단지다이어트 도시락 간장계란밥과 카레닭가슴살,체중조절용 조제식품,제조일부터     12월,,(주)하림 제2공장,2020049145649,20230307,20240117
계란,계란,하림이닭 탄단지다이어트 도시락 간장계란밥과 한입스테이크,체중조절용 조제식품,제조일부터        12월,,(주)하림 제2공장,2020049145635,20220523,20240117
계란,계란,하이밥 닭가슴살 간장계란볶음밥,즉석조리식품,제조일로부터 12개월까지,,주식회사 엄지식품,201504932081121,20230816,20240117
계란,계란,한국식 계란말이,즉석조리식품,제조일로부터 5일,,도리깨침,20200280142918,20251203,20251206
계란,계란,한끼 계란연두부,가공두부,제조일로부터 23일,,풀무원식품(주),2003044504567,20160718,20250514
계란,계란,한끼 계란연두부 오리엔탈유자소스,가공두부,제조일로부터 23일,,풀무원식품(주),2003044504597,20220818,20250514
계란,계란,한끼간장계란볶음밥,즉석조리식품,냉동. 12개월,,(주)시아스,200504150204688,20230615,20230616
계란,계란,한끼김밥 치즈계란김밥,즉석조리식품,제조일로부터 12개월,-,주식회사지에프에스,20170624144466,20240910,20240911
계란,계란,한끼도시락 불맛계란볶음밥,즉석조리식품,제조일로부터 12개월까지,,주식회사 엄지식품,20150493208990,20221111,20240117
계란,계란,한끼도시락 장조림계란밥,즉석조리식품,제조일로부터 12개월까지,,주식회사 엄지식품,20150493208992,20221111,20240117
계란,계란,한끼통살 계란용 데리야끼소스,소스,제조일로부터 6개월까지,,주식회사 동방푸드마스타,1991044507710089,20260310,20260312
계란,계란,한끼통살 계란용 떡볶이소스,소스,제조일로부터 6개월까지,,주식회사 동방푸드마스타,1991044507710091,20260310,20260312
계란,계란,한끼통살 계란용 허니소이소스,소스,제조일로부터 6개월까지,,주식회사 동방푸드마스타,1991044507710093,20260310,20260314
계란,계란,한끼통살 김자반밥바 버터샤브계란맛,즉석조리식품,제조일로부터 12개월,,(주)엄지식품,20210504123390,20250929,20251003
계란,계란,한끼통살 후식주먹밥 샤브계란맛,즉석조리식품,제조일로부터 12개월,,(주)엄지식품,20210504123252,20230918,20240117
달걀,달걀,한돈달걀토마토덮밥,즉석조리식품,제조일로부터 8일까지(냉장),,(주)에코맘의 산골이유식,20200614037464,20201126,20260326
계란,계란,한솥 사골계란국,즉석조리식품,제조일로부터 12개월,,상미식품주식회사,19910449004986,20221227,20221228
계란,계란,한솥 청양사골계란국,즉석조리식품,제조일로부터 12개월,,상미식품주식회사,19910449004987,20221227,20221229
계란,계란,한숟갈 계란찜 파우더,복합조미식품,제조일로부터 12개월,제조일로부터 12개월,호미푸드,20170570200203,20250709,20250719
달걀,달걀,한옥집 달걀말이 액상,소스,1년,,(주)예우당에프에스,20080445056232,20160311,20250625
계란,계란,한우 계란 장조림,조림류,90일,,(주)동인축산,202502332195,20260413,20260430
계란,계란,한우 계란 장조림,조림류,제조일로부터 90일,,(주)동인축산,202502332196,20260428,20260522
계란,계란,한우계란볶음밥,즉석조리식품,제조일로부터 5일,,라임에프앤비(주),20210222240601,20241209,20241210
계란,계란,한우계란죽,즉석조리식품,제조일로부터 3개월,,(주)에르코스농업회사법인,20100231185395,20230828,20260421
계란,계란,한우계란찜,즉석조리식품,제조일로부터 40일,,주식회사 내담에프앤비(NAEDAM F&B),20140466024750,20210915,20230901
달걀,달걀,한우달걀찜밥,즉석조리식품,제조일로부터 15일,,(주)뽀뽀뜨,200203804811644,20260219,20260221
계란,계란,한우샤브계란죽,즉석조리식품,제조일로부터 60일,,주식회사 내담에프앤비(NAEDAM F&B),20140466024866,20250331,20250404
계란,계란,한우소고기계란장조림,조림류,제조일로부터 5일,제조일로부터 5일,(주)하니푸드,20210268770128,20210607,20240323
계란,계란,한우소고기야채계란말이,즉석섭취식품,제조일로부터 4일,,(주)하니푸드,20210268770242,20211107,20211112
계란,계란,한우시금치계란탕,즉석조리식품,제조일로부터 15일,,(주)뽀뽀뜨,200203804811233,20181217,20230610
계란,계란,한우프렌치빈계란볶음밥,영.유아용 이유식,제조일로부터 25일,해당없음,(주)푸드케어 2공장,20220396175658,20220526,20260321
음료,음료,韓印紅蔘梨飮料 한인홍삼배음료,인삼.홍삼음료,제조일로부터 24개월,,농업회사법인(주)이비채,19990555093393,20210806,20240207
계란,계란,한입 계란&라페 닭가슴살소시지 포두부롤,즉석섭취식품,제조일로부터 5일까지,제조일로부터 5일까지,농업회사법인(주) 담푸른,2016033866958,20210829,20240120
계란,계란,한입 계란&라페 포두부롤,즉석섭취식품,제조일로부터 5일,,농업회사법인(주) 담푸른,20160338669134,20230330,20240327
계란,계란,한입가득계란만두,만두,제조일로부터 12개월,,(주) 푸르온,199904613861055,20240711,20240716
계란,계란,한입닭가슴살스테이크 샐러드 & 곤약계란볶음밥,즉석조리식품,제조일로 12개월,,(주)푸드인모닝스타,2022049356310,20220520,20220523
냉동밥,냉동밥,한입밥용냉동밥,즉석조리식품,"냉동, 12개월",,(주)시아스,200504150203185,20181015,20181017
계란,계란,한잔하기'딱'좋은! 계란 두부튀김&볶음김치,즉석조리식품,제조일로부터 7일,,주식회사 락컴퍼니,20210202173358,20250312,20250327
계란,계란,한품간장계란볶음밥,즉석조리식품,제조일로부터 12개월 까지,,(주)하림산업 함열식품1공장,20200491392223,20211213,20240117
계란,계란,함박스테이크&계란볶음밥 세트,즉석조리식품,제조일로부터 12개월,,(주)현대그린푸드 스마트푸드센터,201902803274102,20250328,20250329
계란,계란,함박스테이크&계란후라이,즉석조리식품,제조일로부터 냉동보관(-18℃이하) 6개월,,주식회사 가람식품,2020015600629,20200728,20211030
계란,계란,함박스테이크와계란후라이,즉석조리식품,제조일로부터 12개월까지,,(주)푸드인모닝스타,20220493563218,20241129,20241205
명란,명란,海드림명란,양념젓갈,제조일부터 1년,,(주)창해씨푸드,201201444321,20121112,20241207
명란,명란,海드림명란 무색 냉동,양념젓갈,,제조일로부터 1년,(주)창해씨푸드,2012014443213,20201228,20201229
명란,명란,海드림명란(무색),양념젓갈,품질유지기한으로 변경,제조일로부터 1년,(주)창해씨푸드,201201444323,20130225,20241207
명란,명란,海드림명란(백),양념젓갈,,제조일로부터 1년,(주)창해씨푸드,2012014443214,20230509,20241207
명란,명란,海드림명란젓,양념젓갈,1년(냉동),,(주)창해씨푸드,201201444322,20121211,20160706
김자반,김자반,海를 담은 김자반,조미김,1년,,대림종합식품,20080231059135,20250724,20250727
계란,계란,해물계란볶음밥,즉석조리식품,제조일로부터 4일,,(주)하니푸드,20210268770322,20230612,20240323
계란,계란,해물계란탕분말,복합조미식품,제조일로부터 상온24개월,,(주)미미식품,198804440181711,20260514,20260520
계란,계란,해물계란탕분말,복합조미식품,제조일로부터 12개월,,다온SPC,20200349234425,20230707,20230711
계란,계란,해태계란과자,과자,제조일로부터 365일,,훼미리식품주식회사,1982048102118,20220613,20240117
계란,계란,해태계란과자 피스타치오,과자,제조일로부터 365일,,훼미리식품주식회사,19820481021351,20240821,20240823
계란,계란,해태코코아계란과자,과자,제조일로부터 365일,,훼미리식품주식회사,19820481021331,20231017,20240117
계란,계란,햄&계란후라이,즉석조리식품,제조일로부터 45일,,(주)씨티푸드(제1공장),2015055605883,20251030,20251219
계란,계란,햄&계란후라이 볶음밥,즉석조리식품,제조일로부터 45일,,(주)씨티푸드(제1공장),2015055605891,20260515,20260521
계란,계란,햄&스크램블에그계란볶음밥,즉석섭취식품,제조시간으로부터 96시간,,(주)우리델리카,20150443298961,20250811,20250812
계란,계란,햄계란구이,조림류,제조일로부터 냉장 5일,,아람찬,20220188406167,20221227,20221228
계란,계란,햄계란말이,즉석조리식품,제조일로부터7일,,주식회사장모님에프앤비,20230300165152,20240807,20240809
계란,계란,햄계란케찹밥,즉석조리식품,제조일로부터 6개월까지,,(주)맛요일,20160200280324,20250812,20251213
계란,계란,햄야채계란볶음밥,즉석조리식품,제조일로부터 4일,,(주)하니푸드,20210268770166,20210608,20240326
계란,계란,햄야채볶음밥과계란후라이,즉석조리식품,제조일로부터 12개월까지,,(주)푸드인모닝스타,20220493563223,20241202,20241207
계란,계란,햄치즈계란빵,빵류,제조일로부터 12개월,,호모사피엔스,2024027457218,20250416,20250418
햇반,햇반,햇반,즉석조리식품,9개월,9개월,씨제이제일제당(주)진천BLOSSOM CAMPUS,201804502851,20180830,20250423
햇반,햇반,햇반,즉석조리식품,제조일로부터 9개월,,씨제이제일제당주식회사,1991014403896,19961007,20240305
햇반,햇반,햇반 곤드레나물밥,즉석조리식품,제조일로부터 9개월,,씨제이제일제당(주)진천BLOSSOM CAMPUS,20180450285221,20260320,20260324
햇반,햇반,햇반 골든퀸쌀밥,즉석조리식품,제조일로부터 9개월까지,,씨제이제일제당(주)진천BLOSSOM CAMPUS,20180450285109,20230605,20250423
햇반,햇반,햇반 구수한발아현미밥,즉석조리식품,제조일로부터 9개월,,씨제이제일제당주식회사,19910144038663,20250728,20250804
햇반,햇반,햇반 구수한잡곡밥,즉석조리식품,제조일로부터 9개월,,씨제이제일제당주식회사,19910144038654,20251001,20251003
햇반,햇반,햇반 구수한흑미밥,즉석조리식품,제조일로부터 9개월,,씨제이제일제당주식회사,19910144038653,20251001,20251003
햇반,햇반,햇반 귀리소고기죽,즉석조리식품,제조일로부터 9개월,,씨제이제일제당(주) 진천 BLOSSOM CAMPUS 3동,20190450208171,20250918,20251209
햇반,햇반,햇반 김치치즈주먹밥,즉석조리식품,제조일로부터 9개월까지,,씨제이제일제당(주)진천BLOSSOM CAMPUS,2018045028595,20230213,20240627
햇반,햇반,햇반 닭갈비볶음밥,즉석조리식품,제조일로부터 9개월,,씨제이제일제당(주)진천BLOSSOM CAMPUS,2018045028569,20191231,20251015
햇반,햇반,햇반 라이스라떼 에스프레소,커피,12개월,,(주)삼양패키징광혜원공장,200704431101147,20260529,20260530
햇반,햇반,햇반 라이스라떼 에스프레소,혼합음료,제조일로부터 12개월,,(주)자연과사람들,20010515081692,20260402,20260403
햇반,햇반,햇반 라이스라떼 크림플레인,혼합음료,12개월,,(주)삼양패키징광혜원공장,200704431101146,20260529,20260530
햇반,햇반,햇반 라이스라떼 크림플레인,혼합음료,제조일로부터 12개월,,(주)자연과사람들,20010515081691,20260401,20260403
햇반,햇반,햇반 레드빈호박차,액상차,12개월,,(주)삼양패키징광혜원공장,200704431101129,20260427,20260527
햇반,햇반,햇반 렌틸콩현미밥,즉석조리식품,제조일로부터 9개월,,씨제이제일제당(주) 진천 BLOSSOM CAMPUS 3동,2019045020870,20240909,20250821
햇반,햇반,햇반 루피니빈 보리차,액상차,12개월,,(주)삼양패키징광혜원공장,200704431101117,20260402,20260513
햇반,햇반,햇반 루피니빈잡곡밥,즉석조리식품,제조일로부터 9개월,,씨제이제일제당(주) 진천 BLOSSOM CAMPUS 3동,2019045020872,20260325,20260326
햇반|계란,"햇반,계란",햇반 만능계란볶음밥,즉석조리식품,9개월,-,씨제이제일제당(주)진천BLOSSOM CAMPUS,2018045028599,20230830,20251211
햇반,햇반,햇반 만능김치볶음밥,즉석조리식품,9개월,-,씨제이제일제당(주)진천BLOSSOM CAMPUS,2018045028559,20240603,20251211
햇반,햇반,햇반 발아현미밥,즉석조리식품,제조일로부터 9개월,,씨제이제일제당주식회사,19910144038118,20030303,20231021
햇반,햇반,햇반 밥알크림빵,빵류,제조일로부터 7일,,(주)아인츠푸드,20220497104184,20240412,20240416
햇반,햇반,햇반 버터장조림주먹밥,즉석조리식품,제조일로부터 12개월,,(주)엄지식품,20210504123135,20220720,20260205
햇반|계란,"햇반,계란",햇반 베이컨계란볶음밥,즉석조리식품,9개월,-,씨제이제일제당(주)진천BLOSSOM CAMPUS,2018045028598,20230724,20251003
햇반,햇반,햇반 불고기비빔밥,즉석조리식품,제조일로부터 9개월,,씨제이제일제당(주)진천BLOSSOM CAMPUS,2018045028511,20190327,20250930
햇반,햇반,햇반 불고기주먹밥,즉석조리식품,제조일로부터 12개월,,(주)엄지식품,20210504123134,20220720,20240724
햇반,햇반,햇반 새우볶음밥,즉석조리식품,제조일로부터 9개월,,씨제이제일제당(주)진천BLOSSOM CAMPUS,2018045028510,20181218,20251014
햇반,햇반,햇반 서리태흑미밥,즉석조리식품,제조일로부터 9개월까지,,씨제이제일제당주식회사,19910144038865,20231212,20241017
햇반,햇반,햇반 스팸®김치볶음밥,즉석조리식품,제조일로부터 6개월까지,,씨제이제일제당(주)진천BLOSSOM CAMPUS,2018045028567,20191231,20251001
햇반,햇반,햇반 스팸®김치주먹밥,즉석조리식품,제조일로부터 6개월까지,,씨제이제일제당(주)진천BLOSSOM CAMPUS,2018045028593,20220623,20260324
햇반,햇반,햇반 아산맑은쌀밥,즉석조리식품,제조일로부터 9개월,,씨제이제일제당(주)진천BLOSSOM CAMPUS,2018045028513,20190405,20250423
햇반,햇반,햇반 아산맑은쌀밥,즉석조리식품,제조일로부터 9개월,,씨제이제일제당주식회사,19910144038548,20150401,20221123
햇반,햇반,햇반 윤기가득쌀밥,즉석조리식품,제조일로부터 9개월까지,,씨제이제일제당(주)진천BLOSSOM CAMPUS,20180450285114,20260519,20260521
햇반,햇반,햇반 윤기가득쌀밥,즉석조리식품,제조일로부터 9개월,,씨제이제일제당주식회사,19910144038991,20250317,20250325
햇반,햇반,햇반 잡곡밥,즉석조리식품,제조일로부터 9개월,,씨제이제일제당주식회사,19910144038678,20180122,20231013
햇반,햇반,햇반 전복죽,즉석조리식품,제조일로부터 9개월,-,씨제이제일제당(주) 진천 BLOSSOM CAMPUS 3동,20190450208176,20260414,20260416
햇반,햇반,햇반 차돌깍두기볶음밥,즉석조리식품,제조일로부터 9개월까지,,씨제이제일제당(주)진천BLOSSOM CAMPUS,2018045028563,20190604,20251016
햇반,햇반,햇반 찰기가득쌀밥,즉석조리식품,제조일로부터 9개월,,씨제이제일제당주식회사,19910144038948,20251215,20251226
햇반,햇반,햇반 찰기가득쌀밥,즉석조리식품,제조일로부터 9개월까지,,씨제이제일제당(주)진천BLOSSOM CAMPUS,20180450285111,20250310,20250423
햇반,햇반,햇반 찰잡곡밥,즉석조리식품,제조일로부터 9개월,,씨제이제일제당주식회사,19910144038756,20190805,20231021
햇반,햇반,햇반 찰현미밥,즉석조리식품,제조일로부터 9개월,,씨제이제일제당주식회사,19910144038692,20180421,20240716
햇반,햇반,햇반 참치마요주먹밥,즉석조리식품,제조일로부터 9개월까지,,씨제이제일제당(주)진천BLOSSOM CAMPUS,2018045028592,20220623,20251001
햇반,햇반,햇반 치즈닭갈비주먹밥,즉석조리식품,제조일로부터 12개월,,(주)엄지식품,20210504123136,20220720,20240813
햇반,햇반,햇반 통단팥죽,즉석조리식품,제조일로부터 9개월,,씨제이제일제당(주) 진천 BLOSSOM CAMPUS 3동,20190450208134,20240729,20250910
햇반,햇반,햇반 파로 누룽지 식혜,혼합음료,제조일로부터 12개월,,(주)자연과사람들,20010515081690,20260401,20260603
햇반,햇반,햇반 파로 누룽지차,액상차,12개월,,(주)삼양패키징광혜원공장,200704431101079,20260204,20260513
햇반,햇반,햇반 파로녹두닭죽,즉석조리식품,제조일로부터 9개월,,씨제이제일제당(주) 진천 BLOSSOM CAMPUS 3동,20190450208169,20250918,20251101
계란,계란,행복한 계란빵 반죽,빵류,제조일로부터 10일까지,,(주)씨에이치좋은푸드,2016036866238,20200902,20200922
계란,계란,행복한 계란빵 반죽,빵류,냉장15일,,(주)씨에이치푸드,202102029585,20210614,20220617
계란,계란,행복한 계란빵 반죽(냉동),빵류,냉동6개월,,(주)씨에이치푸드,2021020295832,20230419,20230421
계란,계란,행복한 계란빵반죽(냉동),빵류,제조일로부터 6개월까지,,(주)씨에이치좋은푸드,2016036866258,20240922,20240927
계란,계란,행복한맛남 계란옷 입은 동그랑땡,식육함유가공품,냉동 12개월,,(주)아워홈,20060445219856,20190306,20250826
계란,계란,행운 루비동 계란 반죽,빵류,냉장15일,,주식회사행운푸드,2014008672923,20250811,20250812
계란,계란,허닭 닭가슴살 간장계란곤약볶음밥,즉석조리식품,제조일로부터 12개월까지,,농업회사법인 주식회사 한우물,200804930741240,20230207,20240117
계란,계란,허닭 닭가슴살 간장계란곤약볶음밥,즉석조리식품,제조일로부터 12개월,,(주)엄지식품,20210504123100,20220414,20240117
계란,계란,허닭 닭가슴살 간장계란곤약볶음밥,즉석조리식품,제조일로부터 12개월,,주식회사 엄지식품,20150493208727,20210129,20240117
계란,계란,헬로빙그레 토마토계란볶음밥,즉석조리식품,제조일로부터 12개월까지,,농업회사법인 주식회사 한우물,20080493074370,20170824,20240117
계란,계란,현대농장 계란장조림소스,소스,제조일로부터 6개월 까지,,(주)티프리 제1공장,201603688221174,20250702,20250715
냉동밥,냉동밥,현미  냉동밥,즉석조리식품,1년,,한국농업융복합조합,202204811303,20240313,20240905
계란,계란,현미간장계란볶음밥,즉석조리식품,제조일로부터 12개월,,주식회사 엄지식품,20150493208467,20190814,20240117
계란,계란,현미계란볶음밥 세트,즉석조리식품,제조일로부터 9개월,,(주)현대그린푸드 스마트푸드센터,201902803273181,20230922,20231003
계란,계란,현미계란볶음밥/포크스튜 세트,당뇨환자용 식단형 식품,제조일로부터 270일,,(주)현대그린푸드 스마트푸드센터,201902803273186,20230922,20240830
계란,계란,현미계란볶음밥&포크스튜,당뇨환자용 식단형 식품,제조일로부터 270일,,(주)현대그린푸드 스마트푸드센터,201902803274436,20250724,20260414
계란,계란,현우동 버터계란 소스,소스,제조일로부터 18개월까지,,(주)에프앤에스식품,202103521781772,20250411,20250902
계란,계란,현우동 버터계란 소스-1,소스,제조일로부터 18개월까지,,(주)에프앤에스식품,202103521781718,20250224,20250411
계란,계란,혜자로운한끼 계란진미채김밥,즉석섭취식품,제조일시로부터 72시간 이내,,(주)후레쉬서브,200803362281423,20240410,20241018
계란,계란,혜자NEW통계란&케이준샐러드,즉석섭취식품,제조일로부터 6일 까지,제조일로부터 6일 까지,(주)농업법인 은성,20200393064104,20251203,20251216
계란,계란,혜자NEW통계란&케이준샐러드,즉석섭취식품,제조일로부터 6일 까지,제조일로부터 6일 까지,(주)농업회사법인 은성,20160375275160,20251203,20251204
반숙란,반숙란,호밀햄반숙란,즉석섭취식품,제조일시로부터 72시간,,(주)비지에프푸드제주,20180624406810,20260320,20260326
반숙란,반숙란,호밀햄반숙란,즉석섭취식품,제조시간으로부터 74시간까지,,(주)원푸드림 주촌지점,20170607069452,20260318,20260319
반숙란,반숙란,호밀햄반숙란,즉석섭취식품,제조시간으로부터 94시간 까지,,(주)비지에프푸드,20200450031672,20260315,20260318
계란,계란,호박계란국훈제오리햄볶음도시락,즉석섭취식품,제조 후 10시간,,(주)비엘푸드,201902029633037,20260108,20260109
유정란|계란,"유정란,계란",홈앤키즈 구워만든 제주 유정란 계란쿠키,과자,제조일로부터 1년,제조일로부터 1년,주식회사 제주내먹,20130631190221,20221124,20230202
계란,계란,홈플델리계란두배비빔밥,즉석섭취식품,제조시간으로부터 40시간,,롯데용인CK 주식회사,200003470522879,20220816,20250314
계란,계란,홈플델리계란두배비빔밥,즉석섭취식품,제조시간으로부터 40시간,,롯데부산CK 주식회사,200206143692851,20240807,20250321
계란,계란,홍국미새우계란볶음밥,즉석조리식품,제조일로부터 8일,,주식회사 지니온,2024032015782,20240410,20251202
계란,계란,홍영의 계란찜간장,소스,2년(24개월),,주식회사 더동쪽바다가는길,2015056600931,20210616,20231110
계란,계란,홍콩식 계란에 뿌려먹는 간장소스,소스,실온 12개월,,(주)제이엔제이푸드,201504430301317,20240909,20240910
계란,계란,화이트굴림만두와 곤약간장계란밥,즉석조리식품,제조일로부터 12개월까지,,(주)푸드인모닝스타,20220493563289,20260406,20260509
계란,계란,화이트크림계란함박,즉석조리식품,제조일로부터 4개월까지,,(주)후드원,200304451282693,20250520,20250524
계란,계란,황궁참계란빵반죽,빵류,15일,,황궁 참 식품,200903646776,20090619,20260201
계란,계란,황금 계란빵 반죽,빵류,제조일로부터 냉동 6개월,냉동 6개월,주식회사 황금에프앤비,2020040201387,20250728,20260129
계란,계란,황금 계란빵 반죽,빵류,제조일로부터 냉장 18일,냉장 18일,주식회사 황금에프앤비,2020040201386,20250716,20260129
유정란|계란,"유정란,계란",황금알 유정란 계란과자,과자,제조일로부터 12개월,제조일로부터 12개월,(주)제이주원컴퍼니,20210225314101,20250325,20250917
계란,계란,황태 우린 물로 만든 계란 야채 볶음밥,즉석조리식품,제조일부터9개월(냉동),,농업회사법인 주식회사 한우물,20080493074125,20131210,20240117
계란,계란,황태계란국,즉석조리식품,제조일로부터 7일,,팜스더프레시,20220299544152,20240105,20240117
계란,계란,황태계란국,즉석조리식품,제조일로부터 7일,,주식회사찬장에프에스대전,20220321100367,20221206,20260430
계란,계란,황태계란국,즉석조리식품,제조일로부터 7일,,주식회사케이제이푸드(KJ Food),20210424124110,20211218,20240322
계란,계란,황태계란국,즉석조리식품,제조일로부터 3일,,황가식품,2022030833098,20230313,20230318
계란,계란,황태계란국,즉석섭취식품,,해당없음.,(주)푸드윈,20080342441275,20230418,20230421
계란,계란,황태계란북엇국,즉석조리식품,제조일로부터12개월까지,,동림푸드(주),19910386025406,20151014,20230610
달걀,달걀,황태달걀감자국,즉석조리식품,제조일로부터 5일,,(주)하니푸드,20210268770282,20220415,20240405
계란,계란,황태대파계란국,즉석조리식품,제조일로부터 12개월까지,,(주)대도F&D,19920392069392,20241022,20241030
계란,계란,황태무채계란국,즉석조리식품,제조일로부터 5일,제조일로부터 5일,(주)하니푸드,20210268770581,20250509,20250517
계란,계란,황태콩나물계란국,즉석조리식품,제조일로부터 5일,제조일로부터 5일,(주)하니푸드,20210268770578,20250509,20250513
브로콜리,브로콜리,酵眞淸(효진청)농촌사람들 브로콜리와 양배추진액,액상차,제조일로부터 18개월,,주식회사 엔씨(NC),2008056700964,20130523,20160706
계란,계란,후게츠 계란면,생면,제조일로부터 45일,,(주)타마루에스엠에스,2013027503397,20250108,20251204
계란,계란,훈제계란조림,조림류,제조일로부터7일,,주식회사장모님에프앤비,20230300165159,20240820,20240822
계란,계란,흑닭 더 빅 닭가슴살 마늘계란버터 볶음밥,즉석조리식품,제조일로부터 12개월,,오뚜기냉동식품 주식회사,20040355580653,20250519,20250920
계란,계란,흑미꼬꼬계란볶음밥,즉석조리식품,제조일로부터 8일,,주식회사 지니온,20240320157198,20240527,20240530
계란,계란,흑백목이계란볶음,기타가공품,제조일로부터 5일,,주식회사찬장에프에스대전,20220321100543,20230130,20230203
계란,계란,희가덕물만두 계란,만두,제조일로 부터 12개월,,장강식품,201600864317,20250908,20250912
요거트,요거트,A 요거트 파우더,당류가공품,제조일로부터 18개월까지,,주식회사 이노라이즈컴퍼니,20120358156373,20240304,20240306
토마토,토마토,A Punto 85 썬드라이토마토페스토,소스,제조일로부터 12개월,제조일로부터 12개월,포천시농산물종합가공센터,2023052806044,20251002,20251120
토마토,토마토,A Punto 85 썬드라이토마토페스토(냉동),소스,제조일로부터 12개월,제조일로부터 12개월,포천시농산물종합가공센터,2023052806046,20251002,20251120
토마토,토마토,A Punto 85 썬드라이토마토페스토(냉장),소스,제조일로부터 12개월,제조일로부터 12개월,포천시농산물종합가공센터,2023052806045,20251002,20251120
토마토,토마토,A Punto 85 토마토주스,과.채주스,제조일로부터 6개월,제조일로부터 6개월,포천시농산물종합가공센터,2023052806072,20260416,20260418
토마토,토마토,A Punto 85 토마토주스(냉동),과.채주스,제조일로부터 12개월,제조일로부터 12개월,포천시농산물종합가공센터,2023052806074,20260416,20260418
토마토,토마토,A Punto 85 토마토주스(냉장),과.채주스,제조일로부터 6개월,제조일로부터 6개월,포천시농산물종합가공센터,2023052806073,20260416,20260418
밀가루,밀가루,a-메밀가루,곡류가공품,제조일로부터 1년,,범아식품,1986034700131,19970714,20160706
불고기,불고기,A.1.빅모짜직화불고기버거,즉석섭취식품,제조시간으로부터 96시간까지 (냉장),,(주)샌드팜,200803382231168,20260416,20260422
불고기,불고기,A.1.빅모짜직화불고기버거,즉석섭취식품,제조시간으로부터 96시간까지 (냉장),,주식회사 샌드팜 영남공장,200901880321006,20260416,20260421
복숭아,복숭아,A.무설탕 복숭아 아이스티,고형차,제조일로부터 24개월,,주식회사 알티스트,20210348794321,20230712,20230718
설탕,설탕,A.무설탕 샤인머스캣 아이스티,고형차,제조일로부터 24개월,,주식회사 알티스트,20210348794322,20230712,20230809
버터,버터,A.O.P버터데니쉬시트,빵류,제조일로부터 9개월까지(-18℃이하 냉동보관),,서울식품공업(주),198504330151787,20170502,20191002
버터,버터,A.O.P버터크로와상 냉동생지,빵류,제조일로부터 9개월(-18℃ 이하 냉동보관),,서울식품공업(주),198504330151635,20160706,20221117
복숭아,복숭아,A.OK 복숭아아이스티,당류가공품,제조일로부터 2년,2년,주식회사 컵풀,20130345125281,20250319,20250321
베이컨,베이컨,a.pam 베이컨,어묵,제조일로부터 15개월,,주식회사 어메이징팩토리,20140128255466,20210906,20211021
스테이크소스,스테이크소스,A&1 스테이크소스,소스,24개월,,초야식품,1993044502520,20010328,20180309
꿀,꿀,A&S꿀유자차,액상차,제조일로부터24개월,,(주)초록원,20050560470125,20110729,20160706
참기름,참기름,A+ 국산 정일품 참기름,참기름,제조일로부터 1년,,농업회사법인 (주)정일품(함안지점),202106100621,20210423,20240904
블루베리,블루베리,A+ 블루베리 프리미엄 알로에,혼합음료,24개월,,퓨어플러스(주),20020623009513,20131028,20160706
참기름,참기름,A+ LOTEM 정일품 참기름,참기름,제조일로부터 1년,,농업회사법인 (주)정일품(함안지점),202106100622,20210423,20240904
마늘,마늘,A+4 마늘소스,기타가공품,1년,,(주)피쉐프코리아,201901595014,20190924,20201208
물엿,물엿,A+맥아당물엿,물엿,제조일로부터 2년,,한신식품,1974031000327,20150129,20251203
스테이크소스,스테이크소스,A2스테이크소스,소스,제조일로부터12개월,,"서해수산푸드 주식회사(Yellow Sea Fisheries Food Co., Ltd.)",19920473045978,20251222,20251223
드레싱,드레싱,A간장드레싱소스,소스,제조일로부터 냉장12개월,,(주)햇빛사랑,20170444056113,20200817,20200824
초장,초장,A골뱅이초장소스,소스,제조일로부터 냉장12개월,,(주)햇빛사랑,20170444056110,20200808,20200811
블루베리,블루베리,A급 블루베리 퓨레 100%,과.채주스,제조일로부터 2년,,엔에이치 바이오,20210444104503,20260520,20260522
블루베리,블루베리,A등급 블루베리로만 만든 수제잼,잼,제조일로부터 24개월,해당없음.,농업회사법인 김재식헬스푸드 주식회사,20030555091141,20200325,20230201
소고기,소고기,A소고기육수,소스,제조일로부터 12 개월 까지,,주식회사 티엠씨코퍼레이션,20220515212273,20240802,20260327
나물,나물,AAF3가지나물밥,즉석조리식품,"냉동, 12개월",,(주)시아스,200504150202494,20170216,20170227
볶음밥,볶음밥,AAF불곱창깍두기볶음밥,즉석조리식품,"냉동, 12개월",,(주)시아스,200504150202493,20170216,20170227
식초,식초,ABA막걸리맛식초,발효식초,시용안함,3년,농업회사법인(유)한국베리팜,202104970745,20260604,20260609
식초,식초,ABA천연발효식초,발효식초,시용안함,3년,농업회사법인(유)한국베리팜,202104970741,20210407,20250603
참기름,참기름,ABAMI 참기름,참기름,제조일로부터 12개월,해당없음.,(주)더맑음,20230523091251,20250914,20260224
꿀,꿀,ABC  꿀꺽,과.채주스,제조일로부터 1년 (별도 표기일까지),,마카다프룻 농업회사법인(주),201905472322,20200420,20200421
고구마,고구마,ABC 고구마스위트,식물성크림,제조일로부터 12개월,제조일로부터 12개월,(주)삼광식품,197304430031753,20250714,20250805
귀리,귀리,abc 귀리누룽지크래커,곡류가공품,제조일로부터 12개월,1년,해맑음농업회사법인유한회사,2016051807637,20220228,20220303
그래놀라,그래놀라,ABC그래놀라,곡류가공품,제조일 로 부터 12개월,,(주)데이세븐코리아,2021037289422,20250311,20250404
요거트,요거트,ABC애플요거트스위트,식물성크림,제조일로부터 12개월,제조일로부터 12개월,(주)삼광식품,197304430031892,20260609,20260610
잼,잼,ABC잼,잼,제조일로부터 1년,-,칠칠곡곡협동조합2,202005740877,20210601,20210603
잼,잼,ABC잼,잼,제조일로부터 1년,-,칠칠곡곡협동조합,2017057036830,20210409,20210413
포도,포도,ABC젤리 포도맛,캔디류,제조일로부터 1년,,국제제과(주),20010415034612,20180601,20180602
고구마,고구마,ABC초코쿠키 꿀고구마,과자,12개월,,롯데웰푸드(주),196900860031254,20250814,20250821
올리고당,올리고당,ABC프락토올리고당초콜릿,준초콜릿,제조일로부터 12개월,제조일로부터 12개월,(주)삼광식품,197304430031414,20220721,20220722
새우,새우,Ablab 깐쇼새우 2630,기타 수산물가공품,제조일로부터 365일,,(주)해창수산,19980506039147,20250422,20251128
쌈장,쌈장,ABR 매콤 보리쌈장,소스,제조일로 부터 12개월,제조일로 부터 12개월,올바름미트앤푸드,2021021139915,20260611,20260613
쌈장,쌈장,ABR 보리쌈장,소스,제조일로 부터 12개월,제조일로 부터 18개월,올바름미트앤푸드,2021021139914,20260611,20260613
쌈장,쌈장,ABR 씨앗 보리쌈장,소스,제조일로 부터 12개월,제조일로 부터 12개월,올바름미트앤푸드,2021021139917,20260611,20260613
쌈장,쌈장,ABR 와사비 보리쌈장,소스,제조일로 부터 12개월,제조일로 부터 12개월,올바름미트앤푸드,2021021139916,20260611,20260613
스테이크소스,스테이크소스,Ace플러스 스테이크소스,소스,제조일로부터 18개월,,(주)코리아제니스,20090375188454,20220414,20230916
마늘,마늘,ACEF&B마늘소스,소스,제조일로부터 4개월까지,없음,주식회사조흥,199703111001567,20220803,20220818
복숭아,복숭아,AEF복숭아아이스티,혼합음료,제조일로부터 24개월,제조일로부터 24개월,녹차원(주),20160518117150,20250811,20250813
블루베리,블루베리,AEF블루베리아이스티,혼합음료,제조일로부터 24개월,제조일로부터 24개월,녹차원(주),20160518117149,20250811,20250813
포도,포도,AF 냉동포도,과.채가공품,제조일로부터 24개월까지,,(주)에이원카프,20060445009406,20250318,20250322
오렌지,오렌지,AF 오렌지레드 100,혼합제제,제조일로부터 12개월까지,,(주)에이원카프,20040445048651,20180322,20230610
오징어,오징어,AF 오징어먹물분말,오징어먹물색소,제조일로부터 12개월까지,,(주)에이원카프,20040445048958,20250304,20250305
오렌지,오렌지,AF 컬러오렌지 010,혼합제제,제조일로부터 12개월까지,,(주)에이원카프,20040445048649,20180322,20230610
토마토,토마토,AF 토마토색소,토마토색소,유통기한 미설정,,(주)에이원카프,20040445048760,20200525,20230610
오징어,오징어,AF오징어먹물색소,오징어먹물색소,유통기간미설정,,(주)에이원카프,20040445048278,20120706,20230610
마늘,마늘,AFB마늘간장소스,소스,6개월,,(주)코리아푸드,20160355538590,20241206,20250704
고추장,고추장,AFS컵밥용고추장소스,소스,제조일로부터 12개월,,동보식품 주식회사,197704330093334,20250612,20250731
달걀,달걀,ALL 바른 달걀과몰입김밥,즉석섭취식품,제조일로부터 72시간 이내,,주식회사 탭스인터내셔널,20230377181102,20260311,20260324
김밥,김밥,ALL NEW 2800알찬김밥,즉석섭취식품,제조 시간으로부터 53시간 까지,,롯데부산CK 주식회사,200206143693118,20260127,20260603
김밥,김밥,ALL NEW 2800알찬김밥,즉석섭취식품,제조시간으로부터 53시간,,롯데평택CK 주식회사,199503062742254,20260126,20260528
김밥,김밥,ALL NEW 2800알찬김밥,즉석섭취식품,제조시간으로부터 53시간,,롯데광주CK 주식회사,200202215922391,20260127,20260602
참치,참치,ALL NEW 더커진비빔참치마요,즉석섭취식품,제조시간으로부터 55시간,,롯데부산CK 주식회사,200206143693160,20260416,20260418
참치,참치,ALL NEW 더커진비빔참치마요,즉석섭취식품,제조시간으로부터 55시간,,롯데광주CK 주식회사,200202215922416,20260421,20260428
참치,참치,ALL NEW 더커진비빔참치마요,즉석섭취식품,제조시간으로부터 48시간,,롯데평택CK 주식회사,199503062742278,20260415,20260417
참치,참치,ALL NEW 비빔참치마요,즉석섭취식품,제조시간으로부터 55시간,,롯데평택CK 주식회사,199503062742279,20260415,20260417
참치,참치,ALL NEW 비빔참치마요,즉석섭취식품,제조시간으로부터 55시간,,롯데부산CK 주식회사,200206143693161,20260414,20260416
참치,참치,ALL NEW 비빔참치마요,즉석섭취식품,제조시간으로부터 55시간,,롯데광주CK 주식회사,200202215922415,20260421,20260428
김밥,김밥,ALL NEW 스팸땡초김밥,즉석섭취식품,제조시간으로부터 55시간,,롯데광주CK 주식회사,200202215922429,20260521,20260522
김밥,김밥,ALL NEW 스팸땡초김밥,즉석섭취식품,제조시간으로부터 55시간,,롯데평택CK 주식회사,199503062742288,20260521,20260522
김밥,김밥,ALL NEW 스팸땡초김밥,즉석섭취식품,제조 시간으로부터 55시간 까지,,롯데부산CK 주식회사,200206143693175,20260521,20260522
참치,참치,ALL NEW 참치마요,즉석섭취식품,제조시간으로부터 55시간,,롯데부산CK 주식회사,200206143693156,20260408,20260410
참치,참치,ALL NEW 참치마요,즉석섭취식품,제조시간으로부터 55시간,,롯데평택CK 주식회사,199503062742274,20260408,20260409
참치,참치,ALL NEW 참치마요,즉석섭취식품,제조시간으로부터 55시간,,롯데광주CK 주식회사,200202215922411,20260407,20260409
참치,참치,ALL NEW 참치마요,즉석섭취식품,제조시간으로부터 72시간,,(주)제이비프레시,20200620210546,20251201,20260417
참치,참치,ALL NEW 킹듬뿍참치김밥,즉석섭취식품,제조시간으로부터 50시간,,롯데광주CK 주식회사,200202215922175,20240527,20260522
참치,참치,ALL NEW 킹듬뿍참치김밥,즉석섭취식품,제조시간으로부터 48시간,,롯데평택CK 주식회사,199503062742002,20240529,20260519
참치,참치,ALL NEW 킹듬뿍참치김밥,즉석섭취식품,제조시간으로부터 48시간,,롯데부산CK 주식회사,200206143692788,20240603,20260523
고구마,고구마,All바른농장 든든한 한상차림-고구마,신선편의식품,제조일로부터 6일까지,,농업회사법인(주)정진에프피씨,20140368099167,20221018,20240323
토마토,토마토,All바른농장 레인보우 샐러드스틱(방울토마토),신선편의식품,제조일로부터 6일까지,,농업회사법인(주)정진에프피씨,20140368099162,20220930,20250311
포도,포도,All바른농장 레인보우 샐러드스틱(포도),신선편의식품,제조일로부터 6일까지,,농업회사법인(주)정진에프피씨,20140368099163,20220930,20221005
키위,키위,All바른농장 바로먹는 골드키위,신선편의식품,제조일로부터 7일,,농업회사법인(주)정진에프피씨,2024054813812,20240508,20241008
복숭아,복숭아,All바른농장 바로먹는 복숭아,신선편의식품,제조일로부터 7일까지,,농업회사법인(주)정진에프피씨,2024054813868,20240627,20240815
복숭아,복숭아,All바른농장 바로먹는 천도복숭아,신선편의식품,제조일로부터 7일까지,,농업회사법인(주)정진에프피씨,2024054813871,20240814,20240817
포도,포도,All바른농장 바로먹는 포도,신선편의식품,제조일로부터 7일까지,,농업회사법인(주)정진에프피씨,2014036809938,20141023,20231011
포도,포도,All바른농장 바로먹는 포도,신선편의식품,제조일로부터 7일까지,,농업회사법인(주)정진에프피씨,2024054813835,20240510,20250223
수박,수박,All바른농장 바로먹는 프리미엄 고당도 수박,신선편의식품,제조일로부터 7일까지,,농업회사법인(주)정진에프피씨,2024054813821,20240508,20240514
베이컨,베이컨,All바른농장 에그 베이컨 생과일 샐러드,신선편의식품,제조일로부터 6일까지,,농업회사법인(주)정진에프피씨,20140368099138,20211126,20260205
수박,수박,All바른농장 프레쉬 고당도 컷 수박 1/4 Cut,신선편의식품,제조일로부터 7일까지,,농업회사법인(주)정진에프피씨,2024054813839,20240510,20240511
수박,수박,All바른농장 프레쉬 고당도 컷 수박 1/8 Cut,신선편의식품,제조일로부터 7일까지,,농업회사법인(주)정진에프피씨,2024054813840,20240510,20240511
수박,수박,All바른농장 프레쉬 씨없는 컷 수박 1/4 Cut,신선편의식품,제조일로부터 7일까지,,농업회사법인(주)정진에프피씨,2024054813841,20240510,20240511
수박,수박,All바른농장 프레쉬 씨없는 컷 수박 1/8 Cut,신선편의식품,제조일로부터 7일까지,,농업회사법인(주)정진에프피씨,2024054813842,20240510,20240511
수박,수박,All바른농장 프레쉬 컷 수박 1/4 Cut,신선편의식품,제조일로부터 7일까지,,농업회사법인(주)정진에프피씨,2024054813837,20240510,20240511
당근,당근,All바른농장 한컵 샐러드스틱(당근),신선편의식품,제조일로부터 6일까지,,농업회사법인(주)정진에프피씨,20140368099158,20220929,20250311
참기름,참기름,ALL바름 참기름 자반볶음,조미김,첨부파일참조,,(주)대표식품,20050208174205,20241021,20250925
바나나,바나나,Altive Protein 바나나맛,혼합음료,제조일로부터 12개월,,(주)자연과사람들,20010515081645,20250429,20250521
요거트,요거트,AM 딸기요거트드레싱,소스,4개월,,(주)예우당에프에스,200804450561154,20260115,20260116
멸치,멸치,AM 멸치육수-1,소스,1년,,(주)예우당에프에스,200804450561158,20260116,20260119
멸치,멸치,AM 멸치육수-2,소스,1년,,(주)예우당에프에스,200804450561159,20260116,20260119
블루베리,블루베리,AM 블루베리드레싱,소스,6개월,,(주)예우당에프에스,200804450561164,20260116,20260119
스테이크소스,스테이크소스,AM 스테이크소스-1,소스,1년,,(주)예우당에프에스,200804450561169,20260119,20260121
스테이크소스,스테이크소스,AM 스테이크소스-2,소스,1년,,(주)예우당에프에스,200804450561170,20260119,20260123
드레싱,드레싱,AM 시저샐러드드레싱,소스,6개월,,(주)예우당에프에스,200804450561171,20260119,20260121
드레싱,드레싱,AM 오리엔탈드레싱,소스,1년,,(주)예우당에프에스,200804450561173,20260119,20260121
드레싱,드레싱,AM 유자드레싱,소스,1년,,(주)예우당에프에스,200804450561174,20260119,20260121
드레싱,드레싱,AM 케이준드레싱,소스,6개월,,(주)예우당에프에스,200804450561178,20260120,20260121
드레싱,드레싱,AM 파인애플드레싱,소스,6개월,,(주)예우당에프에스,200804450561181,20260120,20260123
드레싱,드레싱,AM 흑임자드레싱-1,소스,6개월,,(주)예우당에프에스,200804450561184,20260120,20260123
드레싱,드레싱,AM 흑임자드레싱-2,소스,6개월,,(주)예우당에프에스,200804450561185,20260120,20260123
마늘,마늘,AM마늘간장소스,소스,제조일로부터 18개월,,농업회사법인상경에프앤비주식회사,20140464204540,20250403,20250404
식초,식초,AMAIKA X 막걸리식초 물회장,소스,제조일로부터 냉장12개월,,주식회사 우아한생활,20190214055382,20260610,20260611
오이,오이,AMERICAN PIZZA 생오이피클,절임식품,제조일로부터 6개월까지,-,주식회사 일미푸드,20040257068180,20251023,20251101
참치,참치,Amtat 살코기 참치,기타 수산물가공품,제조일로부터 84개월,,오뚜기에스에프(주),19730619001177,20210806,20210807
참치,참치,Amtat 살코기 참치 빅캔,기타 수산물가공품,제조일로부터 84개월,,오뚜기에스에프(주),19730619001178,20210806,20210807
낙지,낙지,anc낙지볶음,소스,제조일로부터 12개월(냉동보관),,(주)에스엘푸드,2015061709280,20150715,20180428
귤,귤,Anti-C 감귤로 만든 감귤즙,과.채주스,제조일로부터 12개월,,주식회사 자연이정답이다,2021045109653,20240529,20241024
배추,배추,Anti-C 배추로 만든 백김치,김치,-,제조일로부터 40일,(주)자연드림치유식품 김치공방,20130517036118,20221110,20241024
배추,배추,Anti-C 배추로 만든 절임배추,절임식품,해당없음,제조일로부터10일,농업회사법인 (유)굿푸드,2025075905782,20251030,20251031
배추,배추,Anti-C 배추로 만든 절임배추,절임식품,,제조일로부터10일,농업회사법인유한회사 대신물산  제2공장,2009048738082,20250915,20250917
배추,배추,Anti-C 배추로 만든 절임배추,절임식품,,10일,해남친환경,202207451151,20220812,20250823
배추,배추,Anti-C 배추로 만든 절임배추,절임식품,제조일로부터 10일,제조일로부터 10일,농업회사법인 (주)세인식품 진농가지점,202407426652,20250915,20251016
배추,배추,Anti-C 배추로 만든 절임배추,절임식품,제조일로부터 15일,제조일로부터 15일,남양팜스,1982048702465,20241008,20241029
배추,배추,Anti-C 배추로 만든 절임배추,절임식품,-,10일,해남친환경 제2공장,202207450292,20241115,20241119
배추,배추,Anti-C 배추로 만든 절임배추,절임식품,,제조일로부터 10일,(주)자연드림치유식품 김치공방,20130517036130,20230913,20241024
배추,배추,Anti-C 배추로 만든 포기김치,김치,,제조일로부터 40일,(주)자연드림치유식품 김치공방,20130517036132,20230915,20251125
배추,배추,Anti-C 양배추로 만든 양배추액,액상차,12개월,,주식회사 자연이정답이다,2021045109652,20240522,20241024
포도,포도,Anti-C 포도즙,과.채주스,제조일로부터 1년까지,제조일로부터 1년까지,해가들농업회사법인(주),2019056012010,20241104,20241107
고구마,고구마,Anti-C고구마로만든 달콤한끼고구마,서류가공품,6개월,,주식회사 건강한채소,2012027528699,20240126,20241025
포도,포도,APT청포도(수출용),기타 주류,병입년월일만 기재,,농업회사법인 대한주조 주식회사,2013001705525,20230324,20250703
블루베리,블루베리,Aramfarm 블루베리,과.채주스,제조일로부터 24개월,,농업회사법인아람농장(주),2010056045042,20170102,20170103
전복,전복,ASC 간편 손질 전복,기타 수산물가공품,제조일로부터 24개월,,(주)청산바다,2009052900181,20241024,20241030
연어,연어,ASC 건염 훈제연어,기타 수산물가공품,제조일로부터 24개월,,덕우수산,20080144448263,20250605,20250619
연어,연어,ASC 냉동 훈제연어 슬라이스,기타 수산물가공품,제조일로부터 2년,,주식회사 금강씨푸드,2016034234653,20260320,20260324
연어,연어,ASC 연어(필렛-스테이크),기타 수산물가공품,제조일로부터 7일,,주식회사 금강씨푸드,2016034234650,20260120,20260131
연어,연어,ASC 연어(필렛),기타 수산물가공품,제조일부터 4일,,주식회사 금강씨푸드,2016034234649,20260120,20260131
연어,연어,ASC 인증 생연어로 만든 훈제연어,기타 수산물가공품,제조일로부터 1년6개월 (냉동),,(주)영피쉬,20050163147138,20260522,20260528
연어,연어,ASC 콜드 스모크 훈제연어 슬라이스,기타 수산물가공품,제조일로부터 7일,,주식회사 금강씨푸드,2016034234652,20260320,20260324
연어,연어,ASC 파타고니아 생연어 필렛,기타 수산물가공품,제조일로부터 10일 이내,,덕우수산,20080144448264,20250724,20250804
연어,연어,ASC 파타고니아 훈제연어 슬라이스,기타 수산물가공품,제조일로부터 24개월,,덕우수산,20080144448265,20251110,20251121
연어,연어,ASC 훈제연어 건염슬라이스,기타 수산물가공품,제조일로부터 24개월,,덕우수산,20080144448252,20240716,20240719
새우,새우,ASC 흰다리 새우살,기타 수산물가공품,제조일로부터 2년까지,,영어조합법인 서풍,20060506724460,20240706,20240710
새우,새우,ASC 흰다리새우살 PDTO,기타 수산물가공품,제조일로부터 2년까지,,영어조합법인 서풍,20060506724665,20260330,20260410
연어,연어,ASC인증 노르웨이 생연어,기타 수산물가공품,제조일로부터 10일,,(주)은하수산,20150149169154,20191106,20191110
연어,연어,ASC인증 노르웨이 생연어 슬라이스,기타 수산물가공품,제조일로부터 7일까지,,(주)은하수산,20150149169155,20191106,20191109
연어,연어,ASC인증 노르웨이 생연어필렛,기타 수산물가공품,제조일로부터 10일,,(주)은하수산,20150149169153,20191106,20191129
새우,새우,ASC인증 새우와 국산 채소로 꽉찬 얇은피 새우만두,만두,제조일로부터 12개월 까지,,(주)지엠에프,19950492079580,20191016,20240222
새우,새우,ASC인증 흰다리 새우살,기타 수산물가공품,제조일로부터 2년까지,,영어조합법인 서풍,20060506724411,20240419,20260410
청양고추,청양고추,assi 청양고추 통모짜 핫도그,빵류,제조일로부터 12개월까지,,주식회사 시즈너FS,20010444002285,20240827,20250108
사탕,사탕,AT 사탕수수 시럽,당류가공품,12개월,,(주)베어컨테이너,2020033743011,20210408,20260113
사탕,사탕,AT 유기농 사탕수수 시럽,당류가공품,12개월,,(주)베어컨테이너,2020033743035,20231222,20250227
참깨,참깨,AVO 참깨드레싱,소스,제조일로부터 6개월까지,,(주)푸드공방,200103684311165,20250922,20250926
카레,카레,B-1 카레라이스도시락,즉석섭취식품,상온에서 8시간,,(주)해림푸드시스템,2013014152417,20161031,20180303
짜장,짜장,B-13 짜장라이스 도시락,즉석섭취식품,상온에서 8시간,,(주)해림푸드시스템,2013014152428,20161031,20180303
오징어,오징어,B-15 오징어순대볶음 도시락,즉석섭취식품,상온에서 8시간,,(주)해림푸드시스템,2013014152430,20161031,20180303
당면,당면,B-17 당면불고기도시락,즉석섭취식품,상온에서 8시간,,(주)해림푸드시스템,2013014152495,20200924,20200925
토마토,토마토,B-18 토마토스파게티도시락,즉석섭취식품,상온에서 8시간,,(주)해림푸드시스템,2013014152496,20201005,20201006
두부,두부,B-21 마파두부 정기 도시락,즉석섭취식품,상온에서 8시간,,(주)해림푸드시스템,20130141524112,20210520,20210525
볶음밥,볶음밥,B-22 김치볶음밥 정기도시락,즉석섭취식품,상온에서 8시간,,(주)해림푸드시스템,2013014152499,20201016,20201020
고등어,고등어,B-23 고등어무조림 도시락,즉석섭취식품,상온에서 8시간,,(주)해림푸드시스템,20130141524100,20201020,20201021
콩나물,콩나물,B-26 콩나물잡채비빔밥 정기 도시락,즉석섭취식품,상온에서 8시간,,(주)해림푸드시스템,20130141524110,20210521,20210525
소시지,소시지,B-28 소시지야채볶음 정기 도시락,즉석섭취식품,상온에서 8시간,,(주)해림푸드시스템,20130141524113,20210803,20210805
돈까스,돈까스,B-3 등심돈까스도시락,즉석섭취식품,상온에서 8시간,,(주)해림푸드시스템,2013014152418,20161031,20180303
만두,만두,B-32 비빔만두 정기도시락,즉석섭취식품,상온에서 8시간,,(주)해림푸드시스템,20130141524115,20221018,20221022
생선,생선,B-7 생선까스 도시락,즉석섭취식품,상온에서 8시간,,(주)해림푸드시스템,2013014152422,20161031,20180303
참치,참치,B-9 참치비빔밥 도시락,즉석섭취식품,상온에서 8시간,,(주)해림푸드시스템,2013014152424,20161031,20180303
오렌지,오렌지,B-오렌지팜엘디,혼합제제,,해당없음.,(주)내팜 제2공장,20110275289200,20180529,20250213
오렌지,오렌지,B-오렌지팜엘디-오렌지향,혼합제제,,해당없음.,(주)내팜 제2공장,20110275289204,20180529,20181023
바나나,바나나,B-치자황색소팜엘디-바나나향,혼합제제,,해당없음.,(주)내팜 제2공장,20110275289206,20180529,20181023
블루베리,블루베리,B-퍼플팜엘디-블루베리향,혼합제제,,해당없음.,(주)내팜 제2공장,20110275289209,20180529,20181023
만두,만두,B.B.Q 만두소,기타가공품,제조일로부터 8일,냉장보관시 제조일로 부터 8일,(주)한림SMF 풍미원,2017027512357,20241004,20241008
만두,만두,B.B.Q왕만두소스,소스,제조일로부터 21일,,(주)한림SMF 풍미원,2017027512365,20250611,20251016
마늘,마늘,B.B마늘베타믹스,복합조미식품,제조일로부터1년,,제이에스푸드,2002029425913,20071130,20160703
마늘,마늘,B.B마늘소스,소스,제조일로부터 6개월,,제이에스푸드,2002029425957,20211101,20211103
파스타,파스타,B.BEAM 로제파스타소스,소스,제조일로부터 6개월까지,,이푸드(주),200904330552787,20201012,20201014
샌드위치,샌드위치,B.E.L.T 샌드위치,즉석섭취식품,제조시간으로부터 96시간,,에스엘비코리아(주),20080073068742,20230425,20240814
샌드위치,샌드위치,B.E.L.T 샌드위치,즉석섭취식품,제조시간으로부터 64시간(냉장),,(주)샌드팜,20080338223276,20151130,20240103
샌드위치,샌드위치,B.E.L.T 샌드위치,즉석섭취식품,제조시간으로부터 96시간,제조시간으로부터 96시간,(주)농업법인 은성,2020039306448,20231108,20231206
샌드위치,샌드위치,B.E.L.T 크로와상 샌드위치,즉석섭취식품,제조시간으로부터 96시간,,에스엘비코리아(주),20080073068772,20231226,20231228
샌드위치,샌드위치,B.E.L.T 호밀 샌드위치,즉석섭취식품,제조일로부터 5일,해당없음,주식회사 샐러드마녀,2021035559755,20240103,20240105
샌드위치,샌드위치,B.E.L.T 호밀 샌드위치,즉석섭취식품,제조일로부터 5일까지,제조일로부터 5일까지,농업회사법인(주) 담푸른,20160338669311,20231214,20240119
샌드위치,샌드위치,B.E.L.T&포테이토샌드위치,즉석섭취식품,제조시간으로부터 72시간,,(주)우리델리카,20150443298342,20200807,20210122
샌드위치,샌드위치,B.E.L.T샌드위치,즉석섭취식품,제조시간으로부터 67시간,,롯데평택CK 주식회사,199503062741255,20200102,20260213
샌드위치,샌드위치,B.E.L.T샌드위치,즉석섭취식품,제조일로부터 5일까지,제조일로부터 5일까지,농업회사법인(주) 담푸른,20160338669467,20250103,20250211
샌드위치,샌드위치,B.E.L.T샌드위치,즉석섭취식품,제조시간으로부터 61시간,,롯데부산CK 주식회사,200206143692046,20200418,20210707
샌드위치,샌드위치,B.L.A.T. 샌드위치,즉석섭취식품,냉장 48시간,,(주)신세계푸드 메인주방,201600366851233,20230217,20251023
샌드위치,샌드위치,B.L.T 샌드위치,즉석섭취식품,제조일로부터 5일,,주식회사 너랑,20220479477415,20260601,20260610
샌드위치,샌드위치,B.L.T 샌드위치,즉석섭취식품,제조일로부터 72시간까지,,서울식품공업(주),198504330151888,20220516,20220517
샌드위치,샌드위치,B.L.T 치킨 샌드위치,즉석섭취식품,제조일로부터 72시간,,케이터링서비스파트너(주),20210212179113,20250306,20260330
샌드위치,샌드위치,B.L.T. 샌드위치,즉석섭취식품,제조시간으로부터 48시간까지 (냉장),,(주)샌드팜,200803382231092,20250429,20250522
샌드위치,샌드위치,B.L.T.샌드위치,즉석섭취식품,제조시간으로부터 76시간,,(주)신세계푸드오산공장,200203364252418,20210223,20251218
샌드위치,샌드위치,B.L.T샌드위치,즉석섭취식품,제조시간으로부터 64시간,,롯데평택CK 주식회사,199503062741123,20190426,20240925
샌드위치,샌드위치,B.L.T샌드위치,즉석섭취식품,제조시간으로부터 61시간,,롯데부산CK 주식회사,200206143691909,20190503,20190508
고구마,고구마,B)고구마케이크2호,빵류,제조 후 180일,,씨제이푸드빌주식회사,199704451441813,20180531,20260206
핫도그,핫도그,B)먹물핫도그(갈릭),빵류,180일,,씨제이푸드빌주식회사,199704451444455,20210802,20221105
우유,우유,B)우유&부드러운고구마피스,빵류,180일(냉동),,씨제이푸드빌주식회사,199704451441075,20111027,20260206
우유,우유,B)우유브레드냉동반죽,빵류,180일,,씨제이푸드빌주식회사,199704451444642,20210923,20230718
감자,감자,B)치즈만난감자그라탕용냉동반죽,빵류,180일,,씨제이푸드빌주식회사,199704451444788,20220323,20250920
생크림,생크림,B)파베쇼콜라생크림피스,빵류,180일(냉동),,씨제이푸드빌주식회사,19970445144864,20090730,20231028
핫도그,핫도그,B)핫도그빵,빵류,6개월(냉동),,씨제이푸드빌주식회사,199704451441716,20170615,20221116
요거트,요거트,B&F GLOBAL 요거트파우더,당류가공품,제조일로부터 24개월까지,,(주)석우,20160358214302,20250311,20250312
고구마,고구마,B2B 고구마줄기나물,조림류,제조일로부터 1년,해당없음.,농업회사법인(주)승화푸드,200700565442211,20230808,20230822
시래기,시래기,B2B 시래기나물,조림류,제조일로부터 1년,해당없음.,농업회사법인(주)승화푸드,200700565442205,20230808,20230822
생크림,생크림,B2B)딸기생크림피스,빵류,180일,,씨제이푸드빌주식회사,199704451444808,20220802,20250423
생크림,생크림,B2B생크림폭탄도넛용 휴면반죽,빵류,90 일,,에스피엘주식회사,200403064182085,20170417,20240125
후추,후추,B법소스 소금후추 드레싱,소스,제조일로부터 12개월,,푸른식품주식회사,20080211050632,20240724,20240820
우유,우유,B우유크림,기타가공품,제조일로부터 30일까지,없음,주식회사조흥,199703111001284,20210716,20210727
고구마,고구마,B프라이드혼합고구마전분,전분가공품,제조일로부터 24개월,,대성제분주식회사,2007046717413,20160412,20160706
복숭아,복숭아,BABA 복숭아 아이스티,액상차,제조일로부터 18개월,,웅진식품(주),19960458039578,20190520,20240126
복숭아,복숭아,BABA 복숭아아이스티,액상차,제조일로부터 18개월,,(주)퓨럽,19940440030240,20260129,20260130
수박,수박,BABA 수박에이드,혼합음료,제조일로부터 18개월,,웅진식품(주),19960458039681,20230915,20240126
잼,잼,BAEBAE 국산 체리잼,잼,제조일로부터 12개월,해당 없음,양양군농산물종합가공센터,2019042217024,20240627,20240702
라면,라면,Balboa 코리안소스 프로틴 콘칩 김치라면 맛,과자,제조일로부터 12개월,,주식회사 오늘도,20190532129244,20240710,20251014
드레싱,드레싱,BALSAMIC 발사믹드레싱,소스,제조일부터 6개월 (냉장보관),,(주)동원홈푸드,20190442149510,20200923,20240305
드레싱,드레싱,BALSAMIC 발사믹드레싱,소스,제조일부터 6개월 (냉장보관),,(주)동원홈푸드,2002046107313606,20230320,20240306
드레싱,드레싱,BALSAMIC 발사믹드레싱,소스,제조일부터 6개월,,서울향료(주)진천공장,201804502621769,20240910,20241228
식초,식초,Balsamic Vinegar Flavor ES1 (발사믹식초향 ES1),향료,해당사항없음,해당사항없음,주식회사 세림향료,20080275062934,20191226,20220702
바나나,바나나,Banana Flavor ES1 (바나나향 ES1),향료,해당사항없음,해당사항없음,주식회사 세림향료,20080275062935,20191226,20220702
감자,감자,BAP CLUB 감자탕 볶음밥,즉석조리식품,제조일로부터 15개월,,아침 주식회사,20070461053192,20260420,20260421
계란,계란,BAP CLUB 계란게살맛 볶음밥,즉석조리식품,제조일로부터 15개월,,아침 주식회사,20070461053191,20260416,20260514
볶음밥,볶음밥,BAP CLUB 김치 볶음밥,즉석조리식품,제조일로부터 15개월,,아침 주식회사,20070461053193,20260420,20260421
볶음밥,볶음밥,BAP CLUB 김치볶음밥,즉석조리식품,제조일로부터 15개월,,아침 주식회사,20070461053168,20250729,20260117
볶음밥,볶음밥,BAP CLUB 야채볶음밥,즉석조리식품,제조일로부터 15개월,,아침 주식회사,20070461053169,20250729,20260117
볶음밥,볶음밥,BAP CLUB 잡채볶음밥,즉석조리식품,제조일로부터 15개월,,아침 주식회사,20070461053170,20250729,20260107
만두,만두,Basics군만두,만두,제조일로부터9개월,,(주)엄지식품,20010493358494,20101029,20240117
만두,만두,Basics물만두,만두,제조일로부터9개월,,(주)엄지식품,20010493358495,20101029,20240117
만두,만두,Basics손만두,만두,제조일로부터9개월,,(주)엄지식품,20010493358496,20101029,20240117
드레싱,드레싱,BASKK 바질타이드레싱,소스,"냉동보관,제조일로부터 12개월까지",,다솔푸드테크 주식회사,20110257153697,20220107,20250715
참깨,참깨,BASKK 참깨드레싱,소스,"냉장보관,제조일로부터 3개월까지",,다솔푸드테크 주식회사,20110257153689,20211230,20230511
블루베리,블루베리,BB 블루베리,과.채가공품,제조일로부터 24개월,-,(주)아람에프엔비,20150360073641,20241108,20241113
밀가루,밀가루,BBOM밀가루떡,떡류,제조일로부터 10개월,,주식회사 유림푸드,2013036468335,20251119,20260201
볶음밥,볶음밥,BBQ 갈릭라이스볶음밥,즉석조리식품,제조일로부터 12개월,,주식회사 엄지식품,20150493208788,20210520,20240117
오징어,오징어,BBQ 구이 오징어,조미건어포,제조일로부터 1년,제조일로부터 1년,흥진식품,2016014945428,20201223,20210121
볶음밥,볶음밥,BBQ 극한왕갈비맛볶음밥,즉석조리식품,제조일로부터 12개월,,주식회사 엄지식품,20150493208645,20200825,20240117
볶음밥,볶음밥,BBQ 극한왕갈비치킨 볶음밥,즉석조리식품,제조일로부터 12개월,,주식회사 엄지식품,20150493208870,20211118,20240117
볶음밥,볶음밥,BBQ 김치볶음밥,즉석조리식품,제조일로부터 12개월,,주식회사 엄지식품,20150493208207,20180220,20240117
닭가슴살,닭가슴살,BBQ 닭가슴살볶음밥,즉석조리식품,제조일로 부터 9개월 (-18℃이하 냉동보관),,오뚜기냉동식품 주식회사,20040355580157,20160901,20160907
고구마,고구마,BBQ 리얼고구마도넛,기타가공품,제조일로부터 9개월,,DK냉동식품(주),20020461222502,20240417,20240419
볶음밥,볶음밥,BBQ 마라핫볶음밥,즉석조리식품,제조일로부터 12개월,,주식회사 엄지식품,20150493208646,20200825,20240117
볶음밥,볶음밥,BBQ 매운극한왕갈비맛볶음밥,즉석조리식품,제조일로부터 12개월,,주식회사 엄지식품,20150493208774,20210412,20240117
잼,잼,BBQ 사과잼치즈볼(생지),빵류,제조일로부터 12개월,,(주)백두에프엠,2018016177231,20220807,20240913
잼,잼,BBQ 사과잼치즈볼(생지),빵류,제조일로부터 12개월,,(주)백두에프앤에스,2013016062980,20220807,20240913
새우,새우,BBQ 새우볶음밥,즉석조리식품,제조일로 부터 9개월 (-18℃이하 냉동보관),,오뚜기냉동식품 주식회사,20040355580156,20160901,20160907
샌드위치,샌드위치,BBQ 샌드위치,즉석섭취식품,제조일로부터 96시간,,(주)농업회사법인 엘푸드 서울CK2,20170084668117,20240604,20240806
스낵,스낵,BBQ 스낵,과자,제조일로부터 10개월,,(주)푸드킹,2020055911638,20230605,20260327
오징어,오징어,BBQ 오징어,조미건어포,제조일로부터 1년,,주식회사 숲푸드,2012038362961,20220613,20230610
오징어,오징어,BBQ 오징어,조미건어포,제조일로부터 12개월,,리프레쉬주식회사,2023052324716,20250901,20250904
오징어,오징어,BBQ 오징어튀김,기타 수산물가공품,9개월 까지,해당없음.,주식회사 해오름식품,2023086838210,20240130,20240227
조개,조개,BBQ 조개구이세트,간편조리세트,제조일로부터 5일까지,해당없음,해담영어조합법인,20200604664231,20260513,20260515
샌드위치,샌드위치,BBQ 코울슬로 먹물 쌀빵 샌드위치,즉석섭취식품,96시간(4일),,파티센타 남양주 CK,20160333356383,20260511,20260515
쌈장,쌈장,BBQ Ssamjang Sauce S(비비큐쌈장소스S),소스,제조일부터   9 개월,,서울향료(주)진천공장,201804502621924,20250514,20250516
감자,감자,BBQ감자어묵,어묵,제조일로부터 60일까지,,(주)늘푸른바다,19960144406584,20190517,20190518
고구마,고구마,BBQ고구마치즈볼,빵류,제조일로부터 9개월까지 (냉동),,주식회사삼립,199503380158298,20200722,20220616
돈까스,돈까스,BBQ돈까스소스,소스,제조일로부터06월,,(주)세인식품,19970449002431,20070323,20160706
샌드위치,샌드위치,BBQ밸런스치킨샌드위치,즉석섭취식품,제조시간으로부터 48시간 이내,,씨제이푸드빌주식회사,199704451443946,20211211,20250705
베이컨,베이컨,BBQ베이컨어묵,어묵,제조일로부터 60일까지,,(주)늘푸른바다,19960144406585,20190517,20190518
새우,새우,BBQ새우어묵,어묵,제조일로부터 60일까지,,(주)늘푸른바다,19960144406586,20190517,20190518
새우,새우,BBQ새우패티,기타 수산물가공품,제조일로부터 9개월까지,,우일수산(주),1994047102963,20021014,20161014
오징어,오징어,BBQ오징어스틱,조미건어포,제조일로부터 12개월까지,,주식회사 모드니,2021041313126,20240424,20260516
오징어,오징어,BBQ오징어스틱,조미건어포,제조일로부터 12개월까지,,주식회사 모드니,2021041313119,20230502,20230610
햄,햄,BBQ햄샐러드,신선편의식품,제조일로 부터 5일,,주식회사 비브라이트,2022004127536,20251025,20251028
복숭아,복숭아,BCAA 몬스터 ZERO 복숭아,기타가공품,제조일로부터 2년,제조일로부터 2년,뉴빅,2021048532375,20250909,20250912
복숭아,복숭아,BCAA+G 복숭아맛,기타가공품,24개월,24개월,(주)프로게이너,2017033325255,20231208,20250502
포도,포도,BCAA+G 청포도맛,기타가공품,24개월,,(주)프로게이너,2017033325223,20180816,20250502
복숭아,복숭아,BCAA몬스터 복숭아맛,기타가공품,제조일로부터 2년,,뉴빅,2021048532349,20240424,20240504
복숭아,복숭아,BCAA몬스터 복숭아맛,기타가공품,제조일로부터 2년,제조일로부터 2년,뉴트리이펙트,2017048159050,20201028,20240117
오렌지,오렌지,BCAA몬스터 오렌지맛,기타가공품,제조일로부터 2년,,뉴트리이펙트,2017048159033,20200616,20240117
포도,포도,BCAA몬스터 포도맛,기타가공품,제조일로부터 2년,,뉴빅,2021048532347,20240424,20240504
포도,포도,BCAA몬스터 ZERO 포도,기타가공품,제조일로부터 2년,제조일로부터 2년,뉴빅,2021048532373,20250723,20250730
포도,포도,BCAA파워 포도맛,기타가공품,24개월,,H&D,2023052828245,20240205,20240207
콩나물,콩나물,BCK콩나물분말,기타가공품,제조일로부터2년,제조일로부터 2년,발효식품연구소 풍경,2019050201261,20211221,20240117
마요네즈,마요네즈,be chef. 골드마요네즈,마요네즈,제조일부터 8개월 (실온보관),,(주)동원홈푸드,200204610736554,20140926,20240322
굴소스,굴소스,be chef. 굴소스,소스,제조일부터 9개월 (냉장보관),,(주)동원홈푸드,201904421491537,20230607,20240323
굴소스,굴소스,be chef. 굴소스,소스,제조일부터 9개월 (냉장보관),,(주)동원홈푸드,2002046107313839,20230602,20240322
닭고기,닭고기,be chef. 닭고기베이스,소스,제조일부터 9개월 (냉장보관),,(주)동원홈푸드,200204610738631,20170321,20240322
도토리묵,도토리묵,be chef. 도토리묵,묵류,제조일로부터 15일까지,,주식회사 농민식품,20050471091121,20180706,20230704
돼지고기,돼지고기,be chef. 돼지고기김치찌개,즉석조리식품,제조일부터 10개월 (냉동보관),,(주)동원홈푸드,201904421491675,20230915,20250111
돼지고기,돼지고기,be chef. 돼지고기장조림,즉석조리식품,제조일부터 10개월 (냉동보관),,(주)동원홈푸드,201904421491676,20231005,20231006
튀김가루,튀김가루,be chef. 마일드치킨튀김가루,기타가공품,제조일로부터 12개월(실온보관 : 1 ~ 35℃),,(주)동원홈푸드,200204610732992,20090511,20230819
모짜렐라,모짜렐라,be chef. 모짜렐라눈꽃치즈믹스,기타가공품,제조일로부터 12개월까지,없음,주식회사조흥,199703111002337,20250718,20250723
볶음참깨,볶음참깨,be chef. 볶음참깨,기타 농산가공품,제조일로부터 12개월까지,,(주)참고을 지평선공장,2020049710349,20230414,20240117
부침가루,부침가루,be chef. 부침가루,곡류가공품,제조일부터 12개월 (실온보관),,(주)동원홈푸드,2002046107313823,20230602,20230604
순두부,순두부,be chef. 순두부찌개소스,소스,제조일부터 6개월 (냉장보관),,(주)동원홈푸드,201904421491969,20240318,20240320
순두부,순두부,be chef. 순두부찌개소스,소스,제조일부터 6개월 (냉장보관),,(주)동원홈푸드,2002046107314517,20240318,20240321
스테이크소스,스테이크소스,be chef. 스테이크소스,소스,제조일부터 6개월 (냉장보관),,(주)동원홈푸드,2002046107313194,20220923,20230417
쌈장,쌈장,be chef. 양념쌈장,혼합장,제조일로부터 18개월까지,,(주)참고을 제2공장,20030493175266,20241127,20260507
키위,키위,be chef. 저당 키위드레싱,소스,제조일부터 9개월 (실온보관),,(주)동원홈푸드,201904421492899,20250929,20251001
키위,키위,be chef. 저당 키위드레싱,소스,제조일부터 9개월 (실온보관),,(주)동원홈푸드,2002046107316297,20250929,20251129
참기름,참기름,be chef. 참기름,참기름,제조일로부터 24개월까지,,(주)참고을,20020493314128,20230414,20240117
참기름,참기름,be chef. 참기름,참기름,제조일로부터 24개월까지,,(주)참고을 지평선공장,2020049710364,20240110,20240117
튀김가루,튀김가루,be chef. 치킨튀김가루-M,기타가공품,제조일부터 12개월 (실온보관),,(주)동원홈푸드,200204610739685,20190130,20250928
키위,키위,be chef. 키위드레싱,소스,제조일부터 9개월 (냉장보관),,(주)동원홈푸드,201904421491535,20230602,20230607
키위,키위,be chef. 키위드레싱,소스,제조일부터 9개월 (냉장보관),,(주)동원홈푸드,2002046107313837,20230602,20230604
들기름,들기름,be chef. 통들깨 들기름,들기름,제조일로부터12개월,,(주)참고을,20020493314129,20230414,20260507
튀김가루,튀김가루,be chef. 튀김가루,곡류가공품,제조일부터 12개월 (실온보관),,(주)동원홈푸드,2002046107313822,20230602,20250520
베이컨,베이컨,BEE어니언베이컨소스,소스,제조일로부터 6개월,,마스터아이디,2020018966615,20220603,20240206
토마토,토마토,BEE토마토소스,소스,제조일부터 12 개월,제조일로부터 냉동 12개월,마스터아이디,2020018966616,20220603,20231007
샌드위치,샌드위치,BELT 랩 샌드위치,즉석섭취식품,제조일로부터 6일 (144시간),,주식회사 에프엠프렌즈,2024029123422,20260318,20260328
샌드위치,샌드위치,BELT 샌드위치,즉석섭취식품,제조일로부터 4일,,(주)채다원,20220249153134,20251209,20251210
샌드위치,샌드위치,BELT 샌드위치,즉석섭취식품,제조시간으로부터 64시간까지(냉장),,(주)샌드팜,20080338223755,20220118,20241016
샌드위치,샌드위치,BELT 샌드위치,즉석섭취식품,64시간,,에스피엘주식회사,200403064182758,20230227,20250320
샌드위치,샌드위치,BELT 샌드위치,즉석섭취식품,제조시간으로부터 64시간까지(냉장),,주식회사 샌드팜 영남공장,20090188032625,20220118,20240807
샌드위치,샌드위치,BELT 샌드위치,즉석섭취식품,제조일로부터 5일,,농업회사법인 주식회사 그린케이팜,20240694222201,20250909,20260514
샌드위치,샌드위치,BELT 클럽 샌드위치,즉석섭취식품,제조일로부터 5일,,농업회사법인(주) 담푸른,20160338669155,20230727,20250812
샌드위치,샌드위치,BELT 홍국쌀빵 샌드위치,즉석섭취식품,96시간(4일),,파티센타 남양주 CK,20160333356380,20260511,20260515
그래놀라,그래놀라,BELT샌드&단호박그래놀라샐러드,즉석섭취식품,96시간(4일),,파티센타 동탄농협 CK,2025056315034,20260520,20260523
샌드위치,샌드위치,BELT샌드위치,즉석섭취식품,제조일로부터 72시간,,주식회사 에프엠프렌즈,20240291234100,20240206,20240208
샌드위치,샌드위치,BELT샌드위치,즉석섭취식품,제조시간으로부터 52시간,,롯데평택CK 주식회사,199503062742038,20240909,20241228
샌드위치,샌드위치,BELT샌드위치,즉석섭취식품,제조시간으로부터 52시간,,롯데부산CK 주식회사,200206143692879,20240911,20250121
물엿,물엿,Best one 물엿,물엿,제조일로부터 24개월,,청정식품,202505952112,20260226,20260227
우엉,우엉,Better Tea  슬리밍 호박우엉메밀차,침출차,제조일로부터24개월,,주식회사 아침엔글로벌,20220504019170,20250207,20250212
순두부,순두부,BF 순두부전골소스,소스,제조일로부터 12개월,,주식회사 블루푸드랩,2024039014020,20260108,20260530
젓갈,젓갈,BF 젓갈무침양념장,소스,제조일로부터 12개월(냉동),,주식회사 블루푸드랩,202403901408,20250424,20260404
짜장,짜장,BFC짜장소스,소스,제조일로부터 12개월까지,,(주)신영에이치에스,200804351681058,20200519,20200521
토마토,토마토,BFK 치킨 토마토 로제 스파게티소스,즉석조리식품,제조일로부터 24개월,,주식회사 비에프케이,2015033216711,20151218,20240620
복숭아,복숭아,BG 복숭아아이스티,혼합음료,제조일로부터 18개월,,(주)바이오포트코리아,20000614238359,20200217,20260116
블루베리,블루베리,BG 블루베리에이드,혼합음료,제조일로부터 18개월,,(주)바이오포트코리아,20000614238468,20220113,20250717
수박,수박,BG 수박에이드,혼합음료,제조일로부터 18개월,,(주)바이오포트코리아,20000614238285,20170202,20231223
요구르트,요구르트,BG 요구르트에이드,혼합음료,제조일로부터 18개월,,(주)바이오포트코리아,20000614238488,20220307,20220311
블루베리,블루베리,BG 제로 블루베리에이드,혼합음료,제조일로부터 18개월,,(주)바이오포트코리아,20000614238689,20260310,20260523
포도,포도,BG 제로 청포도에이드,혼합음료,제조일로부터 18개월,,(주)바이오포트코리아,20000614238690,20260310,20260523
포도,포도,BG 청포도에이드,혼합음료,제조일로부터 18개월,,(주)바이오포트코리아,20000614238361,20200217,20250717
모짜렐라,모짜렐라,BG 체다를 머금은 모짜렐라치즈볼,빵류,제조일로부터 9개월,,주식회사미가,20100311099128,20210611,20260201
크림치즈,크림치즈,BG크림치즈폼,기타가공품,제조일부터 12개월 까지,,(주)호연,202306272774,20230816,20240515
샌드위치,샌드위치,BGF 샌드위치 통식빵,빵류,제조일로부터 15일(실온보관),,(주)샤니,197102750033651,20130329,20170608
샌드위치,샌드위치,BGF 샌드위치통식빵,빵류,제조일로부터 15일까지(실온),,주식회사삼립,199503380158150,20200504,20250524
핫도그,핫도그,BHC 뿌링핫도그,빵류,제조일로부터 12개월,,위버멘쉬코리아 주식회사,2016018113787,20190814,20260404
토마토,토마토,BHC토마토소스,소스,제조일로부터 4개월까지,,(주)세인식품,199704490021373,20210712,20210714
잼,잼,BHN 바이오 딸기잼,잼,제조일로부터 12개월,,주식회사 자미원,2009039810097,20230523,20230610
라면,라면,Bias 압구정 고추라면 분말스프,복합조미식품,제조일로부터 18개월까지,,주식회사 썬에프엘,200003440641128,20240925,20250419
라면,라면,BIAS압구정 고추라면,건면,제조일로부터 12개월,,(주)하림산업 함열식품 2공장,20200491534111,20250618,20250624
갈치,갈치,bibigo 갈치구이,기타 수산물가공품,제조일로부터 12개월,,씨제이 씨푸드 주식회사,19870275001587,20210719,20241026
고등어,고등어,bibigo 고등어구이,기타 수산물가공품,제조일로부터 12개월,,씨제이 씨푸드 주식회사,19870275001567,20210219,20240419
고등어,고등어,bibigo 고등어구이,기타 수산물가공품,제조일로부터 12개월,,참바다영어조합법인 멀티센터,20160500054288,20241206,20241211
돼지고기,돼지고기,bibigo 비비고 돼지고기김치찌개,즉석조리식품,제조일로부터 9개월까지,,주식회사미정,20010538182584,20240122,20260523
시래기,시래기,bibigo 비비고 사골시래기된장국,즉석조리식품,제조일로부터 9개월,,씨제이제일제당(주),20020464088720,20240201,20260418
미역,미역,bibigo 비비고 소고기듬뿍미역국,즉석조리식품,제조일로부터 12개월,,씨제이제일제당(주),20020464088724,20240119,20260418
미역,미역,bibigo 비비고 소고기듬뿍미역국,즉석조리식품,제조일로부터 12개월,,씨제이제일제당(주) 진천 BLOSSOM CAMPUS 3동,20190450208177,20260414,20260617
미역,미역,bibigo 비비고 소고기미역국,즉석조리식품,12개월,,씨제이제일제당(주),20020464088712,20240119,20260418
시래기,시래기,bibigo 비비고 시래기감자탕,즉석조리식품,제조일로부터 9개월,,씨제이제일제당(주),20020464088715,20240201,20260421
시래기,시래기,bibigo 비비고 시래기듬뿍된장국,즉석조리식품,제조일로부터 9개월,,씨제이제일제당(주),20020464088736,20250729,20260421
시래기,시래기,bibigo 비비고 시래기듬뿍장터국,즉석조리식품,제조일로부터 9개월,,씨제이제일제당(주),20020464088713,20240201,20250904
콩나물,콩나물,bibigo 비비고콩나물황태국,즉석조리식품,제조일로부터 9개월까지,,씨제이제일제당(주),199804430142094,20240118,20240120
고등어,고등어,bibigo 순살 고등어구이,기타 수산물가공품,제조일로부터 12개월,,씨제이 씨푸드 주식회사,19870275001585,20210719,20240419
고등어,고등어,bibigo 순살고등어구이,기타 수산물가공품,제조일로부터 12개월,,참바다영어조합법인 멀티센터,20160500054289,20241206,20241211
햄,햄,Bierham 시즈닝(비어햄시즈닝),복합조미식품,12개월  실온,,미텍코리아,1997044308482,20150907,20160706
만두,만두,BIG 물만두,만두,제조일로부터 12개월,,오뚜기냉동식품 주식회사,20040355580312,20190928,20250930
새우,새우,BIG 새우볶음밥,즉석조리식품,제조일로부터 12개월,,오뚜기냉동식품 주식회사,20040355580247,20190319,20231216
만두,만두,BIG 왕교자만두,만두,제조일로부터 12개월,,오뚜기냉동식품 주식회사,20040355580311,20190928,20251001
숙주,숙주,BIG 우삼겹 숙주볶음,간편조리세트,제조일로부터 7일,,(주)마이셰프,20230377067184,20230424,20241123
핫도그,핫도그,Big 통치즈 핫도그,빵류,제조일로부터 12개월,,주식회사키큰아이,20170549035135,20201230,20240517
고구마,고구마,BIG고구마피자,빵류,제조일로부터 10일,-,(주)디엔비,19980320030345,20180523,20211203
김밥,김밥,BIG떡갈비김밥,즉석섭취식품,제조시간으로부터 36시간,,나정식품,1994011534332,20190228,20230222
베이컨,베이컨,BIG베이컨포테이토치즈버거,즉석섭취식품,제조시간으로부터 96시간까지 (냉장),,(주)샌드팜,200803382231167,20260511,20260514
베이컨,베이컨,BIG베이컨포테이토치즈버거,즉석섭취식품,제조시간으로부터 96시간까지 (냉장),,주식회사 샌드팜 영남공장,200901880321005,20260424,20260425
닭가슴살,닭가슴살,BIG블랙페퍼 닭가슴살 샐러드,즉석섭취식품,제조일로부터 4일,,(주)하늘재,202305010897,20230117,20230126
김밥,김밥,BIG숯불김밥,즉석섭취식품,제조시간으로부터 36시간,,나정식품,1994011534333,20190228,20230222
핫도그,핫도그,BIG핫도그피자,빵류,제조일로부터 10일,-,(주)디엔비,19980320030344,20180523,20210710
오렌지,오렌지,BK 오렌지 파운드 케이크,빵류,냉동 6개월,,주식회사신세계푸드천안공장,200404490103884,20240325,20240328
초콜릿,초콜릿,BK 진한 초콜릿 파운드,빵류,냉동 3개월,,주식회사신세계푸드천안공장,200404490103808,20230321,20240523
계란,계란,bk)계란카스테라,빵류,제조일로부터 12개월까지 (냉동),,(주)샤니,197102750035239,20220630,20220706
마요네즈,마요네즈,BK마요네즈,마요네즈,제조일로부터 4개월까지,,(주)원일식품,200004430424066,20260123,20260212
잼,잼,BK명품호떡전용 잼믹스,당류가공품,12개월,제조일로부터 1년,(주)삼양사 아산공장,199404611513449,20250425,20250430
베이컨,베이컨,BK베이컨소스,소스,제조일로부터 6개월까지,,(주)원일식품,200004430422718,20170119,20170120
설탕,설탕,BK셰프 설탕믹스,기타가공품,12개월,,더안,2021038737367,20231211,20231214
잼,잼,BK쉐프호떡잼믹스,당류가공품,제조일로부터 1년,일반실온에서 제조일로부터 1년,(주)삼양사 아산공장,199404611511591,20230519,20230523
마늘,마늘,BK씨겨자마늘소스,소스,제조일로부터 6개월,,(주)조리쿡,20040355237232,20070411,20200711
요거트,요거트,BK파인요거트드레싱,소스,3월(냉장),,주식회사 동방푸드마스타,199104450773660,20111101,20230802
오렌지,오렌지,BL 콜드브루 오렌지,커피,제조일로부터 3개월,3개월,브루잉 랩(주),202405004802,20240911,20260527
짜장,짜장,BLACK BEAN PASTE(짜장),춘장,,18개월(상온),(주)강남식품,2015044507933,20150406,20160706
음료,음료,BLKWTR 분말음료,기타가공품,제조일로부터 24개월,,큐어드 주식회사,20160311198299,20260423,20260501
오렌지,오렌지,Blood Orange Flavor ES1 (블러드오렌지향 ES1),혼합제제,해당사항없음,해당사항없음,주식회사 세림향료,20080275062940,20191226,20200107
마늘,마늘,BLS 마늘소금,기타가공품,실온 12개월,,(주)진경식품,20080474073581,20221129,20221130
오이,오이,BLS 절인오이용소스,소스,냉장6개월까지,,(주)진경식품,20080474073577,20221123,20221124
참깨,참깨,BLS 참깨소스,소스,냉장6개월까지,,(주)진경식품,20080474073723,20240911,20240913
카레,카레,BLS 카레소스,소스,12개월까지,,(주)진경식품,20080474073775,20250523,20250603
샌드위치,샌드위치,BLT 바게트샌드위치,즉석섭취식품,제조일로부터 4일,,주식회사 온랩,2026053401839,20260422,20260505
샌드위치,샌드위치,BLT&에그포테이토샌드위치,즉석섭취식품,제조시간으로부터 72시간,,(주)우리델리카,20150443298390,20201126,20210122
샌드위치,샌드위치,BLT샌드위치,즉석섭취식품,제조일로부터 5일,,주식회사 너랑,20220479477108,20230209,20260123
샌드위치,샌드위치,BLT샌드위치,즉석섭취식품,제조시간으로부터 10시간,,그린웰주식회사,20040627714146,20190422,20260610
샌드위치,샌드위치,BLT샌드위치,즉석섭취식품,제조시간으로부터 86시간 까지,,삼성웰스토리 Central Kitchen 아산,2024070293278,20241121,20241123
샌드위치,샌드위치,BLTC 치아바타 샌드위치,즉석섭취식품,제조일로부터 5일,제조일로부터 5일까지,농업회사법인(주) 담푸른,20160338669125,20230330,20240116
샌드위치,샌드위치,BLTE 샌드위치,즉석섭취식품,제조일로부터 96시간,,(주)농업회사법인 엘푸드 서울CK2,2017008466842,20180610,20231031
잼,잼,Blue Garden-홍차를 담은 블루베리잼,잼,제조일로부터12개월이내,,주식회사 마노아컴퍼니(Manoah company),2023051656878,20250724,20260201
계란|모짜렐라,"계란,모짜렐라",BM 모짜렐라 계란빵,빵류,제조일로부터 12개월까지,,(주)대승푸드,2025056908512,20251209,20251216
파스타,파스타,BM 알리오올리오파스타소스,소스,제조일로부터 12개월,,(주)진성에프엠,199903641581582,20200515,20260201
계란,계란,BM 오리지날 계란빵,빵류,제조일로부터 12개월까지,,(주)대승푸드,2025056908511,20251209,20251216
계란,계란,BM 콘치즈 계란빵,빵류,제조일로부터 12개월까지,,(주)대승푸드,2025056908513,20251215,20251216
크림치즈,크림치즈,BNK갈릭크림치즈스콘,빵류,제조일로부터 6개월,,(주)유로베이크,20150347299687,20210209,20220304
초콜릿,초콜릿,BNK달달초콜릿케이크,빵류,냉동 6개월,,주식회사 뚜아모아,20070263506275,20231124,20240405
생크림,생크림,BNK대파생크림스콘,빵류,제조일로부터 9개월까지,,(주)에이비피홀딩스,20050275198490,20250812,20251127
핫도그,핫도그,BNK렐리쉬핫도그,빵류,제조일로부터 -18℃보관 9개월,,(주)다옴베이크,20090333124412,20260225,20260507
핫도그,핫도그,BNK부드러운핫도그번,빵류,제조일로부터 6개월까지,,(주)유로베이크,20150347299922,20230523,20230829
우유,우유,BNK오레오우유케익,빵류,냉동 6개월,,주식회사 뚜아모아,20070263506159,20180710,20240402
우유,우유,BNK우유롤그린티,빵류,냉동 6개월,해당없음.,주식회사 뚜아모아,20070263506178,20190809,20230112
우유,우유,BNK우유롤플레인,빵류,냉동6개월,,주식회사 뚜아모아,20070263506172,20190807,20250817
우유,우유,BNK우유크림카스테라,빵류,냉동 6개월,,주식회사 뚜아모아,20070263506109,20170915,20240405
당근,당근,BNK촉촉당근케이크,빵류,냉동 6개월,,주식회사 뚜아모아,20070263506231,20210323,20240405
핫도그,핫도그,BNK칠리치즈핫도그,빵류,제조일로부터 -18℃보관 9개월,,(주)다옴베이크,20090333124424,20260515,20260516
크림치즈,크림치즈,BNK크림치즈케익(16분할),빵류,제조일로부터 냉동보관(-18도이하) 9개월,,주식회사 마크로드제과,20060368135655,20250804,20250826
토마토,토마토,BNK토마토바질치아바타,빵류,180일,,주식회사 우드앤브릭,2020033541883,20250911,20250930
명란,명란,BNK프리미엄명란바게트,빵류,제조일로부터 -18℃보관 9개월,,(주)다옴베이크,20090333124385,20250422,20250423
우유,우유,BNK프리미엄순우유빵,빵류,제조일로부터 -18℃보관 9개월,,(주)다옴베이크,20090333124395,20250604,20250605
크림치즈,크림치즈,BNK피칸크림치즈바게트(냉동),빵류,제조일로부터 180일,180일,주식회사 우드앤브릭,2020033541886,20251212,20251217
햄,햄,BNK햄버거번,빵류,제조일로부터 6개월,,(주)유로베이크,20150347299980,20240205,20240215
짜장,짜장,BOBs 유니짜장,소스,제조일로부터 12개월(냉동),,만조원(주),2019029953557,20231213,20231220
설탕,설탕,bodylike 무설탕 서리태 콩물두유 말차,가공두유,제조일로부터 12개월,,주식회사 연두,20180491044290,20231016,20240117
감자,감자,BON인디언감자분말,기타가공품,제조일로부터 12개월까지,,지산농원식품,201506210837,20180424,20180501
돈까스,돈까스,BPR 돈까스소스,소스,제조일로부터 4개월,,주식회사 푸드에스엠,20230501071644,20250521,20250527
상추,상추,BQ150액상추출차,액상차,제조일로부터24개월,,(유)피엔비,2005049411433,20071112,20240117
복숭아,복숭아,BR 복숭아베이스,과.채가공품,제조일로부터 24개월,,(주)아람에프엔비,20150360073572,20230607,20230608
초콜릿,초콜릿,BR_피스톨용 화이트초콜릿,화이트초콜릿,제조일로부터 12개월까지,,주식회사 카카오파크,20130320566635,20250804,20250806
초콜릿,초콜릿,BR)다크초콜릿쿠키생지,빵류,제조일로부터 9개월까지(냉동),,주식회사삼립,199503380159150,20250826,20250829
초콜릿,초콜릿,BR)솔티드초콜릿칩쿠키생지,빵류,제조일로부터 9개월까지(냉동),,주식회사삼립,199503380159151,20250826,20250829
카레,카레,BR)엄마카레빵,빵류,제조일로부터 9개월(-18℃ 이하 보관),,서울식품공업(주),198504330151531,20150803,20180609
고구마,고구마,BR고구마치즈케익큐브,빵류,12개월,,에스피엘주식회사,200403064181266,20110826,20250910
스테이크소스,스테이크소스,BR스테이크소스,소스,제조일로부터 6개월 까지,,(주)코리아제니스,20090375188318,20180404,20191120
오징어,오징어,Brave 김치오징어전,기타가공품,제조일로부터 냉동 12개월까지,,(주)하늘푸드 제3공장,2024056209839,20240507,20260201
오징어,오징어,Brave 김치오징어전,기타가공품,제조일로부터 냉동 12개월까지,,(주)하늘푸드제2공장,20140364316126,20230208,20260201
오징어,오징어,Brave 김치오징어전,기타가공품,제조일로부터 냉동 12개월까지,,(주)하늘푸드 제1공장,2025056233261,20250827,20260201
오징어,오징어,Brave 오징어까스,기타 수산물가공품,제조일로부터 냉동 9개월까지,,(주)하늘푸드제2공장,20140364316129,20230209,20260201
돈까스,돈까스,Brave 치즈폭탄돈까스,식육함유가공품,제조일로부터 냉동 9개월까지,,(주)하늘푸드제2공장,20140364316313,20240105,20260201
새우,새우,Brave 통살새우까스,기타 수산물가공품,제조일로부터 냉동 9개월까지,,(주)하늘푸드제2공장,20140364316128,20230209,20260201
새우,새우,Brave 통살새우까스,기타 수산물가공품,제조일로부터 냉동 9개월까지,,(주)하늘푸드 제3공장,2024056209833,20240507,20260201
포도,포도,Brazil Vinhal 청포도,커피,제조일로부터 6개월,생략,가먼트커피로스팅,202205336407,20240820,20240823
멸치,멸치,BS 멸치육수,소스,제조일로부터 6개월 [냉장보관],,주식회사 유니푸드,200903720321248,20241111,20250610
양파,양파,BS 양파분말,과.채가공품,제조일로부터24개월,2년,(주)보삼바이오산업,2019052932835,20221201,20221215
토마토,토마토,BS_토마토소스,소스,6개월 / 냉장,,(주)시아스,200504150205059,20250630,20250701
순두부,순두부,BS-순두부찌개소스,소스,제조일로부터 6개월,,(주)케이에스에프,20120364498973,20251126,20260201
들깨,들깨,BS들깨볶음소스,소스,제조일로부터 6개월까지(냉장),,주식회사 다담푸드,20080199577884,20250227,20250301
새우,새우,BS비법 새우장,절임식품,제조일로부터 12개월,,영동씨푸드(주),20100333065699,20260414,20260415
연어,연어,BS비법 연어장,절임식품,제조일로부터 12개월,,영동씨푸드(주),20100333065700,20260414,20260415
양파,양파,BS양파소스,소스,제조일로부터 12개월,,(주)소울,201503472891304,20250409,20250415
참깨,참깨,BS참깨드레싱,소스,제조일로부터 6개월까지,,(주)시아스,200504150201289,20111006,20181006
크림치즈,크림치즈,BS크림치즈케익(냉동),빵류,제조일로부터 2개월(냉동),,(주)디저트필,2018034625876,20180518,20230523
토마토,토마토,BS토마토칠리소스,소스,제조일로부터 6개월(냉장보관),,(주)시아스,200504150201239,20110615,20181130
베이컨,베이컨,BSC) 베이컨에그토스트,빵류,제조일부터 실온보관(1~35℃) 7일까지,,(주)파리크라상인천CK,20070190439718,20181219,20251003
감자,감자,BSC)감자고로케,빵류,제조일(시)로부터  2 일,,(주)파리크라상인천CK,20070190439666,20170626,20251003
소시지,소시지,BSC)소시지소프트프랑스,빵류,제조일(시)로부터  2 일,,(주)파리크라상인천CK,20070190439789,20220331,20230420
시금치,시금치,BSC)시금치바질베이글,빵류,제조일(시)로부터  2 일,,(주)파리크라상인천CK,20070190439811,20221129,20240229
양파,양파,BSC)양파빵,빵류,제조일(시)로부터  2 일,,(주)파리크라상인천CK,20070190439841,20240605,20251003
소시지,소시지,BSC)왕소시지페스츄리,빵류,제조일(시)로부터  2 일,,(주)파리크라상인천CK,20070190439661,20170331,20240208
소시지,소시지,BSC)쫀득쫀득소시지베이글,빵류,제조일(시)로부터  2 일,,(주)파리크라상인천CK,20070190439824,20230119,20240328
감자,감자,BSC)치즈감자치아바타_파란라벨,빵류,제조일(시)로부터  2 일,,(주)파리크라상인천CK,20070190439865,20251014,20251016
소시지,소시지,BSC)치즈소시지브레드,빵류,제조일(시)로부터  2 일,,(주)파리크라상인천CK,20070190439835,20230904,20251003
크림치즈,크림치즈,BSC)크림치즈프레첼바이트,빵류,제조일(시)로부터  2 일,,(주)파리크라상인천CK,20070190439840,20240503,20240508
베이컨,베이컨,BSC)풍미가득 베이컨&치즈 크루아글,빵류,제조일(시)로부터  2 일,,(주)파리크라상인천CK,20070190439868,20260415,20260429
샌드위치,샌드위치,BSC)플랫페스츄리(샌드위치용),빵류,제조일(시)로부터  2 일,,(주)파리크라상인천CK,20070190439804,20220805,20251003
포도,포도,BSC)호두건포도깜빠뉴,빵류,제조일(시)로부터  2 일,,(주)파리크라상인천CK,20070190439856,20250512,20250513
감자,감자,BT)감자번,빵류,제조일로부터 6개월까지(냉동),,주식회사삼립,199503380158889,20240321,20240326
양파,양파,BT21 구운양파맛아몬드,땅콩 또는 견과류가공품,제조일로부터 18개월,,(주)지웰,20170439048529,20240821,20240827
사탕,사탕,BT21 딸기 솜사탕,캔디류,제조일로부터 18개월,제조일로부터 18개월,주)앙팡드봉봉,2019011513638,20260406,20260408
사탕,사탕,BT21 말차 솜사탕,캔디류,제조일로부터 18개월,제조일로부터 18개월,주)앙팡드봉봉,2019011513636,20260406,20260407
사탕,사탕,BT21 코코넛 솜사탕,캔디류,제조일로부터 18개월,제조일로부터 18개월,주)앙팡드봉봉,2019011513637,20260406,20260408
초콜릿,초콜릿,BT21 프리미엄 초콜릿,초콜릿,1년,,(주)피케이글로벌,20100205728103,20251110,20251115
새우,새우,BT새우젓용양념장,소스,제조일로부터 6개월까지(냉장),,주식회사 다담푸드,20080199577744,20230828,20241011
샌드위치,샌드위치,BT샐러드샌드위치빵F,빵류,제조일로부터 180일,,몽상클레르 코리아,20140036600401,20210802,20250520
오렌지,오렌지,BUBSSA 오렌지주스,과.채주스,제조일로부터 45일까지,,(주)우양 청송공장,20130564001109,20230119,20230823
김밥,김밥,BULGOGI KIMBAB 불고기 김밥,즉석조리식품,냉동 18개월,,(주)이에스그린푸드,20170443338613,20231229,20240627
식초,식초,Bulk 공용 석류 식초,발효식초,제조일로부터 2년,,대상(주)오산공장,19930336060337,20220719,20220723
식초,식초,Bulk 공용 풋사과 식초,발효식초,제조일로부터 2년,,대상(주)오산공장,19930336060338,20220719,20220723
토마토,토마토,BURGERRY 토마토케찹,토마토케첩,실온 12개월,,주식회사 오뚜기,197202880024902,20260317,20260319
짜장,짜장,BUZZA짜장떡볶이분말,복합조미식품,제조일로부터 12개월,,태원식품산업(주),1985031100115560,20250317,20250319
새우젓,새우젓,by. 유현수 일품 새우젓,젓갈,제조일로부터 24개월,,주식회사궁중,2001049808744,20230802,20240117
청경채,청경채,C 100g-B(대파링/배추사각/청경채),과.채가공품,제조일로부터 10일,,(주)채다원,20220249153227,20240930,20241008
양파,양파,C 100g-D(양파채/대파링),과.채가공품,제조일로부터 10일,,(주)채다원,20220249153233,20240930,20241008
청경채,청경채,C 100g-F(양파채/청경채/마늘),과.채가공품,제조일로부터 10일(냉장),,(주)채다원,20220249153222,20240930,20241024
청경채,청경채,C 110g-J(청경채/마늘),과.채가공품,제조일로부터 10일,,(주)채다원,20220249153224,20240930,20241008
양파,양파,C 111g-B(양파채/청피망컷/홍파프컷),과.채가공품,제조일로부터 10일,,(주)채다원,20220249153223,20240930,20241008
양파,양파,C 116g-A(양파채/당근채/청피망컷),과.채가공품,제조일로부터 10일,,(주)채다원,20220249153210,20241002,20241024
양파,양파,C 120G(양파채/대파링),과.채가공품,제조일로부터 10일(냉장),,(주)채다원,20220249153241,20241028,20241029
당근,당근,C 130g-B(당근채/청피망컷/홍파프컷),과.채가공품,제조일로부터 10일,,(주)채다원,20220249153211,20240930,20241024
당근,당근,C 130g-D(당근채/청피망컷/홍파프컷),과.채가공품,제조일로부터 10일,,(주)채다원,20220249153214,20240930,20241005
양파,양파,C 130g-E(양파사각/청피망컷/홍파프컷/마늘),과.채가공품,제조일로부터 10일(냉장),,(주)채다원,20220249153217,20240930,20241024
양파,양파,C 135G-C(양파채/대파/당근채/마늘/홍청양),과.채가공품,제조일로부터 10일(냉장),,(주)채다원,20220249153219,20240930,20241024
양파,양파,C 140g-C(양파채/대파링/주키니반달/표고상채),과.채가공품,제조일로부터 10일(냉장),,(주)채다원,20220249153221,20240930,20241024
양파,양파,C 160g-B(양파채/대파채),과.채가공품,제조일로부터 10일(냉장),,(주)채다원,20220249153206,20240930,20241003
양파,양파,C 160g-D(양파채/청피망컷/홍파프컷/청양),과.채가공품,제조일로부터 10일,,(주)채다원,20220249153213,20240930,20241003
청양고추,청양고추,C 160g-H(주키니반달70/대파링50/청양고추링10/양파큐브30),과.채가공품,제조일로부터 10일(냉장),,(주)채다원,20220249153244,20251022,20251024
양파,양파,C 203g(양파링/마늘/방울/브로),과.채가공품,제조일로부터 10일,,(주)채다원,20220249153220,20240930,20241005
청경채,청경채,C 210g-B(배추1/4컷/청경채),과.채가공품,제조일로부터 10일,,(주)채다원,20220249153203,20240930,20241003
양파,양파,C 210g-E(당근채/양파채/청피망컷/표고상채/홍파프컷),과.채가공품,제조일로부터 10일(냉장),,(주)채다원,20220249153240,20240930,20241024
양파,양파,C 225g-C(양파사각/홍파프리카/브로콜리/마늘),과.채가공품,제조일로부터 10일,,(주)채다원,20220249153218,20240930,20241005
양파,양파,C 235g-B(양파채/대파채/당근채/표고상/홍청양),과.채가공품,제조일로부터 10일(냉장),,(주)채다원,20220249153216,20240930,20241024
청경채,청경채,C 235g(배추1/4컷/청경채/표고상),과.채가공품,제조일로부터 10일(냉장),,(주)채다원,20220249153242,20241028,20241029
양파,양파,C 260-A-1(양파채/대파링/당근채),과.채가공품,제조일로부터 10일,,(주)채다원,20220249153215,20240930,20241005
양파,양파,C 260g-A(양파채/대파링/당근채),과.채가공품,제조일로부터 10일,,(주)채다원,20220249153212,20240930,20241003
대파,대파,C 260g-B (대파링/무사각),과.채가공품,제조일로부터 10일,,(주)채다원,20220249153209,20240930,20241003
양파,양파,C 298g-C(양파/당근/황파프/방울/새싹/적채),과.채가공품,제조일로부터 10일,,(주)채다원,20220249153225,20240930,20241024
양파,양파,C 298g-D(당근/방울/양파/적채/노랑파프리카),과.채가공품,제조일로부터 10일,,(주)채다원,20220249153243,20250408,20250419
청경채,청경채,C 310g(배추1/2컷/청경채),과.채가공품,제조일로부터 10일,,(주)채다원,20220249153204,20240930,20241003
청경채,청경채,C 60g-B(대파링/청경채),과.채가공품,제조일로부터 10일(냉장),,(주)채다원,20220249153207,20240930,20241003
양파|청양고추,"양파,청양고추",C 70g-B(양파채/대파링/청양고추),과.채가공품,제조일로부터 10일,,(주)채다원,20220249153235,20240930,20241008
양파,양파,C 85g-A(양파채/대파링),과.채가공품,제조일로부터 10일,,(주)채다원,20220249153231,20240930,20241008
양파,양파,C 85g-B(양파채/표고),과.채가공품,제조일로부터 10일,,(주)채다원,20220249153208,20240930,20241003
청경채,청경채,C 95g-C(배추사각/청경채/표고상),과.채가공품,제조일로부터 10일,,(주)채다원,20220249153226,20240930,20241008
콩나물,콩나물,C 곱슬콩나물,과.채가공품,제조일로부터 14일(냉장),,(주)채다원,20220249153202,20240930,20241003
콩나물,콩나물,C 곱슬콩나물 50g,과.채가공품,제조일로부터 14일,,주식회사 기호식품,2023037716638,20250916,20260613
깻잎,깻잎,C 깻잎,과.채가공품,제조일로부터 14일(냉장),,(주)채다원,20220249153201,20240930,20241003
배추,배추,C 배추1/2컷 280G,과.채가공품,제조일로부터 10일,,(주)채다원,20220249153205,20240930,20241003
버섯,버섯,C 새송이버섯,과.채가공품,제조일로부터 10일,,(주)채다원,20220249153228,20240930,20241008
배추,배추,C 전처리양배추,과.채가공품,제조일로부터 10일,,(주)채다원,20220249153239,20240930,20241008
양파,양파,C 전처리양파,과.채가공품,제조일로부터 10일,,(주)채다원,20220249153238,20240930,20241008
버섯,버섯,C 팽이버섯,과.채가공품,제조일로부터 10일,,(주)채다원,20220249153237,20240930,20241008
버섯,버섯,C 표고버섯,과.채가공품,제조일로부터 10일,,(주)채다원,20220249153230,20240930,20241008
감자,감자,C 피감자,과.채가공품,제조일로부터 10일,,(주)채다원,20220249153232,20240930,20241008
당면,당면,C-6 당면불고기도시락,즉석섭취식품,상온에서 8시간,,(주)해림푸드시스템,2013014152431,20180625,20250708
새우,새우,C-COOK 새우구이,기타 수산물가공품,12개월,,계도마을6차산업화추진위원회,202006047066,20210824,20210826
핫도그,핫도그,C&S 빅 핫도그,빵류,제조일로부터 12개월까지,,(주)씨엔에스푸드시스템,20030435223341,20250814,20250819
핫도그,핫도그,C&S 핫도그E,빵류,제조일로부터 12개월,,(주)씨엔에스푸드시스템,20030435223115,20110808,20210109
핫도그,핫도그,C&S핫도그,빵류,제조일로부터 12개월,,(주)씨엔에스푸드시스템,20030435223261,20191105,20210109
갈치,갈치,C갈치구이 솔솥용,기타 수산물가공품,제조일로부터 24개월까지,,(주)세림수산,20170144261162,20260313,20260319
전복,전복,C솔솥용 전복간장용소스,소스,제조일로부터 9개월까지,,엠지푸드솔루션 주식회사,200100535803082,20260324,20260605
오렌지,오렌지,C오렌지향탄산음료,탄산음료,제조일로부터 24개월,,(주)상일,19920624042680,20160128,20160706
양배추,양배추,cabbage 양배추 99,음료베이스,제조일로부터 2년,,주식회사 지니바이오,2025020310835,20260113,20260115
오렌지,오렌지,CACHI 오렌지자몽베이스,소스,제조일로부터6개월,,(주)소울,201503472891320,20250507,20250513
귤,귤,CAFE FRUIT 100%제주감귤착즙,과.채가공품,제조일로부터 3년,,오라향농업회사법인주식회사,2017062865988,20240422,20240504
귤,귤,CAFE FRUIT 100%제주풋귤착즙,과.채가공품,제조일로부터 3년,,오라향농업회사법인주식회사,2017062865995,20250108,20250205
잼,잼,CAFE FRUIT 과육이 살아있는 망고잼,잼,제조일로부터 2년,,농업회사법인주식회사블루힐,2019061500544,20251030,20251101
잼,잼,CAFE FRUIT 과육이 살아있는 멜론잼,잼,제조일로부터 2년,,농업회사법인주식회사블루힐,2019061500545,20251030,20251101
귤,귤,CAFE FRUIT 과육이 살아있는 제주감귤청,과.채가공품,제조일로부터 3년,,오라향농업회사법인주식회사,2017062865989,20240422,20240504
크림치즈,크림치즈,Cafe fruit 대파크림치즈 SH,당류가공품,4개월,,주식회사 산지,20170433005388,20231114,20231115
크림치즈,크림치즈,CAFÉ FRUIT 망고 크림치즈 샌드위치,빵류,제조일로부터 12개월,,주식회사 그린베이크,20200349722163,20260424,20260428
잼,잼,Cafe Fruit 밤잼,잼,제조일로부터 2년,,농업회사법인주식회사블루힐,2019061500540,20231116,20231117
햄,햄,CAFÉ FRUIT 햄치즈 샌드위치,빵류,제조일로부터 12개월,,주식회사 그린베이크,20200349722169,20260507,20260508
햄,햄,CAFE MAMAS 햄&치즈샌드위치,즉석섭취식품,제조일로부터 72시간,,(주)현대그린푸드 스마트푸드센터,201902803272424,20220414,20240716
닭가슴살,닭가슴살,Caloriefighter의 닭가슴살시즈닝,기타가공품,제조일로부터 24개월까지,,(주)휴먼나이즈,20130347076166,20211014,20211030
참치,참치,Captain Kim 동원참치(수출용),기타 수산물가공품,제조일로부터 7년,,(주)동원F&B,19880589063206,20140623,20210630
당근,당근,Carrot Flavor ES1 (당근향 ES1),향료,해당사항없음,해당사항없음,주식회사 세림향료,20080275062948,20191226,20220702
전복,전복,CAS 급속동결 순살전복,기타 수산물가공품,제조일로부터 24개월까지,생략,주식회사 다복,202005271322,20201016,20220412
전복,전복,CAS 급속동결 자숙 꼬마전복살,기타 수산물가공품,제조일로부터 24개월까지,생략,주식회사 다복,2020052713226,20251013,20251014
새우,새우,CAS급냉새우,기타 수산물가공품,12개월,,청정남해 주식회사,2019061310010,20220408,20230513
전복,전복,CAS급속동결 버터구이용 순살전복,기타 수산물가공품,제조일로부터 12개월까지,생략,주식회사 다복,2020052713214,20210415,20210727
전복,전복,CAS로 급냉한 순살 전복과 내장,기타 수산물가공품,제조일로부터 24개월까지,생략,주식회사 다복,2020052713222,20231110,20231114
키위,키위,CB 키위소스,소스,제조일로부터 10개월,,비에이치푸드케어(주),200103723433677,20250702,20250704
감자,감자,CB돼지감자발효분말,기타가공품,제조일로부터 2년,-,(주)오케이바이오랜드,2020014452458,20250801,20251107
오렌지,오렌지,CCL-오렌지,혼합제제,해당없음,,서도비엔아이(주),19720364006399,20210714,20260201
잼,잼,CCOT팥잼,기타잼,제조일로부터 3개월,,담꽃 팩토리,20120091180194,20211112,20260521
소시지,소시지,CF어육소시지,어육소시지,제조일로부터 40일,,한성기업(주),19840607028195,20190416,20260522
카레,카레,CF카레,소스,1년까지,,씨에프(CF),20030149050161,20120216,20221006
고구마,고구마,CGV 고구마 팝콘,과자,제조 후 12개월,,(주)제이앤이 아산공장,20100461303680,20240307,20240312
초콜릿,초콜릿,CGV 더티 초콜릿 팝콘 (2kg),준초콜릿,제조 후 12개월,,(주)제이앤이 아산공장,20100461303451,20201021,20210114
초콜릿,초콜릿,CGV 시그니처 초콜릿 팝콘,준초콜릿,제조 후 12개월,,(주)제이앤이 아산공장,20100461303470,20210120,20221213
양파,양파,CGV 양파사워크림팝콘,과자,제조 후 12개월,,(주)제이앤이 아산공장,20100461303714,20240322,20240323
요거트,요거트,CGV 요아정 요거트시즈닝,기타가공품,제조일로부터 12개월까지,,(주)성보 대소공장,20160445053641,20250829,20250902
고구마,고구마,CGV 춘식이 고구마 팝콘,과자,제조 후 12개월,,(주)제이앤이 아산공장,20100461303663,20230904,20230905
양파,양파,CGV 쿵야 양파사워크림팝콘,과자,제조 후 12개월,,(주)제이앤이 아산공장,20100461303701,20240306,20240322
토마토,토마토,CH 토마토 피자소스,소스,12개월,,푸드앤씨,20150364426264,20220602,20260201
부추,부추,CHAI797 부추하가우,만두,제조일로부터 12개월,,주식회사 푸드웨어,20030493186547,20230816,20240615
만두,만두,CHAI797 육즙가득 홍콩식 군만두,기타가공품,제조일로부터 12개월까지,,(주)네이처앤컬처,20020347127211,20250813,20250826
짜장,짜장,CHAI797 주꾸미 쟁반 짜장면,즉석조리식품,12개월,,선한에프에스,20200385149129,20250429,20260201
쌈장,쌈장,CHAU양념쌈장,혼합장,18개월,,오복F&C,2016014449042,20251030,20251105
수박,수박,cheeik 수박에이드,혼합음료,제조일로부터 18개월,,(주)바이오포트코리아,20000614238705,20260417,20260418
버섯,버섯,Chef 능이버섯육수용농축액,소스,제조일로부터6개월까지,,(주)대유푸드,200904150481410,20260112,20260114
돈까스,돈까스,Chef 돈까스소스,소스,제조일로부터 6개월까지,,(주)대유푸드,200904150481405,20260109,20260113
버섯,버섯,Chef 버섯육수베이스,소스,제조일로부터6개월까지,,(주)대유푸드,200904150481431,20260223,20260225
생선,생선,Chef 생선조림소스,소스,제조일로부터 9개월까지,,(주)대유푸드,200904150481279,20250814,20250815
양파,양파,Chef 양파간장소스,소스,제조일로부터 9개월까지,,(주)대유푸드,200904150481277,20250813,20250815
연어,연어,Chef 연어마요소스,소스,제조일로부터 3개월까지,,(주)대유푸드,200904150481484,20260610,20260611
참깨,참깨,Chef Zone 볶음참깨,기타 농산가공품,1년,생략,농업회사법인 대신푸드밸리(주),202003790541,20200626,20200723
계란,계란,Chefood 간장계란 삼각김밥,즉석조리식품,제조일로부터 12개월,,롯데평택CK 주식회사,199503062742284,20260507,20260508
계란,계란,Chefood 계란볶음밥 삼각김밥,즉석조리식품,제조일로부터 12개월,,롯데평택CK 주식회사,199503062742285,20260507,20260508
참치,참치,Chefood 고추참치 삼각김밥,즉석조리식품,제조일로부터 12개월,,롯데평택CK 주식회사,199503062742053,20241120,20250116
멸치,멸치,Chefood 구운 씨앗멸치 주먹밥,즉석조리식품,제조일로부터 12개월,,(주)엄지식품,20210504123329,20250113,20250117
참치,참치,Chefood 김치참치 삼각김밥,즉석조리식품,제조일로부터 12개월,,롯데평택CK 주식회사,199503062742286,20260507,20260508
낙지,낙지,Chefood 매콤쫄깃 낙지볶음밥,즉석조리식품,제조일로부터 12개월,,주식회사 엄지식품,20150493208944,20220516,20240117
모짜렐라,모짜렐라,Chefood 모짜렐라 치즈 핫도그,빵류,제조일로부터 12개월까지,,주식회사 시즈너FS,2001044400218,20240327,20240328
소고기,소고기,Chefood 소고기무국,즉석조리식품,제조일로부터 12개월,,(주)교동식품,19970440082331,20190208,20210924
소고기,소고기,Chefood 소고기미역국,즉석조리식품,제조일로부터 12개월,,(주)교동식품,19970440082333,20190213,20210924
햄,햄,Chefood 의성마늘햄 부대찌개,즉석조리식품,제조일로부터 12개월,,(주)교동식품,19970440082345,20190626,20210806
김밥,김밥,Chefood 전주비빔 삼각김밥,즉석조리식품,제조일로부터 12개월,,롯데평택CK 주식회사,199503062742065,20241121,20260528
참치,참치,Chefood 참치마요 삼각김밥,즉석조리식품,제조일로부터 12개월,,롯데평택CK 주식회사,199503062742052,20241120,20260528
모짜렐라,모짜렐라,Chefood 크리스피 모짜렐라 치즈 핫도그,빵류,제조일로부터 12개월까지,,주식회사 시즈너FS,2001044400220,20240327,20240328
햄,햄,Chefood 햄듬뿍 부대찌개,즉석조리식품,제조일로부터 12개월,,(주)교동식품,19970440082369,20210805,20210806
미역,미역,Chefood 황태미역국,즉석조리식품,제조일로부터 12개월,,(주)교동식품,19970440082367,20210824,20210826
닭가슴살,닭가슴살,Chicken Breast Cube & Pulled Pork Rice 닭가슴살큐브와 폴드포크밥,즉석조리식품,냉동 18개월,,(주)이에스그린푸드,20170443338670,20240403,20240830
토마토,토마토,CHICKENPLUS토마토마요소스,소스,제조일로부터 6개월까지,없음,주식회사조흥,199703111001629,20220923,20231216
베이컨,베이컨,Chip의 황금 해시브라운 베이컨 볶음밥,즉석조리식품,제조일로부터 12개월,,주식회사 엄지식품,20150493208856,20211012,20240117
초콜릿,초콜릿,CHO 초콜릿,밀크초콜릿,12개월  상온,제조일로부터 12개월,(주)삼광식품,19730443003504,20141007,20180804
식초,식초,Cho's 19곡물식초,발효식초,,제조일로부터 25년,효천발효식품연구소,201505201235,20151211,20160706
식초,식초,Cho's 검은약콩메주식초,발효식초,,제조일로부터 25년,효천발효식품연구소,201505201231,20151211,20160706
식초,식초,Cho's 검은약콩발효식초,발효식초,,제조일로부터 25년,효천발효식품연구소,201505201233,20151211,20160706
양파,양파,Cho's 양파식초,발효식초,,제조일로부터 25년,효천발효식품연구소,201505201232,20151211,20160706
식초,식초,Cho's 흑미식초,발효식초,,제조일로부터 25년,효천발효식품연구소,201505201234,20151211,20160706
식초,식초,cho｀s 19곡물식초,발효식초,25년,25년,코리아바이오텍,2000021441231,20150615,20160706
식초,식초,cho｀s 약콩메주식초,발효식초,25년,25년,코리아바이오텍,2000021441235,20150615,20160706
식초,식초,cho｀s 양파발효식초,발효식초,25년,25년,코리아바이오텍,2000021441233,20150615,20160706
식초,식초,cho｀s검은약콩식초,발효식초,25년,25년,코리아바이오텍,2000021441230,20150615,20160706
김밥,김밥,CHOICE L 부산어묵 야채김밥어묵,어묵,제조일부터 13일,,(주)사조대림,19880311002437,20170307,20190131
우엉,우엉,CHOICEL 연근우엉밥,즉석조리식품,12개월,,(주)시아스,200504150202136,20151104,20160706
참깨,참깨,CHOICEL참깨.피넛드레싱,소스,6개월  냉장,,(주)원일식품,200004430422232,20140918,20160706
키위,키위,CHOICEL키위드레싱,소스,6개월  냉장,,(주)원일식품,200004430422230,20140918,20160706
카레,카레,CHUNKY BUMPY 버터 카레,소스,제조일로부터 9개월,,태원식품산업(주),1985031100115927,20250626,20250702
카레,카레,CHUNKY BUMPY 오리지널 카레,소스,제조일로부터 9개월,,태원식품산업(주),1985031100115926,20250626,20250702
짜장,짜장,CHUNKY BUMPY 유니 짜장,소스,제조일로부터 9개월,,태원식품산업(주),1985031100115940,20250627,20250704
짜장,짜장,CHUNKY BUMPY 트러플 짜장,소스,제조일로부터 9개월,,태원식품산업(주),1985031100115928,20250627,20250702
파스타,파스타,CITY DELI 쉬림프 알리오올리오 파스타,즉석조리식품,제조일로부터 9개월까지 (냉동),,(주)샌드팜,200803382231021,20241007,20260513
토마토,토마토,CITY DELI 육즙가득 토마토미트볼,식육함유가공품,제조일로부터 50일까지(냉장),,주식회사 삼립 서천공장,19950471042127,20240712,20251210
돈까스,돈까스,CJ 경양식 돈까스,식육함유가공품,제조일로부터 9개월까지,해당없음,농업회사법인 지엔티(주),20110360061156,20240105,20250429
마요네즈,마요네즈,CJ 마요네즈 5kg,마요네즈,제조일로부터 4개월까지 (실온),,주식회사 삼립 청주공장,20170415080765,20220531,20241003
고구마,고구마,CJ 자색고구마 붕어빵,빵류,제조일로부터 12개월까지,,주식회사 SL푸드원,2020047505168,20240830,20241210
소고기,소고기,CJ깊은소고기베이스,소스,제조일로부터 6개월,,씨제이제일제당주식회사,19910144038928,20230221,20250211
낙지,낙지,CJ낙지볶음밥,곡류가공품,9개월,,(주)시아스,200504150201962,20150331,20160706
멸치,멸치,CJ멸치액젓,조미액젓,품질유지기한 제조일로부터24개월,,(유)씨제이젓갈시스템,20080487470103,20170601,20240117
멸치,멸치,CJ멸치조미액젓,조미액젓,제조일로부터2년,,대현수산영어영농조합법인,1994047501715,20060821,20160706
김밥,김밥,CJ명가 김밥김,조미김,제조일로부터 18개월,,씨제이씨푸드 주식회사,2004035806254,20100423,20221118
들기름,들기름,CJ명가 토종김 들기름,조미김,6개월,,씨제이씨푸드 주식회사,20040358062194,20190426,20230704
참기름,참기름,CJ명가 토종김 참기름,조미김,6개월,,씨제이씨푸드 주식회사,20040358062184,20171101,20220701
배추,배추,CJ비비고 썰은 배추김치,김치,40일,40일,씨제이제일제당(주)진천 BLOSSOM CAMPUS 4동,2019045020756,20240906,20241031
배추,배추,CJ비비고 썰은 배추김치,김치,제조일로부터 30일,,한국농협김치조합공동사업법인 파주지사,19930355041190,20180309,20240829
배추,배추,CJ비비고 썰은 배추김치,김치,제조일로부터 30일,,한국농협김치조합공동사업법인 화성지사,19950364034107,20240821,20260201
새우,새우,CJ새우볶음밥,곡류가공품,9개월,,(주)시아스,200504150201959,20150331,20160706
새우,새우,CJ새우액젓,조미액젓,제조일로부터 3개월,,(주)아이씨푸드,20090257112134,20180809,20231019
배추,배추,CJ절임배추,절임식품,,제조일로부터 28일,한국농협김치조합공동사업법인 경남지사,19910599013197,20250430,20250502
소고기,소고기,CJ진한소고기육수,소스,제조일로부터 60일,,씨제이제일제당(주),20020464088595,20260507,20260512
핫도그,핫도그,CJ핫도그,빵류,제조일부터      9  개월 까지,,(주)우양 서천공장,20210475029263,20250717,20250718
햄,햄,CJ햄야채볶음밥,곡류가공품,9개월,,(주)시아스,200504150201961,20150331,20160706
부추,부추,CJK 부추교자,만두,제조일로부터 12개월까지  (-18℃이하 냉동보관),,크리스탈제이드 센트럴키친,2023037701852,20260115,20260124
부추,부추,CJK 부추찐만두,만두,제조일로부터 12개월까지 (18℃이하 냉동보관),,크리스탈제이드 센트럴키친,2023037701827,20250213,20250215
부추,부추,CJK 상해식 부추찐만두,만두,제조일로부터 12개월까지 (18℃이하 냉동보관),,크리스탈제이드 센트럴키친,2023037701829,20251119,20260127
새우,새우,CJK 새우장 소스,소스,제조일로부터 냉장(10℃ 이하) 6개월,해당없음.,크리스탈제이드 센트럴키친,2023037701843,20231026,20231227
새우,새우,CJK 전처리 두부피 새우말이,만두,제조일로부터 12개월까지  (-18℃이하 냉동보관),,크리스탈제이드 센트럴키친,2023037701815,20240806,20260127
새우,새우,CJK 전처리 새우탕면 육수,소스,제조일로부터 12개월까지 (18℃이하 냉동보관),,크리스탈제이드 센트럴키친,2023037701846,20240820,20251106
새우,새우,CJK 크리스피 보리새우 크래커,만두,제조일로부터 12개월까지  (-18℃이하 냉동보관),,크리스탈제이드 센트럴키친,2023037701830,20251120,20251127
새우,새우,CJK X.O새우교자,만두,제조일로부터 12개월까지 (-18℃이하 냉동보관),,크리스탈제이드 센트럴키친,2023037701853,20260202,20260206
햄,햄,CK)대만식햄치즈&딸기잼샌드,즉석섭취식품,제조시간으로부터 60시간,,롯데평택CK 주식회사,199503062741971,20240306,20240308
햄,햄,CK)대만식햄치즈샌드,즉석섭취식품,제조시간으로부터 64시간,,롯데평택CK 주식회사,199503062741972,20240306,20260122
햄,햄,CK)대만식햄치즈샌드,즉석섭취식품,제조시간으로부터 61시간 까지,,롯데부산CK 주식회사,200206143692997,20250602,20250606
햄,햄,CK)듬뿍에그햄샌드위치,즉석섭취식품,제조시간으로부터 40시간,,롯데평택CK 주식회사,199503062741975,20240306,20240530
햄,햄,CK)듬뿍햄치즈샌드위치,즉석섭취식품,제조시간으로부터 40시간,,롯데평택CK 주식회사,199503062741977,20240308,20240530
모짜렐라,모짜렐라,CK)불고기모짜렐라랩,즉석섭취식품,제조시간으로부터 40시간,,롯데평택CK 주식회사,199503062741973,20240306,20240530
돈까스,돈까스,CK)한끼돈까스덮밥,즉석섭취식품,제조시간으로부터 42시간,,롯데부산CK 주식회사,200206143692823,20240906,20240911
돈까스,돈까스,CK)한끼돈까스덮밥,즉석섭취식품,제조시간으로부터 42시간,,롯데용인CK 주식회사,200003470523024,20240409,20240416
햄,햄,CK)햄참치마요덮밥,즉석섭취식품,제조시간으로부터 42시간,,롯데부산CK 주식회사,200206143692819,20240906,20240907
버섯,버섯,CKDHC버섯혼합분말,기타가공품,제조일로부터 24개월까지,,(주)더원네이처,201703720401032,20240307,20240320
참깨,참깨,CL참깨드레싱,소스,제조일로부터 6개월,,(주)조리쿡,200403552371618,20240412,20240418
카레,카레,CL카레소스,소스,제조일로부터 09개월,,(주)조리쿡,20040355237764,20120822,20240427
베이컨,베이컨,CLASSIC 베이컨감자스프,즉석조리식품,제조일로부터 365일까지,,과채가공센터,20220733072120,20240109,20240323
짜장,짜장,CLASSIC 짜장,즉석조리식품,제조일로부터 365일까지,,과채가공센터,20220733072113,20231111,20240314
카레,카레,CLASSIC 카레,카레(커리),제조일로부터 365일까지,,과채가공센터,20220733072112,20231111,20240229
토마토,토마토,CLASSIC 토마토스파게티소스,소스,제조일로부터 240일까지,,과채가공센터,20220733072104,20230904,20250111
새우,새우,CM 새우강정,기타 수산물가공품,제조일로부터 12개월까지,,동해식품(주),201303556508,20230629,20250726
고구마,고구마,CM)고구마치즈볼,빵류,제조일로부터 12개월까지(냉동),,주식회사삼립,199503380158593,20220413,20220416
고구마,고구마,CN 고구마,전분가공품,2년,해당없음.,주식회사 찬누리,2014034725014,20150907,20170416
카레,카레,CN 카레핫소스,소스,제조일로부터 12개월,,농업회사법인상경에프앤비주식회사,20140464204506,20240924,20240925
들기름,들기름,CN들기름소스,소스,제조일부터 6개월 (냉장보관),,(주)동원홈푸드,2002046107316230,20251127,20251129
버섯,버섯,CNGBIO 노루궁뎅이버섯추출물-3,기타 농산가공품,제조일로부터 12개월,,주식회사 삼우다연,20040467021110,20210810,20210812
요거트,요거트,COCOBAB 딸기요거트,기타가공품,제조일로부터 18개월,,(주)리빙라이프,20030368010841,20250818,20250823
요거트,요거트,COCOBAB 요거트,기타가공품,제조일로부터 18개월,,(주)리빙라이프,20030368010858,20251114,20251121
요거트,요거트,COFFEE 101 STREET 요거트파우더,당류가공품,제조일로부터 18개월,,주식회사 소담에프앤비,20130285121292,20230515,20230516
요거트,요거트,COFFEE COOK 엑셀런트 초이스 요거트파우더,기타가공품,제조일로부터 2년까지,,플레이버팝스(주),20140275259478,20220117,20230617
닭가슴살,닭가슴살,COLIN'S DINING 그린후무스&닭가슴살샐러드,즉석섭취식품,제조일로부터 5일,,(주)현대그린푸드 스마트푸드센터,201902803274440,20250725,20260115
닭가슴살,닭가슴살,COLIN'S DINING 닭가슴살고구마샐러드,즉석섭취식품,제조일로부터 4일,,(주)현대그린푸드 스마트푸드센터,201902803274398,20250721,20260213
새우,새우,CONUT 간장 순살 새우장,절임식품,제조일로부터 1년,,주식회사 프레시본,20240530106201,20241104,20241106
연어,연어,CONUT 생연어 필렛,기타 수산물가공품,제조일로부터 10일,,주식회사 프레시본,20240530106301,20250304,20250307
사탕,사탕,Cool Mint 박하사탕,캔디류,제조일로부터24개월,,칠성제과,1974060600173,20220712,20220715
복숭아,복숭아,CORE복숭아(베트남수출용),기타 주류,병입년월일만 기재,,농업회사법인 대한주조 주식회사,2013001705513,20221031,20221031
잼,잼,Cosmo afternoon-코스모시그니처잼,기타잼,제조일로부터12개월이내,,주식회사 마노아컴퍼니(Manoah company),2023051656879,20250724,20260201
잼,잼,Cosmo blueberry jam-코스모블루베리잼,잼,제조일로부터 12개월이내,,주식회사 마노아컴퍼니(Manoah company),2023051656877,20250724,20260201
멸치,멸치,COVER멸치볶음소스,소스,제조일로부터 6개월 (냉장),,커버라이스(cover rice),2018034501239,20190325,20230830
버섯,버섯,COVER버섯볶음,조림류,제조일로부터 12개월 (냉동),,커버라이스(cover rice),2018034501268,20191105,20200519
복숭아,복숭아,COZA복숭아꽃추출발효물,기타 농산가공품,제조일로부터 24개월,,(주)엘에스비엔티,20200456136248,20251218,20251224
토마토,토마토,CP_토마토마요소스,소스,제조일로부터 6개월,,태원식품산업(주),1985031100115831,20250528,20250531
닭가슴살,닭가슴살,CP빅블랙페퍼닭가슴살샐러드,즉석섭취식품,제조일로부터 6일,제조일로부터 6일,(주)농업법인 은성,20200393064116,20260320,20260321
계란,계란,CP통계란&닭가슴살샐러드,즉석섭취식품,제조일로부터 6일 까지,제조일로부터 6일 까지,(주)농업법인 은성,20200393064115,20260318,20260414
계란,계란,CP통계란&케이준샐러드,즉석섭취식품,제조일로부터 6일 까지,제조일로부터 6일 까지,(주)농업법인 은성,20200393064123,20260323,20260324
햄,햄,CP햄치즈샌드위치,즉석섭취식품,제조시간으로 부터 96시간 까지,제조시간으로부터 96시간 까지,(주)농업회사법인 은성,20160375275175,20260319,20260321
크림치즈,크림치즈,Cream Cheese Flavor ES1 (크림치즈향 ES1),향료,해당사항없음,해당사항없음,주식회사 세림향료,20080275062970,20191227,20220702
아이스크림,아이스크림,CREMIC 1크레믹1 (아이스크림 스테빌리저),혼합제제,제조일로부터 24개월,,주식회사 쿠커페이스,2016011400818,20200228,20231125
크림치즈,크림치즈,Crispy Bites - Cream Cheese (한입크리스피- 크림치즈),과자,365일,,(주)태광웰푸드,2012018838079,20200413,20200415
귀리,귀리,CRISPYFRESH귀리클램차우더스프,즉석조리식품,제조일부터 12개월 (냉동보관),,(주)동원홈푸드,201904421491821,20231127,20231130
귀리,귀리,CRISPYFRESH귀리클램차우더스프,즉석조리식품,제조일부터 12개월 (냉동보관),,(주)동원홈푸드,2002046107314303,20231127,20231128
귀리,귀리,CRISPYFRESH귀리트러플크림스프,즉석조리식품,제조일부터 12개월 (냉동보관),,(주)동원홈푸드,201904421491835,20250327,20250329
귀리,귀리,CRISPYFRESH귀리트러플크림스프,즉석조리식품,제조일부터 12개월 (냉동보관),,(주)동원홈푸드,2002046107314328,20250327,20250328
그래놀라,그래놀라,CrOAT 라이트 슈가 그래놀라,곡류가공품,제조일로부터 12개월까지,,주식회사 어반파머,20200470107141,20241011,20241113
그래놀라,그래놀라,CrOAT 솔티드 카라멜 그래놀라,곡류가공품,제조일로부터 12개월까지,,주식회사 어반파머,20200470107142,20241011,20241113
그래놀라,그래놀라,CrOAT 시그니처 그래놀라,곡류가공품,제조일로부터 12개월까지,,주식회사 어반파머,20200470107140,20241011,20241113
그래놀라,그래놀라,CrOAT 카카오 그래놀라,곡류가공품,제조일로부터 12개월까지,,주식회사 어반파머,20200470107143,20241011,20241113
당근,당근,CS 당근케이크,빵류,제조일로부터 9개월,,주식회사 디저트리,20220514441206,20260115,20260122
요거트,요거트,CS 레몬요거트생크림케이크,빵류,제조일로부터 9개월,,주식회사 디저트리,20220514441208,20260118,20260126
요거트,요거트,CS 블루베리요거트생크림케이크,빵류,제조일로부터 9개월,,주식회사 디저트리,20220514441209,20260118,20260122
우유,우유,CS 순수우유생크림케이크,빵류,제조일로부터 9개월,,주식회사 디저트리,20220514441202,20260110,20260111
초장,초장,CS 초장믹스,소스,12개월,,주식회사 움트리,19920372190585,20251202,20251204
초콜릿,초콜릿,CS 초콜릿케이크,빵류,제조일로부터 9개월,,주식회사 디저트리,20220514441211,20260118,20260122
소고기,소고기,CT소고기죽,즉석조리식품,제조일로부터 8개월까지(냉장),,주식회사 동방푸드마스타,199104450778096,20201210,20201211
올리고당,올리고당,CT채소올리고당소스,소스,제조일로부터 6개월까지,,(주)에프앤에스식품,20210352178192,20210610,20210615
오이,오이,Cucumber Flavor ES1 (오이향 ES1),향료,해당사항없음,해당사항없음,주식회사 세림향료,20080275062973,20200102,20220702
오이,오이,Cucumber Pickle Flavor ES1 (오이피클향 ES1),향료,해당사항없음,해당사항없음,주식회사 세림향료,20080275062974,20200102,20220702
연어,연어,CUREDNA지씨첨연어PDRN플러스,기타가공품,제조일로부터 24개월,,(주)세바바이오텍,202505901952,20260122,20260127
파스타,파스타,CUSTOM EAT 파스타,생면,1년,,주식회사 온니,20210391123133,20250825,20250916
토마토,토마토,CW 토마토소스,소스,12개월,,푸드앤씨,20150364426274,20220929,20260201
초콜릿,초콜릿,CW)초콜릿칩쿠키생지,빵류,제조일로부터 9개월까지 (냉동),,주식회사삼립,199503380158420,20210325,20230325
오징어,오징어,CW청우 불닭오징어땅콩,과자,제조일로부터 6개월,,(주)우농,19810336006127,20210504,20250430
오징어,오징어,CW청우 오징어땅콩,과자,제조일로부터6개월,,(주)우농,19810336006111,20200303,20250424
토마토,토마토,CW토마토소스,소스,"냉동보관,제조일로부터 12개월까지",,다솔푸드테크 주식회사,20110257153992,20230814,20230816
콩나물,콩나물,CY콩나물육수A,소스,제조일로부터6개월,,(주)소스플러스,20180374830651,20260322,20260324
토마토,토마토,D485 토마토소스,소스,제조일로부터 12개월 까지,,(주)바로푸드,20050364066514,20140123,20260415
스테이크소스,스테이크소스,D485 포크스테이크소스,소스,제조일로부터 12개월까지,,(주)바로푸드,20050364066268,20090922,20260415
낙지,낙지,D낙지볶음소스,소스,제조일로부터 6개월까지(냉장),,주식회사 동방푸드마스타,199104450778304,20210521,20231229
낙지,낙지,D본 낙지볶음소스(신),소스,제조일로부터 6개월까지,,주식회사 동방푸드마스타,199104450779373,20240701,20240702
새우젓,새우젓,D새우젓 양념소스,소스,1년,,주식회사 주비푸드,20110355223187,20210629,20230610
순두부,순두부,D순두부찌개소스,소스,냉장보관 6개월,,주식회사 라움푸드,2020004009936,20211214,20211216
초장,초장,D초장,소스,6개월,,(주)시아스,200504150204970,20250203,20250204
초콜릿,초콜릿,D초콜릿,준초콜릿,제조일로부터 12개월까지,,(주)오리온 제3익산공장,19830487051169,20190417,20250809
초콜릿,초콜릿,D코팅초콜릿 스위트,준초콜릿,"12개월,상온",,(주)삼광식품,19730443003403,20140206,20160706
버섯,버섯,D플러스 목이버섯 파우더,과.채가공품,24개월,,용인시 농산물 종합가공지원센터,2017034713891,20230511,20230513
버섯,버섯,D플러스 목이버섯칩,과.채가공품,24개월,,용인시 농산물 종합가공지원센터,2017034713890,20230511,20230531
한우,한우,D한우사골육수분말,복합조미식품,제조일로부터 12개월까지,,삼양스파이스 주식회사 음성공장,200004450881026,20240412,20250122
토마토,토마토,DADA COMPANY 새콤토마토소스,소스,제조일로부터 4개월까지,,(주)삼진푸드,199104430291790,20191107,20210729
마요네즈,마요네즈,DAESANG 고소한마요네즈 골드,마요네즈,"3.2 kg(용기형) - 6 개월  / 3 kg , 3.2 kg, 10 kg (파우치형) - 5 개월",,대상(주)기흥공장,19800347002461,20160607,20240406
버섯,버섯,DBIO-버섯추출물,기타가공품,1년,,(주)대덕바이오,2006046720987,20101215,20160706
낙지,낙지,DC 낙지소스,소스,제조일로부터 3개월까지,,디씨 에프엔비(DC F&B),202605073053,20260417,20260418
오렌지,오렌지,DD)오렌지망고필링,잼,제조일로부터 8개월까지 (실온),,(주)호남샤니,19920221099652,20260511,20260514
잼,잼,DD)저당딸기잼,잼,제조일로부터 6개월까지 (실온),,(주)호남샤니,19920221099631,20250116,20250325
핫도그,핫도그,DD)핫도그번,빵류,제조일로부터 6개월까지 (냉동),,주식회사삼립,199503380158497,20210902,20210903
우유,우유,DD딸기우유파우더,복합조미식품,제조일로부터 12개월,,(주)선그린,20070275085407,20240404,20240410
크림치즈,크림치즈,DD크림치즈베이스,소스,제조일로부터 6개월까지(냉동),,주식회사 삼립 청주공장,20170415080396,20191119,20191120
복숭아,복숭아,DDDR 복숭아 아이스티,당류가공품,제조일로부터 2년,,주식회사 컵풀,20130345125391,20250916,20250918
과자,과자,De Ca 쌀로만든 호두과자,빵류,제조일로부터 12개월,,주식회사다원F&B,20130394199328,20250108,20250808
과자,과자,De Ca 앙버터 호두과자,빵류,제조일로부터 12개월,,주식회사다원F&B,20130394199376,20250703,20250808
오이,오이,Dear.이브 미오이노시톨 콜린 4000,기타가공품,제조일로부터 24개월까지,,(주)한미양행 선유공장,20220495001220,20250801,20250906
양파,양파,DearU양파즙,과.채주스,18개월,,농업회사법인아람농장(주),2010056045080,20210408,20221103
배추,배추,DearU유기농양배추즙,과.채음료,18개월,,농업회사법인아람농장(주),2010056045077,20201230,20221211
복숭아,복숭아,DEEPS 프로틴 워터 복숭아,혼합음료,12개월,,(주)삼양패키징광혜원공장,200704431101157,20260610,20260611
수박,수박,delaffe 수박과즙에이드,과.채음료,제조일로부터 18개월,,(주)바이오포트코리아,20000614238555,20240108,20240215
수박,수박,delaffe 수박에이드,혼합음료,24개월,,태웅식품(주),198904450141152,20250516,20250517
수박,수박,delaffe 수박에이드,혼합음료,제조일로부터 18개월,제조일로부터 18개월,농업회사법인(주)동서웰빙,20050555180665,20250121,20250124
키위,키위,delaffe 키위과즙에이드,과.채음료,제조일로부터 18개월,,(주)바이오포트코리아,20000614238554,20240108,20240215
키위,키위,delaffe 키위에이드,혼합음료,제조일로부터 18개월,제조일로부터 18개월,농업회사법인(주)동서웰빙,20050555180664,20250120,20250124
수박,수박,delaffe HPP수박에이드,과.채음료,제조일로부터 12개월,,(주)바이오포트코리아,20000614238687,20260129,20260212
키위,키위,delaffe PLUS 키위바나나블렌디드,혼합음료,24개월,,태웅식품(주),19890445014996,20231228,20240110
잼,잼,DELGA 딸기잼,잼,제조일로부터 12개월까지,제조일로부터 12개월까지,가림산업주식회사,19960199063469,20180611,20200603
잼,잼,DELGA 사과잼,잼,제조일로부터 12개월까지,제조일로부터 12개월까지,가림산업주식회사,19960199063470,20180607,20200603
짜장,짜장,DELIEF 라볶이 짜장,즉석조리식품,제조일로부터 12개월,,(주)농가식품,20150415164112,20221216,20260401
파스타,파스타,DELIGHT PROJECT 갈릭 토마토 파스타칩,과자,제조일로부터 13개월,,(주)명성식품,20090372129241,20250616,20250723
파스타,파스타,DELIGHT PROJECT 머쉬룸 크림 파스타칩,과자,제조일로부터 13개월,,(주)명성식품,20090372129242,20250616,20250723
파스타,파스타,DELIGHT PROJECT 알리오올리오 파스타칩,과자,제조일로부터 13개월까지,,(주)명성식품,20090372129251,20260130,20260207
닭가슴살,닭가슴살,DELISH 크리스피 닭가슴살 핫도그,빵류,제조일로부터 12개월 까지,,주식회사 기업과사람들,20120471092203,20240322,20240330
모짜렐라,모짜렐라,DELISH 크리스피 모짜렐라 핫도그,빵류,제조일로부터 12개월 까지,,주식회사 기업과사람들,20120471092204,20240322,20240323
오렌지,오렌지,Denmark 테이크얼라이브 블러드오렌지,유산균음료,제조일로부터 6개월,,(주)동원F&B수원공장,19760263004134,20230906,20250731
복숭아,복숭아,DESSERT39 제로 복숭아 아이스티,당류가공품,제조일로부터 12개월,,주식회사 대상다이브스,20060464021605,20241119,20251023
짜장,짜장,DF-짜장소스,소스,제조일로부터 180일,,(주)델리후레쉬,19970347005366,20200429,20200516
돈까스,돈까스,DGBY돈까스 튀김가루,기타가공품,제조일로부터 12개월,,다이찌식품,2014032074695,20210407,20250104
연어,연어,DH간장연어장,절임식품,제조일로부터 360일,,(주)해담은푸드,2011034548167,20240913,20240914
전복,전복,DH순살전복장,절임식품,제조일로부터 360일,,(주)해담은푸드,2011034548164,20240913,20240914
요거트,요거트,DH요거트파우더,당류가공품,제조일로부터 24개월,,(주)원우,20020445146427,20180416,20180417
오렌지,오렌지,DH하루앤 모로오렌지 락토페린,기타가공품,제조일로부터 24개월까지,,주식회사 예본바이오,2022051450923,20220707,20220709
배추,배추,DH효소비책 인동카베양배추,과.채가공품,제조일로부터 24개월,,주식회사 신영허브,2022052023792,20230421,20230516
생선,생선,DHA가 함유된 통살 민대구 생선카츠,기타 수산물가공품,제조일로부터 12개월,-,참손푸드(주),1999012815853,20260310,20260414
명태,명태,DHA가 함유된 핑거명태,기타 수산물가공품,제조일로부터 12개월까지,,(주)그린푸드,20000149041464,20200608,20200821
연어,연어,DHA가 함유된 핑거연어,기타 수산물가공품,제조일로부터 12개월까지,,(주)그린푸드,20000149041465,20200608,20200821
명태,명태,DHA명태통살까스,기타 수산물가공품,제조일로부터 12개월,,(주)그린푸드,20000149041376,20170703,20170716
오징어,오징어,DHA진미 오징어채,조미건어포,제조일로부터 1년,제조일로부터 1년,바른홀푸드(주),2011052101889,20231218,20231220
오징어,오징어,DHA진미오징어채,조미건어포,제조일로부터 1년,제조일로부터 1년,(주)현대푸드,20140521009128,20240411,20250514
오징어,오징어,DHA진미오징어채,조미건어포,제조일로부터 1년,제조일로부터 1년,바른홀푸드(주),2022074101624,20240416,20240418
오징어,오징어,DHA함유 쫄깃바삭통오징어링,기타 수산물가공품,제조일로부터 12개월까지,,(주)그린푸드,20000149041533,20221207,20221214
카레,카레,DHM카레소스,소스,제조일로부터 12 개월,,프레시플러스 주식회사,200304432175787,20250331,20250401
사탕,사탕,DIY빵빵이솜사탕,캔디류,제조일로부터 18개월,해당없음,(주)예성에프앤비,2019006038650,20231107,20240201
사탕,사탕,DIY뽀송포비솜사탕,캔디류,제조일로부터 18개월,해당없음,(주)예성에프앤비,2019006038680,20251103,20251109
돈까스소스,돈까스소스,DK돈까스소스,소스,제조일로부터 6개월까지,없음,주식회사조흥,199703111002018,20240308,20240314
부추,부추,DK부추무침양념,소스,제조일로부터 4개월,,태원식품산업(주),198503110019530,20200701,20200707
순두부,순두부,DK순두부찌개양념,소스,제조일로부터 4개월,,태원식품산업(주),198503110019531,20200702,20200707
잼,잼,DMZ 엔부사과잼,잼,제조일로부터 1년,,연천군농산물종합가공센터,2020039420593,20260127,20260129
초콜릿,초콜릿,DMZ 파주장단콩 초콜릿,초콜릿가공품,12개월(상온15~25도),,농업회사법인 디엠제트드림푸드(주)(제2공장),201203559802,20131115,20180628
초콜릿,초콜릿,DMZ 파주콩초콜릿,초콜릿가공품,12개월(실온보관),,농업회사법인 디엠제트드림푸드(주)(제2공장),201203559804,20150521,20180628
버섯,버섯,DMZ버섯초,기타발효음료,1년,,열두개울버섯마을,200603760268,20120203,20210330
초콜릿,초콜릿,DMZ초콜릿 백태,초콜릿가공품,12개월,,농업회사법인 디엠제트드림푸드(주)(제2공장),2012035598014,20141112,20180628
초콜릿,초콜릿,DMZ초콜릿 서리태,초콜릿가공품,12개월,,농업회사법인 디엠제트드림푸드(주)(제2공장),2012035598016,20141112,20180628
초콜릿,초콜릿,DMZ초콜릿 약콩,초콜릿가공품,12개월,,농업회사법인 디엠제트드림푸드(주)(제2공장),2012035598013,20141112,20180628
초콜릿,초콜릿,DMZ초콜릿 청태,초콜릿가공품,12개월,,농업회사법인 디엠제트드림푸드(주)(제2공장),2012035598015,20141112,20180628
초콜릿,초콜릿,DMZ파주 장단콩 초콜릿 소프트,초콜릿가공품,12개월,,농업회사법인 디엠제트드림푸드(주)(제2공장),201203559809,20140514,20180622
돈까스소스,돈까스소스,DN돈까스소스,소스,8개월,,(주)시아스,200504150201364,20120224,20181130
스테이크소스,스테이크소스,DON스테이크소스,소스,제조일로부터 6개월까지,,(주)푸드공방,20010368431883,20210315,20210319
김자반,김자반,DOPA김자반,조미김,12개월,,주식회사 태산알엔디 영광공장,20200531137273,20250205,20250207
베이컨,베이컨,DOTZ(다츠) 베이컨듬뿍김치볶음밥,즉석조리식품,제조일로부터 9개월까지,,천일식품(주),199301993491176,20200528,20200529
들깨,들깨,Dr.통밀 칩스 들깨&파래,과자,제조일로부터 60일,,영농조합법인 천자농부,20200194041197,20221231,20230107
복숭아,복숭아,Dr.Bio 곤약젤리 복숭아,캔디류,제조일로부터 1년,별첨,주식회사 도투락,20130555108243,20211021,20251126
당근,당근,DREAM JUICE 오렌지 당근,과.채주스,제조일로부터 42일까지,,(주)흥국에프엔비,20110445292791,20201203,20201205
오징어,오징어,DRIED 백진미 오징어,조미건어포,제조일로부터 12개월,,정화식품(주),19870533003237,20240122,20260314
돈까스소스,돈까스소스,DRP돈까스소스,소스,냉장4개월,,(주)다미푸드텍,200204451301976,20240109,20240111
카레,카레,DRY카레,카레(커리),12개월,,농업회사법인그린월드푸드주식회사,2009033904235,20160623,20230228
시금치,시금치,DS-시금치소스,소스,제조일로부터 12개월까지,,주식회사 애딘트,2024024005517,20260615,20260617
오징어,오징어,DS오징어먹물도우,빵류,제조일로부터 6개월,,주식회사 굿메이트식품,2016036892968,20211115,20211116
마요네즈,마요네즈,DY마요네즈,마요네즈,5개월,,대상(주)기흥공장,19800347002707,20260413,20260414
오렌지,오렌지,E 날치알 오렌지색,기타 수산물가공품,제조일로부터 24개월까지,,(주)재호물산 제2공장,20160144589166,20251212,20251220
들기름,들기름,e farm. kid's 들기름,들기름,제조일로부터 12개월,,(주)옥천식품 제2공장,20020355481147,20170608,20231208
볶음참깨,볶음참깨,e farm. kid's 볶음참깨,기타 농산가공품,제조일로부터 12개월,,(주)옥천식품 제2공장,20020355481148,20170608,20231208
굴소스,굴소스,E-굴소스,소스,제조일로부터 12개월까지,,이푸드(주),200904330552743,20200618,20200711
돈까스소스,돈까스소스,E-돈까스소스,소스,제조일로부터 6개월까지,,이푸드(주),200904330552621,20200116,20200118
생선,생선,E-생선조림소스,소스,제조일로부터 6개월까지,,이푸드(주),200904330552619,20200116,20200117
순두부,순두부,E-순두부찌개양념,소스,제조일로부터 6개월까지,,이푸드(주),200904330552657,20200219,20200221
오렌지,오렌지,E-오렌지드레싱,소스,제조일로부터 6개월까지,,이푸드(주),200904330552659,20200219,20200221
키위,키위,E-키위드레싱,소스,제조일로부터 6개월까지,,이푸드(주),200904330552634,20200129,20200226
참치,참치,E.T.40 동원참치살코기,기타 수산물가공품,제조일로부터 7년,,(주)동원F&B,19880589063311,20221027,20221102
요구르트,요구르트,EAA 요구르트,음료베이스,제조일로부터 24개월,,코뉴,201703553432993,20240830,20250906
순두부,순두부,EASY KIT 우삼겹 순두부찌개,간편조리세트,제조일로부터 8일,,주식회사 프레시지,202003630271144,20250307,20250312
짜장,짜장,Easy meal 3분짜장,소스,24개월,,(주)오뚜기,20010445055403,20160511,20191019
카레,카레,Easy meal 3분카레,카레(커리),24개월,,(주)오뚜기,20010445055404,20160511,20191019
닭가슴살,닭가슴살,EAT MY BOTTLE 닭가슴살 샐러드,즉석섭취식품,제조일로부터 5일,,(주)하늘재,2023050108914,20230330,20230406
계란,계란,Eatmate 닭가슴살 구운주먹밥 간장계란,즉석조리식품,제조일로부터 12개월까지,,농업회사법인 주식회사 한우물,200804930741099,20220425,20240117
닭가슴살,닭가슴살,Eatmate 닭가슴살 구운주먹밥 김치,즉석조리식품,제조일로부터 12개월까지,,농업회사법인 주식회사 한우물,200804930741023,20211207,20240117
닭가슴살,닭가슴살,Eatmate 닭가슴살 구운주먹밥 야채,즉석조리식품,제조일로부터 12개월까지,,농업회사법인 주식회사 한우물,200804930741022,20211207,20240117
닭가슴살,닭가슴살,Eatmate 닭가슴살 구운주먹밥 전주비빔,즉석조리식품,제조일로부터 12개월까지,,농업회사법인 주식회사 한우물,200804930741100,20220425,20240117
닭가슴살,닭가슴살,Eatmate 닭가슴살 크리스피 핫도그 고추,빵류,제조일부터      9  개월 까지,,(주)우양 서천공장,20210475029135,20220420,20220504
닭가슴살,닭가슴살,Eatmate 닭가슴살 크리스피 핫도그 훈제,빵류,제조일부터      9  개월 까지,,(주)우양 서천공장,20210475029136,20220420,20220504
핫도그,핫도그,Eatmate 크리스피 치즈 반반핫도그 훈제,빵류,제조일부터      9  개월 까지,,(주)우양 서천공장,20210475029134,20220420,20220504
짜장,짜장,EATS 짜장소스,소스,제조일로부터 4개월 까지,,코코스 주식회사,20170332820158,20210215,20210219
버섯,버섯,ED복합버섯균사체분말,기타가공품,제조일로부터 24개월,,(주)HK바이오텍,2005060131423,20101221,20160706
복숭아,복숭아,EDIYA 복숭아에이드,혼합음료,24개월,,태웅식품(주),198904450141062,20240418,20240420
바나나,바나나,EDSmart 바나나/edsmart 바나나/이디스마트 바나나,기타가공품,제조일로부터 2년,,주식회사 컵풀,20130345125400,20251207,20260325
계란,계란,efarm. kid's 계란과자,과자,실온 12개월,,(주)대산후드 탄현2공장,19930355028241,20220311,20260528
배추,배추,EGC 양배추 곡류 혼합분말,기타 농산가공품,제조일로부터 2년까지,,주식회사 이수바이오,20130358242400,20220325,20220504
양배추,양배추,EGC양배추효소,기타가공품,제조일로부터 2년까지,,주식회사 이수바이오,20130358242444,20230804,20230808
스테이크소스,스테이크소스,EH스테이크소스,소스,6개월(냉장),,세원푸드(주),201003682491440,20190925,20220817
튀김가루,튀김가루,EJ튀김가루,곡류가공품,제조일로부터 1년,,(주) 삼지에프 에스,200004613255922,20221215,20221224
오이,오이,EN 오이절임,절임식품,제조일로부터180일,,주식회사 이엔에프엔비,202302651029,20230817,20230826
오렌지,오렌지,ES 오렌지주스,과.채주스,제조일로부터 30일까지 (냉장),,주식회사 삼립 청주공장,20170415080501,20200622,20210605
오렌지,오렌지,ES KIKI오렌지퓨레,음료베이스,제조일로부터 12개월,,(주)아름터,20100308257273,20160330,20160706
귤,귤,ES KIKI한라봉감귤퓨레,음료베이스,제조일로부터 12개월,,(주)아름터,20100308257333,20161124,20161127
순두부,순두부,es순두부찌개다데기,소스,제조일로부터 6개월까지,,(주)에프앤에스식품,202103521781615,20241025,20251218
쌈장,쌈장,es쌈장소스,소스,제조일로부터 6개월까지,,(주)에프앤에스식품,202103521781889,20250731,20251114
밀가루,밀가루,EU프리미엄피자밀가루,기타가공품,제조일로부터 12개월 까지,,사조동아원(주) 부산공장,19950129282680,20241122,20241126
소시지,소시지,EXSS크리스피모짜소시지핫도그,빵류,2년,,리코푸드서비스(주),2023060984025,20240919,20250204
소시지,소시지,EXSS포테이토모짜소시지핫도그,빵류,2년,,리코푸드서비스(주),2023060984024,20240919,20250204
핫도그,핫도그,F 핫도그번,빵류,제조일로부터 6일,,빔보큐에스알코리아 주식회사,1998046112794,20230621,20260429
햄,햄,F 햄버거번,빵류,제조일로부터 6일,,빔보큐에스알코리아 주식회사,1998046112793,20230621,20260429
오렌지,오렌지,F-오렌지팜엘디,혼합제제,,해당없음.,(주)내팜 제2공장,20110275289182,20180202,20230106
전복,전복,F&B 자숙슬라이스전복,기타 수산물가공품,제조일로부터 24개월,,완도바다영어조합법인,2020053309868,20260309,20260310
전복,전복,F&B 자숙전복,기타 수산물가공품,제조일로부터 24개월,,완도바다영어조합법인,2020053309869,20260309,20260310
전복,전복,F&B 자숙큐브전복,기타 수산물가공품,제조일로부터 24개월,,완도바다영어조합법인,2020053309870,20260309,20260310
들깨,들깨,F들깨향기름,향미유,제조일부터 12개월,,다인식품,201603620444,20160212,20170821
오렌지,오렌지,F스파클링 오렌지,탄산음료,제조일로부터 24개월,,오케이에프음료 주식회사,201005430661286,20240315,20260128
음료,음료,F제주말차음료베이스,음료베이스,3개월 / 냉장,,(주)시아스,200504150205204,20260310,20260312
참깨,참깨,F참깨향기름,향미유,제조일부터 12개월,,다인식품,201603620449,20160212,20201205
후추,후추,Fairday 유기농 후추가루,천연향신료,제조일로부터 24개월,,참맛드림협동조합,2016036213512,20240424,20240427
모짜렐라,모짜렐라,Family Harmony 에어프라이어 모짜렐라치즈 등심돈까스,기타가공품,제조일로부터 냉동 9개월까지,,(주)하늘푸드제2공장,20140364316257,20200423,20260201
한돈,한돈,Family Harmony 에어프라이어 한돈 치즈폭탄돈까스,식육함유가공품,제조일로부터 냉동 9개월까지,,(주)하늘푸드제2공장,20140364316347,20250702,20260201
참깨,참깨,Farmeet 껍질벗긴볶음참깨,기타 농산가공품,제조일로부터 12개월,,주식회사 청아띠,20050563006153,20231005,20231007
한우,한우,FASB한우사골마라탕,간편조리세트,제조일로부터 12개월,,(주)푸드어셈블,20180137238995,20220413,20260107
돈까스소스,돈까스소스,FB양식돈까스소스,소스,제조일로부터 10개월까지,,(주)가온푸드,201404432562629,20251128,20251129
순두부,순두부,FBI 순두부찌개소스,소스,제조일로부터 6개월까지,,(주)에프앤에스식품,202103521781989,20251219,20251224
귤,귤,FC 제주 청귤 베이스,음료베이스,제조일로부터 18개월,,(주)한미에프쓰리 2공장,201804671231472,20260617,20260617
요구르트,요구르트,FC요구르트향 베이스,당류가공품,제조일로부터 12개월까지,,(주)아름터,201003082571283,20260611,20260612
닭가슴살,닭가슴살,FD 트릿 닭가슴살,기타가공품,제조일로부터 24개월,,(주)하림산업 함열식품 3공장,20200491170201,20240731,20241127
연어,연어,FD 트릿 연어,기타가공품,제조일로부터 24개월,,(주)하림산업 함열식품 3공장,20200491170203,20240731,20241127
당근,당근,FD당근,과.채가공품,제조일로부터 24개월,,(주)하림산업 함열식품 3공장,20200491170102,20230410,20240117
양배추,양배추,FD양배추,과.채가공품,제조일로부터 24개월,,(주)하림산업 함열식품 3공장,20200491170103,20230410,20251014
키위,키위,FD키위100,과.채가공품,제조일로부터 24개월,,(주)바이텍 익산지점,201904916922,20191219,20240117
전복,전복,Fersh 전복해물탕,기타 수산물가공품,제조일로부터 4일,,다원씨엔델리,2017053831523,20180131,20180412
시래기,시래기,FF)시래기표고밥,즉석섭취식품,제조일로부터 48시간,해당사항없음,신갈CK,20120347044743,20250415,20250418
고등어,고등어,FF)자반고등어구이,기타 수산물가공품,제조일로부터 3일,해당사항없음,신갈CK,20120347044759,20251029,20251031
참깨,참깨,FF)프리미엄참깨번,빵류,제조일로부터 15일까지 (실온),,주식회사샤니,199301880912719,20250418,20250422
초콜릿,초콜릿,Fillng Dark Truffle 초콜릿,초콜릿가공품,제조일로부터 3개월 까지,,티지에프 주식회사,200603555312515,20241210,20241231
시리얼,시리얼,FINUTE 갈릭 쉬림프 시리얼칩,과자,제조 후 12개월,,(주)제이앤이 아산공장,20100461303789,20250108,20250109
아이스크림,아이스크림,FINUTE 바닐라 아이스크림 팝콘,과자,제조 후 12개월,,(주)제이앤이 아산공장,20100461303787,20250108,20250109
시리얼,시리얼,FINUTE 와사비 쉬림프 시리얼칩,과자,제조 후 12개월,,(주)제이앤이 아산공장,20100461303788,20250108,20250109
생선,생선,FM-중동-생선조림용소스,소스,제조일로부터 4개월,,태원식품산업(주),1985031100114212,20240226,20240314
갈치,갈치,FM서귀포-은갈치 조림용소스,소스,제조일로부터 4개월,,태원식품산업(주),1985031100115087,20241030,20241105
전복,전복,FM서귀포-전복 비빔국수용소스,소스,제조일로부터 6개월,,태원식품산업(주),1985031100115077,20241030,20241105
숙주,숙주,FM와룡-닭목살 숙주볶음용소스,소스,제조일로부터 6개월,,태원식품산업(주),1985031100115078,20241030,20241105
고등어,고등어,FM화곡-고등어무조림용소스,소스,제조일로부터 6개월,,태원식품산업(주),1985031100115135,20241106,20241115
숙주,숙주,FM화곡-우삼겹숙주볶음용소스,소스,제조일로부터 6개월,,태원식품산업(주),1985031100115152,20241115,20241120
짜장,짜장,FMK짜장분말,복합조미식품,제조일로부터 18개월까지,,(주)가온푸드 음성공장,20200452044684,20250515,20251115
당근,당근,FOODY TASTE 오렌지당근,과.채주스,제조일로부터 12개월까지,,(주)자임에프앤비,20140368660356,20230422,20230921
젓갈,젓갈,FP젓갈쌈장소스,소스,6개월,,(주)푸드피아,20080370312661,20250516,20250618
참기름,참기름,FRESH참기름,참기름,제조일로부터 24개월,,청학에프엔씨(주),1990036006871,20180129,20180227
김자반,김자반,fresheasy 김자반,조미김,제조일부터 12 개월,,영어조합법인 광천삼원식품,2008047307895,20220526,20220603
부추,부추,Fried Rice with Leek and Glass Noodles(부추잡채볶음밥),즉석조리식품,제조일로부터 12개월까지,,농업회사법인 주식회사 한우물,20080493074339,20170410,20240117
우엉,우엉,FRIED TOFU & BURDOCK KIMBAB 유부우엉 김밥,즉석조리식품,냉동 18개월,,(주)이에스그린푸드,20170443338612,20231229,20240627
유부,유부,FRIED TOFU KIMBAP(유부김밥),즉석조리식품,제조일로부터 12개월 (-18℃이하 냉동보관),,(주)이노하스,2024066107542,20241223,20250320
전복,전복,Frozen 전복연포탕,기타 수산물가공품,제조일로부터 12개월,제조일로부터 12개월,다원씨엔델리,2017053831548,20200916,20200918
조기,조기,Frozen 조기매운탕,기타 수산물가공품,제조일로부터 12개월,제조일로부터 12개월,다원씨엔델리,2017053831547,20200916,20200918
수박,수박,Fruit & Juicy 프리미엄 수박,과.채음료,제조일로부터 12개월,,(주)바이오포트코리아,20000614238617,20250715,20250718
키위,키위,fruit fruit jelly(키위),과.채가공품,제조일로부터 6개월 이내,,주식회사 마노아컴퍼니(Manoah company),2023051656823,20230402,20260201
키위,키위,fruit fruit jelly(파인애플키위),과.채가공품,제조일로부터 6개월 이내,,주식회사 마노아컴퍼니(Manoah company),2023051656822,20230402,20260201
크림치즈,크림치즈,FTBS크림치즈스프레드,기타가공품,제조일로부터 6개월까지,,(주)선인,2018051914540,20191017,20220513
계란,계란,Full 마늘밥계란장조림주먹밥,즉석섭취식품,제조일시로부터 72시간,,(주)후레쉬서브,200803362281450,20240701,20240815
참치,참치,Full 비빔참치,즉석섭취식품,제조일시로부터 72시간 이내,,(주)후레쉬서브,200803362281452,20240704,20241018
깻잎,깻잎,FULL깻잎덮은매콤닭갈비,즉석섭취식품,제조시간으로부터 96시간,,(주)우리델리카,20150443298520,20220304,20220308
참치,참치,Full리챔참치마요,즉석섭취식품,제조일의 제조시간으로부터 72시간,,(주)가온에프에스,20110528067977,20241120,20260113
깻잎,깻잎,Full매콤깻잎제육,즉석섭취식품,제조일의 제조시간으로부터 72시간,,(주)가온에프에스,201105280671052,20250705,20250708
깻잎,깻잎,FULL매콤깻잎제육,즉석섭취식품,제조시간으로부터 96시간,,(주)우리델리카,20150443298562,20220829,20250704
소고기,소고기,Full소고기짜장밥,즉석섭취식품,제조일시로부터 72시간 이내,,(주)후레쉬서브,200803362281524,20250413,20250723
오징어,오징어,FULL오징어제육,즉석섭취식품,제조시간으로부터 96시간,,(주)우리델리카,20150443298624,20230131,20230329
참치,참치,FULL올리브유를넣어더건강한참치마요,즉석섭취식품,제조시간으로부터 96시간,,(주)우리델리카,20150443298913,20250624,20250716
햄,햄,FULL햄에그주먹밥,즉석섭취식품,제조시간으로부터 96시간,,(주)우리델리카,20150443298966,20250826,20250828
참치,참치,FULL화끈참치마요,즉석섭취식품,제조시간으로부터 96시간,,(주)우리델리카,20150443298742,20240314,20240315
오이,오이,FV_오이탕탕이소스,소스,제조일로부터 4개월,,태원식품산업(주),1985031100117185,20260615,20260616
버섯,버섯,FV양송이버섯스프베이스,소스,제조일로부터 12개월,없음,주식회사조흥,199703111001866,20230718,20250712
요거트,요거트,FV요거트드레싱,소스,제조일부터 6개월,,프레시플러스 주식회사,200304432175484,20230901,20230905
돈까스소스,돈까스소스,FV제면소돈까스소스,소스,제조일로부터 6개월까지,없음,주식회사조흥,199703111002054,20240416,20240501
후추,후추,FV흑후추소스,소스,제조일로부터 4개월,없음,주식회사조흥,199703111001869,20230719,20230729
초콜릿,초콜릿,G 다크초콜릿,준초콜릿,"12개월,상온",,(주)삼광식품,19730443003172,20120731,20160706
양배추,양배추,G 양배추 샐러드,신선편의식품,제조일로부터 5일,,농업회사법인(주)반디,2020037430555,20220722,20230623
상추,상추,G 양상추 샐러드,신선편의식품,제조일로부터 5일,,농업회사법인(주)반디,2020037430556,20220722,20230623
상추,상추,G 양상추파프리카 샐러드,신선편의식품,제조일로부터 5일,,농업회사법인(주)반디,2020037430557,20220722,20230623
오렌지,오렌지,G-오렌지소스,소스,실온6개월,,메이킹(making),2015016309067,20220502,20240112
크림치즈,크림치즈,G/S 산딸기크림치즈페스츄리용 휴면반죽,빵류,90 일 (수출 300일),,에스피엘주식회사,200403064181904,20160420,20190422
생크림,생크림,G/S 생크림소보루페스츄리용 휴면반죽,빵류,90 일(수출 : 300일),,에스피엘주식회사,200403064182053,20170303,20221117
키위,키위,G&G 프리미엄골드키위,신선편의식품,제조일로부터 5일까지,,(주)골든골드,2005035557716,20250520,20250528
키위,키위,G&G 프리미엄그린키위,신선편의식품,제조일로부터 5일까지,,(주)골든골드,2005035557715,20250520,20250528
귀리,귀리,G4농부 귀리누룽지,곡류가공품,1년,,수재 농업회사법인 주식회사,2021056703137,20251125,20251126
들깨,들깨,G들깨향기름,향미유,제조일부터 12개월,,다인식품,201603620445,20160212,20170821
오징어,오징어,G오징어튀김용배터,곡류가공품,제조일로부터 1년,,(주) 삼지에프 에스,200004613258491,20251209,20260123
오징어,오징어,G오징어튀김용염지제,복합조미식품,제조일로부터 1년,,(주) 삼지에프 에스,200004613258496,20251209,20260117
오징어,오징어,G오징어튀김용프리더스트,곡류가공품,제조일로부터 1년,,(주) 삼지에프 에스,200004613258493,20251209,20251211
참깨,참깨,G참깨향기름,향미유,제조일부터 12개월,,다인식품,2016036204410,20160212,20210421
스낵,스낵,GABA 현미스낵,과자,12개월,12개월,영농조합법인 우리고을,202206872052,20240307,20240309
짜장,짜장,Gaius 떡볶이분말소스(짜장맛),복합조미식품,1년,,다정한부엌,202002939133,20201203,20201210
바나나,바나나,GAMDONGSIKHYE BANANA 감동식혜 바나나,혼합음료,제조일로부터 12개월,해당없음.,(주)오리지널에프앤비,2025056387718,20250814,20260201
명란,명란,GB 명란바게트,빵류,제조일로부터 6개월,,주식회사 케익모아,200400361151038,20260514,20260519
생크림,생크림,GB 생크림 모찌빵,빵류,제조일로부터 9개월,,주식회사 케익모아,200400361151043,20260528,20260530
초콜릿,초콜릿,GB화이트초콜릿,화이트초콜릿,제조일로부터 12개월,,(주)해명씨앤씨,202405802594,20240620,20240621
스테이크소스,스테이크소스,GET201 스테이크소스,소스,3개월,,메이킹(making),2015016309097,20230403,20240112
들기름,들기름,GF고소한들기름메밀면소스,소스,냉장 6개월,,주식회사 소스형제들,2025053001428,20250729,20250802
파스타,파스타,GF바질파스타,소스,냉장 5개월,,주식회사 소스형제들,2025053001452,20260206,20260211
참깨,참깨,GF참깨간장소스,소스,냉장 6개월,,주식회사 소스형제들,2025053001427,20250729,20250802
스낵,스낵,GFC 김스낵 - 김치 GFC Seaweed Snack (Kimchi Flavor),조미김,제조일로부터 1년,,갓바위식품(주),2020046514885,20201019,20201105
스낵,스낵,GFC 김스낵 - 오리지날 GFC Seasoned Laver (Original Flavor),조미김,제조일로부터 1년,,갓바위식품(주),2020046514886,20201019,20201105
스낵,스낵,GFC 김스낵 - 와사비  GFC Seasoned Laver (Wasabi Flavor),조미김,제조일로부터 1년,,갓바위식품(주),2020046514887,20201019,20201105
순두부,순두부,GFS 순두부정식,즉석섭취식품,제조일시로부터 6시간,,(주)굿푸드시스템,2019040189436,20240117,20240123
짜장,짜장,GFS 우리집도시락 짜장정식,즉석섭취식품,제조일시로부터 6시간,,(주)굿푸드시스템,2019040189418,20230925,20231012
카레,카레,GFS 치킨카레정식,즉석섭취식품,제조일시로부터 6시간,,(주)굿푸드시스템,2019040189431,20240103,20240105
우엉,우엉,GFS우엉조림,조림류,제조일부터 6개월,,(주)에스엘푸드,20150617092476,20250311,20250312
우엉,우엉,GFS유부우엉조림,조림류,제조일부터 6개월,,(주)에스엘푸드,20150617092477,20250312,20250313
우유,우유,Ghana 초코우유,혼합음료,제조일로부터 120일,,(주)푸르밀,19930188025112,20240912,20260422
김자반,김자반,GIM4U 광천김자반볶음,조미김,365일,,영어조합법인 최강식품,20140473138322,20240710,20240723
귤,귤,Glutathione Jeju Tangerine Jelly(글루타치온 제주감귤젤리),캔디류,"제조일로부터 24개월(내수용) ,  제조일로부터 36개월(수출용)",,주식회사 엔푸드,20040415088419,20241210,20241211
버섯,버섯,GMK버섯이뮨,기타가공품,제조일로부터 24개월,,주식회사 기운찬,2014044902737,20211201,20220210
버섯,버섯,GNB 노루궁뎅이버섯진액,액상차,24개월,,강화명품주식회사,2005021104838,20170918,20170922
당근,당근,GO ON A DIET 당근라페 샐러드,즉석섭취식품,제조일로부터 6일까지,,농업회사법인주식회사 저스트그린,20150360314378,20260106,20260110
햄,햄,GOLD햄&에그샌드,즉석섭취식품,제조시간으로부터 56시간,,롯데평택CK 주식회사,199503062741509,20220404,20260617
햄,햄,GOLD햄&에그샌드,즉석섭취식품,제조시간으로부터 53시간 까지,,롯데부산CK 주식회사,200206143692512,20220412,20260613
햄,햄,GOLD햄＆에그샌드,즉석섭취식품,제조시간으로부터 53시간,,롯데광주CK 주식회사,200202215922012,20220405,20260613
참깨,참깨,Golden Health 검은콩·검은참깨 호두&아몬드,가공두유,제조일부터 12개월,,(주)서울에프엔비,20200401439278,20250220,20250223
참깨,참깨,Golden Health 검은콩·검은참깨 호두&아몬드,가공두유,제조일로부터 12개월,,주식회사 연두,20180491044123,20200625,20240117
참깨,참깨,Golden Health 검은콩·검은참깨 호두&아몬드,가공두유,제조일부터 12개월,,(주)서울에프엔비 횡성지점,20080395120819,20250220,20250222
키위,키위,Golden Kiwi Flavor ES1 (골든키위향 ES1),향료,해당사항없음,해당사항없음,주식회사 세림향료,20080275062989,20200103,20220702
식초,식초,GOMGOM 마시는 애플사이다 식초,발효식초,제조일로 부터 3년,,(주)천연식품,20080555150131,20190221,20190227
양파,양파,GOOD즙 빨간양파즙,액상차,2년,,농업회사법인(주)황토마을식품,2009052509338,20250715,20250719
김자반,김자반,goodal 어린이김자반볶음,조미김,제조일로부터 12개월,제조일로부터 12개월,주식회사 태산알엔디 영광공장,20200531137115,20220404,20250917
오이,오이,GOPIZZA 생오이피클,절임식품,제조일로부터 180일까지,-,주식회사 일미푸드,20040257068145,20201125,20250419
핫도그,핫도그,GOURMET 치즈크리스피핫도그,빵류,제조일부터      9  개월 까지,,(주)우양 서천공장,20210475029148,20220622,20241220
소고기,소고기,GP 소고기 숙성제,복합조미식품,제조일로부터 12개월,,(주)우성푸드텍,2010034519727,20180830,20251114
그래놀라,그래놀라,Gr+ 저당 프로틴 그래놀라 베리,곡류가공품,제조일로부터 12개월까지,,(주)인크레더블,2022051255396,20251029,20260201
그래놀라,그래놀라,Gr+ 저당 프로틴 그래놀라 시그니처,곡류가공품,제조일로부터 12개월까지,,주식회사 인크레더블,2020012097694,20241016,20260201
그래놀라,그래놀라,Gr+ 저당 프로틴 그래놀라 시그니처,곡류가공품,제조일로부터 12개월까지,,(주)인크레더블,2022051255375,20240913,20260201
그래놀라,그래놀라,Gr+ 저당 프로틴 그래놀라 카카오,곡류가공품,제조일로부터 12개월까지,,(주)인크레더블,2022051255395,20251029,20260201
그래놀라,그래놀라,Gr+ 프로틴 그래놀라 시그니처,곡류가공품,제조일로부터 12개월,,(주)인크레더블,2022051255336,20230911,20260201
그래놀라,그래놀라,Gr+ 프로틴 그래놀라 시그니처,곡류가공품,제조일로부터 12개월까지,,주식회사 인크레더블,2020012097661,20220414,20260201
그래놀라,그래놀라,Gr+ 프로틴 그래놀라 시나몬,곡류가공품,제조일로부터 12개월까지,,(주)인크레더블,2022051255334,20230911,20260201
그래놀라,그래놀라,Gr+ 프로틴 그래놀라 시나몬,곡류가공품,제조일로부터 12개월까지,,주식회사 인크레더블,2020012097663,20220414,20260201
그래놀라,그래놀라,Gr+ 프로틴 그래놀라 카카오,곡류가공품,제조일로부터 12개월까지,,(주)인크레더블,2022051255335,20230911,20260201
그래놀라,그래놀라,Gr+ 프로틴 그래놀라 카카오,곡류가공품,제조일로부터 12개월까지,,주식회사 인크레더블,2020012097662,20220414,20260201
그래놀라,그래놀라,Gr그래놀라토핑,곡류가공품,제조일로부터 12개월까지,,주식회사 인크레더블,2020012097696,20241105,20241106
그래놀라,그래놀라,Gr그래놀라토핑 시그니처,곡류가공품,제조일로부터 12개월까지,,(주)인크레더블,2022051255379,20241105,20260226
초콜릿,초콜릿,GRBK 다크초콜릿&시트러스,곡류가공품,제조일로부터 12개월까지,,주식회사 어반파머,20200470107113,20231027,20231208
고등어,고등어,Grilled 고등어,기타 수산물가공품,제조일로부터 12개월까지,,청우 F&B 제2공장,2021053108623,20220916,20220921
전복,전복,Grilled 전복버터,기타 수산물가공품,제조일로부터 12개월까지,,청우 F&B 제2공장,2021053108622,20220804,20220806
계란,계란,Grilled MUSUBI CLASSIC EGG 식물성 햄 계란 무스비,즉석조리식품,제조일로부터 18개월까지 (-18℃이하 냉동보관),,(주)이노하스,2024066107566,20251202,20251204
복숭아,복숭아,GRS 복숭아아이스티,당류가공품,제조일부터 12개월 (실온보관),,(주)동원홈푸드,2002046107316531,20251224,20260115
당근,당근,GRS당근라페,절임식품,제조일로부터 6개월,,농업회사법인 비전프라임 주식회사,2016030801786,20250325,20250329
마요네즈,마요네즈,GS 마요네즈,마요네즈,제조일로부터 5개월,,롯데웰푸드주식회사천안공장,199604490021913,20240731,20250920
베이컨,베이컨,GS FRESH 아삭아삭베이컨샌드위치,즉석섭취식품,제조시간으로 부터 96시간 까지,제조시간으로 부터 96시간 까지,(주)농업회사법인 은성,20160375275136,20250325,20250518
햄,햄,GS FRESH 아삭아삭햄치즈샌드위치,즉석섭취식품,제조시간으로 부터 96시간 까지,제조시간으로 부터 96시간 까지,(주)농업회사법인 은성,20160375275135,20250325,20260123
소고기,소고기,GS Fresh) 교동전선생 소고기무국,즉석조리식품,제조일로부터 12개월,해당없음.,(주)달구지푸드 2공장,2023024927913,20230714,20230720
양파,양파,GS슬라이스양파,신선편의식품,제조일로부터 7일까지 (냉장),,주식회사 삼립 청주공장,20170415080610,20210315,20210317
라면,라면,GS틈새오모리김치찌개라면 건더기스프 (용기면),기타가공품,제조일로부터 12개월,,(주) 팔도,19830358021673,20230516,20230520
라면,라면,GS틈새오모리김치찌개라면 분말스프 (용기면),복합조미식품,제조일로부터 12개월,,(주) 팔도,19830358021672,20230516,20230520
튀김가루,튀김가루,GT튀김가루,전분가공품,제조일로부터 1년,,(주) 삼지에프 에스,200004613255886,20221108,20221110
버섯,버섯,GWITEA 꽃송이버섯 효소발효티,침출차,3년,,발효코리아,20090530083209,20251128,20251204
오렌지,오렌지,GYULMEDAL 블러드 오렌지,과.채주스,1년,,농업회사법인생명나무주식회사,2017063205946,20230526,20250617
귤,귤,GYULMEDAL 유기농 감귤주스,과.채주스,1년,,농업회사법인생명나무주식회사,2017063205937,20230316,20251023
귤,귤,GYULMEDAL 유기농 청귤즙,과.채주스,1년,,농업회사법인생명나무주식회사,2017063205955,20230907,20241205
귤,귤,GYULMEDAL 청귤 워터젤리,캔디류,3개월,,농업회사법인주식회사제주클린산업,202006204524,20260203,20260206
귤,귤,GYULMEDAL감귤초콜릿,초콜릿,12개월,,새오름영농조합법인,2019062147929,20260120,20260609
시래기,시래기,H 양구펀치볼시래기밥,즉석조리식품,제조일로부터 12개월 까지,,농업회사법인 주식회사 한우물,20080493074409,20180130,20240117
굴소스,굴소스,h_Cook 굴소스,소스,제조일로부터 6개월,,대상푸드플러스주식회사,198804490041934,20180301,20220820
오징어,오징어,H.오징어배터믹스,전분가공품,제조일로부터 24개월까지,제조일로부터 24개월까지,해찬솔에프쓰리,201904680231113,20250811,20250813
오징어,오징어,H.오징어베타,전분가공품,제조일로부터 24개월까지,제조일로부터 24개월까지,해찬솔에프쓰리,201904680231112,20250811,20250813
튀김가루,튀김가루,H.C.S 전용 튀김가루,곡류가공품,제조일로부터 1년,제조일로부터 1년,(주)삼양사 아산공장,199404611512085,20210524,20250101
들깨,들깨,H.I 들깨,기타가공품,제조일로부터 18개월,,한일종합농산,2006037603537,20100820,20160706
크림치즈,크림치즈,H)대파크림치즈카스타드,당류가공품,제조일로부터 43일까지(냉장),,주식회사샤니,199301880912546,20230905,20230908
우유,우유,H)딸기우유카스타드,당류가공품,제조일로부터 33일까지(실온),,주식회사샤니,199301880912577,20231218,20231220
크림치즈,크림치즈,H)어니언크림치즈카스타드,당류가공품,제조일로부터 43일까지(냉장),,주식회사샤니,199301880912602,20240517,20240518
초콜릿,초콜릿,H초콜릿,준초콜릿,12개월까지,,(주)오리온 제3익산공장,19830487051164,20180426,20260528
참치,참치,H플레이트 프라임 참치,기타 수산물가공품,제조일로부터 2년 (냉동 18~50도이하),,(주)양지엔터프라이즈,2007027506939,20210114,20210121
핫도그,핫도그,H핫도그믹스,기타가공품,제조일로 부터 365일 까지,,사조동아원(주) 부산공장,19950129282536,20210316,20230301
도토리묵,도토리묵,HACCP 국산 도토리묵 묵채864,묵류,제조일로부터12일,,서구식품,2009037013221,20210405,20250805
도토리묵,도토리묵,HACCP 국산 도토리묵 절단161,묵류,제조일로부터12일,,서구식품,2009037013220,20210405,20250805
도토리묵,도토리묵,HACCP 국산 도토리묵 판,묵류,제조일로부터12일,,서구식품,2009037013219,20210405,20250805
도토리묵,도토리묵,HACCP 도토리묵 묵채 864,묵류,제조일로부터12일,,서구식품,2009037013218,20210405,20250805
도토리묵,도토리묵,HACCP 도토리묵 절단161,묵류,제조일로부터12일,,서구식품,2009037013217,20210405,20250805
도토리묵,도토리묵,HACCP 도토리묵 판,묵류,제조일로부터12일,,서구식품,2009037013216,20210405,20250805
귤,귤,HALLABONG&GAMGYUL (한라봉&감귤),과.채주스,제조일로부터 1년,,오라향농업회사법인주식회사,2017062865942,20201119,20201120
고등어,고등어,Hallo! 국산 고등어,기타 수산물가공품,제조일로부터 12개월까지,,(주)씨글로벌,2012027517588,20210727,20250516
고등어,고등어,Hallo! 노르웨이 고등어,기타 수산물가공품,제조일로부터 12개월까지,,(주)씨글로벌,2012027517587,20210615,20210618
고등어,고등어,Hallo! 노르웨이고등어,기타 수산물가공품,-18도 이하냉동보관 12개월,,(주)바다마을,2002016854559,20170216,20180117
고등어,고등어,Hallo! 한끼 순살 노르웨이고등어,기타 수산물가공품,제조일로부터 12개월까지,,(주)씨글로벌,20120275175124,20250605,20250606
스낵,스낵,Halo 초코 아몬드 김스낵,조미김,12개월,12개월,(주)김노리,2013047312973,20170515,20170519
스낵,스낵,Halo 초코 코코넛 김스낵,조미김,12개월,12개월,(주)김노리,2013047312974,20170515,20170519
귀리,귀리,Hamburg Steak & Chickpea Oat Rice 함박스테이크와 병아리콩귀리밥,즉석조리식품,냉동 18개월,,(주)이에스그린푸드,20170443338669,20240403,20240627
들깨,들깨,HAN★BYUL 들깨누룽지,곡류가공품,제조일로부터12개월,제조일로부터 12개월,박씨네누룽지 영농조합법인,2010049303512,20220302,20240117
들기름,들기름,HANARO굿 국산들기름 광천재래김,조미김,제조일로부터 12개월,,광천농협 김 가공공장,2015047323152,20220711,20220713
들기름,들기름,HANARO굿 국산들기름 광천파래김,조미김,제조일로부터 12개월,,광천농협 김 가공공장,2015047323153,20220711,20220713
참기름,참기름,HANARO굿 국산참기름 광천 돌자반,가공김(조미김 또는 구운김),제조일로부터 12개월까지,,광천농협 김 가공공장,2015047323123,20160816,20260610
라면,라면,HANARO굿 더 한끼라면 매운맛,유탕면,제조일로부터 6개월까지,,(주) 팔도,19830358021761,20250715,20250717
라면,라면,HANARO굿 더 한끼라면 순한맛,유탕면,제조일로부터 6개월까지,,(주) 팔도,19830358021760,20250715,20250717
튀김가루,튀김가루,HANARO굿 튀김가루,기타가공품,제조일로부터 365일 까지,,사조동아원(주) 부산공장,19950129282487,20190702,20190706
유부,유부,HANMI 슬라이스냉동유부,가공두부,제조일로부터 9개월,,(주)한미식품,20150464166172,20180827,20251107
브로콜리,브로콜리,HB:Dr.NO브로콜리발아싹,침출차,제조일로부터 12개월까지,,에이치비바이오텍(주),202205181004,20221212,20240116
햄,햄,HB)햄데니쉬(살라미),빵류,제조일로부터 15일까지,,서울식품공업(주),198504330152079,20191223,20191224
햄,햄,HB)햄데니쉬(슁켄스펙),빵류,제조일로부터 15일까지,,서울식품공업(주),198504330152080,20191223,20191224
스테이크소스,스테이크소스,HB스테이크소스,소스,제조일로부터 6개월 까지,,(주)하림산업 함열식품1공장,20200491392170,20210812,20240412
튀김가루,튀김가루,HCS튀김가루,전분가공품,제조일로부터 24개월까지,제조일로부터 24개월까지,해찬솔에프쓰리,20190468023520,20220419,20220420
조개,조개,HD 조개스탁 Ⅱ,소스,제조일로부터 1개월,,소스앤소울(Sauce&Soul),2015033324128,20240702,20251101
과자,과자,HD모나카과자,과자,제조일로 부터 12개월,제조일로 부터 12개월,동산산업(주),2000025705665,20240110,20240115
부추,부추,HD부추가리비무침,기타 수산물가공품,제조일로부터 12개월,,(주)해담은푸드,2011034548199,20260614,20260617
부추,부추,HD부추꼬막무침,기타 수산물가공품,제조일로부터 12개월,,(주)해담은푸드,2011034548196,20260614,20260616
스테이크소스,스테이크소스,HD스테이크소스,소스,제조일로부터 6개월까지,,한담에프앤비,202306834676,20250721,20260512
돈까스소스,돈까스소스,HD일식돈까스소스,소스,제조일로부터 6개월까지,,한담에프앤비,202306834677,20250721,20260512
당근,당근,Healthy유기농NFC당근100%,과.채주스,24개월,24개월,주식회사 미쁨생활건강,20240203422115,20251117,20260522
전복,전복,HEARTY SPOON 전복미역국,즉석조리식품,실온 9개월,,(주)성보,20130443168945,20190527,20190620
귤,귤,Hello 금귤C,혼합음료,제조일로부터12개월,,드리올,2019038480589,20250205,20260201
햄,햄,HEMP-BALANCE 햄프밸런스,기타가공품,제조일로부터 24개월까지,,동서바이오팜(주),20210376666273,20250618,20251003
햄,햄,HEMP-TOX 햄프톡스,기타가공품,제조일로부터 24개월,,우리바이오 주식회사,20190326100250,20230703,20231121
바나나,바나나,Her소주 소다바나나향,일반증류주,해당 없음,해당 없음,농업회사법인 배상면주가고창LB 주식회사,2013001906435,20250707,20250707
핫도그,핫도그,HERECOOK 별크런치 핫도그,빵류,제조일로부터 12개월까지,,봄안에,2023051761344,20250926,20260201
그래놀라,그래놀라,hey cling 코코넛 그래놀라 카카오,곡류가공품,제조일로부터 12개월,,마음푸드,2015018840493,20240221,20240301
청양고추,청양고추,heybody 단백황태칩 청양고추&마요,기타 어육가공품,제조일로부터 12개월,,(주)선해수산 익산드림캠퍼스,2022068355132,20231026,20240117
복숭아,복숭아,HEYROO  납작복숭아꿀물,혼합음료,제조일로부터 12개월,,퓨어플러스(주),200206230091038,20230921,20230922
계란,계란,HEYROO 계란국,즉석조리식품,제조일로부터 12개월,,(주)대도F&D,19920392069269,20200912,20230610
스낵,스낵,HEYROO 김두부스낵,과자,제조일로부터 9개월,,(주)코스모스제과,19860332051179,20171211,20171215
대파,대파,HEYROO 대파 콘소메맛 팝콘,과자,제조 후 14개월,,(주)제이앤이 아산공장,20100461303592,20230116,20230118
스낵,스낵,HEYROO 매콤불고기스낵,과자,제조일로부터 9개월,,(주)코스모스제과,19860332051163,20170516,20170521
미역,미역,HEYROO 미역국,즉석조리식품,제조일로부터 15개월,,(주)대도F&D,19920392069270,20200912,20230610
탄산,탄산,HEYROO 청사과탄산,탄산음료,제조일로부터 12개월,,건강한사람들 주식회사 2사업장,20030473071193,20160502,20160706
바나나,바나나,HEYROO 초코바나나콘,과자,제조일로부터 9개월,,(주)코스모스제과,19860332051123,20160419,20160706
과자,과자,HEYROO고구마형과자,과자,9개월,,(주)코스모스제과,1986033205189,20150210,20160706
탄산,탄산,HEYROO레몬탄산,탄산음료,12개월,,건강한사람들 주식회사 2사업장,20030473071162,20140930,20160706
베이컨,베이컨,HEYROO베이컨크림그라탕,즉석조리식품,제조일로부터 2개월까지,,(주)성보,201304431681217,20250430,20250513
베이컨,베이컨,HEYROO베이컨크림그라탕소스,소스,제조일로부터 1개월까지,,(주)성보,201304431681216,20250430,20250513
과자,과자,HEYROO왕소라형과자,과자,9개월,,(주)코스모스제과,1986033205190,20150210,20160706
파스타,파스타,HI-FIVE 페퍼 파스타,즉석조리식품,제조일로부터 12개월까지,,에이푸드 주식회사,20090445082794,20260202,20260204
파스타,파스타,HI-FIVE 페퍼 파스타,즉석조리식품,제조일로부터 12개월까지(냉동),,존쿡 쉐프의 키친(Johncook chef's kitchen),20170360272637,20241210,20241213
닭가슴살,닭가슴살,HJF 닭가슴살시즈닝,복합조미식품,제조일로부터 12개월까지,,(주)태경물산,20020211052360,20211013,20211019
닭가슴살,닭가슴살,HJF닭가슴살 F,복합조미식품,제조일로부터 12개월까지,,(주)태경물산,20020211052362,20211207,20220101
닭다리,닭다리,HJF복합믹스(닭다리용),혼합제제,미설정,,(주)태경물산,2005021114331,20211201,20240124
닭다리,닭다리,HJF복합믹스F(닭다리용),복합조미식품,제조일로부터12개월,,(주)태경물산,20020211052365,20211213,20211215
당면,당면,HK당면만두,만두,제조일로부터 9개월,,주식회사 푸드웨어,20030493186544,20230711,20250719
스테이크소스,스테이크소스,HK스테이크소스,소스,제조일로부터 6개월,,태원식품산업(주),1985031100115742,20250424,20250430
짜장,짜장,HK짜장떡볶이소스,소스,제조일로부터 5개월,,태원식품산업(주),1985031100115489,20250225,20250520
짜장,짜장,HK짜장소스,소스,6월(냉장),,(주)다미푸드텍,200204451301059,20130214,20180309
버섯,버섯,HK표고버섯균사체과립,기타가공품,제조일로부터 24개월,,(주)HK바이오텍,2005060131481,20210629,20210708
카레,카레,HL치킨용파우더(카레절반↓),곡류가공품,제조일로부터 1년,,(주) 삼지에프 에스,200004613258671,20260206,20260210
짜장,짜장,HMR사천식짜장소스,소스,제조일로부터 12개월,,태원식품산업(주),1985031100111876,20220314,20220323
바나나,바나나,HNB 올인원 멀티쉐이크 앱솔루트 바나나맛,기타가공품,제조일로부터 18개월까지,,주식회사 어반파머,20200470107166,20251209,20251212
베이컨,베이컨,HOME MEAL 중화베이컨야채볶음밥,즉석조리식품,"냉동, 12개월",,(주)시아스,200504150204650,20230315,20230324
잼,잼,Home plus 딸기잼,잼,제조일로부터 3년,,설정식품(주),19890601199137,20071121,20180130
바나나,바나나,Home plus 바나나콘,과자,제조일로부터 9개월,,(주)코스모스제과,19860332051117,20160205,20160706
스낵,스낵,Home plus 스낵삼총사,과자,제조일로부터 9개월,,(주)코스모스제과,19860332051118,20160205,20170901
버섯,버섯,Homeplus signature 곤드레버섯나물밥,즉석조리식품,"냉동, 12개월",,(주)시아스,200504150203510,20190920,20191011
버섯,버섯,Homeplus signature 곤드레버섯나물밥(알밥),즉석조리식품,"냉동, 12개월",,(주)시아스,200504150203509,20190920,20191025
낙지,낙지,Homeplus signature 낙지볶음밥,즉석조리식품,"냉동, 12개월",,(주)시아스,200504150203512,20190920,20221221
낙지,낙지,Homeplus signature 낙지볶음밥(알밥),즉석조리식품,"냉동, 12개월",,(주)시아스,200504150203511,20190920,20191011
라면,라면,Homeplus signature 라면사리,유탕면,제조일로부터 6개월,,오뚜기라면(주),19860309018992,20210416,20210417
설탕,설탕,Homeplus Signature 무설탕 커피캔디,캔디류,제조일로부터 12개월,,국제제과(주),20010415034675,20200908,20200919
설탕,설탕,Homeplus Signature 무설탕 허브캔디,캔디류,제조일로부터 12개월,,국제제과(주),20010415034677,20200914,20200923
설탕,설탕,Homeplus Signature 무설탕 홍삼캔디,캔디류,제조일로부터 12개월,,국제제과(주),20010415034676,20200908,20200919
베이컨,베이컨,Homeplus Signature 베이컨감자스프,즉석조리식품,"실온, 8개월",,(주)시아스,200504150203938,20201008,20201217
후추,후추,Homeplus Signature 순후추,천연향신료,제조일로부터 24개월,,주식회사 움트리,19920372190398,20200611,20200616
설탕,설탕,Homeplus Signature무설탕 과일캔디,캔디류,제조일로부터 12개월,,국제제과(주),20010415034678,20200914,20200919
라면,라면,HONDA RAMEN 생라면,생면,90일(실온),,(주)한국제면,2010036857288,20171229,20240605
복숭아,복숭아,HONEST 복숭아 아이스티 베이스,음료베이스,제조일로부터 24개월까지,,주식회사 서울팩토리,20240672413137,20250910,20250912
복숭아,복숭아,HONEST 복숭아베이스,음료베이스,제조일로부터 24개월까지,,주식회사 서울팩토리,2024067241378,20250428,20250710
바나나,바나나,HONEST SMOOTHIE 아보카도바나나,과.채가공품,제조일로부터 24개월까지,,(주)우양(청양공장),20150472063863,20220830,20220901
요거트,요거트,HONEY LEMON YOGURT 허니레몬요거트 드레싱,소스,제조일부터 6개월,,서울향료(주)진천공장,201804502621670,20240509,20241228
오징어,오징어,Hot!한 오징어링,기타 수산물가공품,제조일로부터 냉동 12개월까지,,(주)하늘푸드제2공장,20140364316141,20230825,20260201
미역,미역,HOT한미역국탕면,즉석조리식품,제조일로부터 12개월,,주식회사 락컴퍼니,20210202173372,20260213,20260401
라면,라면,HOXY 라면 토핑,기타가공품,제조일로부터 18개월,,베스트신우,201703328333,20250115,20250118
라면,라면,HOXY 라면시즈닝 토핑믹스(비프맛),복합조미식품,제조일로부터 24개월,,정우푸드,2019035057951,20260226,20260321
라면,라면,HOXY 라면시즈닝 토핑믹스(치킨맛),복합조미식품,제조일로부터 24개월,,정우푸드,2019035057950,20260226,20260318
라면,라면,HOXY라면스프NMHS(비프맛),복합조미식품,제조일로부터24개월,,영애드에프아이,20020364340806,20260204,20260214
라면,라면,HOXY라면스프NMHS(치킨맛),복합조미식품,제조일로부터24개월,,영애드에프아이,20020364340807,20260204,20260214
라면,라면,HOXY한국라면시즈닝(베지맛-NM),복합조미식품,제조일로부터 24개월,,영애드에프아이,20020364340789,20240429,20260201
라면,라면,HOXY한국라면시즈닝(불닭맛-NM),복합조미식품,제조일로부터 24개월,,영애드에프아이,20020364340786,20240429,20260201
라면,라면,HOXY한국라면시즈닝(비프맛-NM),복합조미식품,제조일로부터 24개월,,영애드에프아이,20020364340785,20240426,20260201
라면,라면,HOXY한국라면시즈닝(인페르노-NM),복합조미식품,제조일로부터 24개월,,영애드에프아이,20020364340788,20240429,20260201
라면,라면,HOXY한국라면시즈닝(치킨맛-NM),복합조미식품,제조일로부터 24개월,,영애드에프아이,20020364340787,20240429,20260201
양배추,양배추,HP7유산균양배추발효액,과.채가공품,제조일로부터 36개월까지,,(주)엠에스씨,198506140553441,20230615,20230630
바나나,바나나,HS 바나나 라떼,기타가공품,제조일로부터 2년,-,(주)가배온,199803643261175,20250826,20260201
복숭아,복숭아,HS 복숭아 아이스티,고형차,제조일로부터 2년,,(주)가배온,199803643261169,20250722,20260201
과자,과자,HS단과자빵,빵류,제조일로부터 9개월,,주식회사이학순베이커리,20170304739229,20251202,20251204
돈까스소스,돈까스소스,HS돈까스소스,소스,제조일로부터 6개월(냉장),,희푸드,20130362762100,20180512,20180516
젓갈,젓갈,HSF 비빔젓갈,양념젓갈,제조일로부터 12개월,,동화푸드,20020392437373,20250806,20250807
명란,명란,HSF요리명란500,양념젓갈,제조일로부터 18개월,,동화푸드,20020392437374,20250210,20250212
연어,연어,HURRA 휘라 슬라이스 생연어,기타 수산물가공품,제조일로부터 10일,,(주)블루씨푸드(부산공장),2021014406130,20230420,20240716
연어,연어,HURRA 휘라 큐브 생연어,기타 수산물가공품,제조일로부터 10일,해당없음.,(주)블루씨푸드(부산공장),2021014406131,20240311,20240716
연어,연어,HURRA 휘라 훈제 생연어,기타 수산물가공품,제조일로부터 15일,,우영수산주식회사,20050144621198,20160308,20240717
카레,카레,HY 컴퍼니 분말소스 25호 카레맛떡볶이 약간순한맛,복합조미식품,제조일부터1년,제조일부터1년,HY컴퍼니,2019054245822,20190505,20200611
카레,카레,HY 컴퍼니 분말소스 26호 카레맛떡볶이 보통매운맛,복합조미식품,제조일부터1년,제조일부터1년,HY컴퍼니,2019054245823,20190505,20200611
카레,카레,HY 컴퍼니 분말소스 27호 카레맛떡볶이 완전매운맛,복합조미식품,제조일부터1년,제조일부터1년,HY컴퍼니,2019054245824,20190505,20200611
짜장,짜장,HY 컴퍼니 분말소스 31호 짜장떡볶이 약간순한맛,복합조미식품,제조일부터1년,제조일부터1년,HY컴퍼니,2019054245826,20190505,20200611
짜장,짜장,HY 컴퍼니 분말소스 32호 짜장떡볶이 보통매운맛,복합조미식품,제조일부터1년,제조일부터1년,HY컴퍼니,2019054245827,20190505,20200611
짜장,짜장,HY 컴퍼니 분말소스 33호 짜장떡볶이 완전매운맛,복합조미식품,제조일부터1년,제조일부터1년,HY컴퍼니,2019054245828,20190505,20200611
버섯,버섯,HY버섯혼합농축액,기타가공품,제조일부터 24 개월,,(주)신우코퍼레이션,2016060119656,20191111,20200718
잼,잼,I'M STRAWBERRY HONEY(딸기꽃꿀 잼),잼,제조일로부터 1년,1년,다산명가(주)농업회사법인,20080522026404,20240919,20240927
복숭아,복숭아,ICE TEA 복숭아,고형차,제조일로부터 36개월,,(주)꽃샘식품,20060372438311,20170331,20250520
복숭아,복숭아,ICE TEA PEACH(복숭아아이스티),혼합음료,제조일로부터 18개월,,(주)바이오포트코리아,20000614238528,20230309,20230708
그래놀라,그래놀라,icireal 그래놀라,과자,제조일로부터 6개월,6개월,새싹발아통밀빵,2018061806612,20220524,20220625
그래놀라,그래놀라,ILB 그래놀라 베이글,빵류,제조일로부터 6개월,,세동주식회사,20210164045165,20260330,20260403
양파,양파,ILB양파드레싱,소스,제조일로부터  4개월,,태원식품산업(주),1985031100113577,20230828,20230830
요거트,요거트,ILB요거트파우더,당류가공품,24개월,,(주)대호식품,20020368481721,20241022,20241025
스테이크소스,스테이크소스,IPC스테이크소스,소스,제조일로부터 6개월,,태원식품산업(주),1985031100110779,20210513,20210514
수박,수박,IQF수박,과.채가공품,제조일로부터 36개월,,래미에프앤비,19980364259237,20180704,20260201
설탕,설탕,It's 무설탕 애플캔디,캔디류,제조일로부터2년까지(실온보관),,(주)고궁,2004027504754,20141126,20211216
설탕,설탕,Its 무설탕 레몬캔디,캔디류,제조일로부터2년까지(실온보관),,(주)고궁,2004027504755,20141126,20240116
설탕,설탕,Its 무설탕 망고캔디,캔디류,제조일로부터 24개월까지,,(주)고궁,2004027504775,20170418,20240120
돈까스소스,돈까스소스,J-돈까스소스,소스,제조일로부터 6개월까지,,(주)미래푸드,20190424115104,20230729,20230731
카레,카레,J.S 카레소스,소스,제조일부터 12개월 (냉동보관),,(주)동원홈푸드,2002046107314004,20230802,20230803
카레,카레,J.S 카레소스,소스,제조일부터 12개월 (냉동보관),,(주)동원홈푸드,201904421491637,20230802,20230804
돈까스소스,돈까스소스,J.S경양식돈까스소스,소스,제조일로부터 6개월까지,없음,주식회사조흥,199703111001105,20210208,20260216
돈까스소스,돈까스소스,J.S경양식돈까스소스,소스,제조일로부터 6개월까지,없음,주식회사 조흥,20220619309117,20240123,20260113
돈까스소스,돈까스소스,J.S매운돈까스소스,소스,제조일로부터 6개월까지,없음,주식회사조흥,199703111001109,20210202,20221008
양파,양파,J.S양파장소스,소스,1년,,(주)예우당에프에스,200804450561018,20240221,20240222
돈까스소스,돈까스소스,J.S일식돈까스소스,소스,제조일로부터 6개월까지,없음,주식회사조흥,199703111001110,20210202,20221008
햄,햄,J.S햄버거소스,소스,제조일로부터  4개월,,태원식품산업(주),1985031100114288,20240320,20240327
돈까스소스,돈까스소스,J1돈까스소스,소스,제조일로부터 6개월,,프레시플러스 주식회사,200304432175769,20250124,20250417
멸치,멸치,J1멸치육수베이스,소스,제조일로부터 6 개월,,프레시플러스 주식회사,200304432175838,20250723,20250724
짜장,짜장,J니하오짜장분말,복합조미식품,제조일로부터 12개월,,(주)가온푸드 음성공장,2020045204454,20200511,20201028
오이,오이,Jackson 오이피클,절임식품,제조일로부터 6개월까지,-,주식회사 일미푸드,20040257068185,20251231,20260117
잼,잼,JAMMINT 74% 딸기잼,잼,12개월,12개월,(주)농업회사법인 일경팜앤푸드,2018039165043,20240123,20240125
잼,잼,JAMMINT 74% 사과잼,잼,12개월,12개월,(주)농업회사법인 일경팜앤푸드,2018039165054,20241111,20241113
잼,잼,JAMMINT 75% 고함량 라이트 딸기잼,잼,12개월,12개월,(주)농업회사법인 일경팜앤푸드,2018039165052,20240905,20240924
잼,잼,JAMMINT 75% 고함량 라이트 블루베리잼,잼,12개월,12개월,(주)농업회사법인 일경팜앤푸드,2018039165053,20241011,20241015
잼,잼,JAMMINT 75% 고함량 라이트 사과잼,잼,12개월,12개월,(주)농업회사법인 일경팜앤푸드,2018039165055,20241111,20241123
잼,잼,Jammy's 미니딸기잼,잼,제조일로부터 24개월까지(실온),,(주)호남샤니,19920221099464,20200504,20230601
식초,식초,Jayone사과식초,발효식초,제조일로부터 3년,,유동산업 주식회사,1997056910850,20260123,20260127
식초,식초,Jayone양조식초,발효식초,제조일로부터 3년,,유동산업 주식회사,1997056910851,20260123,20260127
들기름,들기름,JAYU 맑은 들기름,들기름,제조일로부터 1년,제조일로 부터 1년(12개월),농업회사법인주식회사유화당,2018048569353,20250627,20250702
참기름,참기름,JAYU 맑은 참기름,참기름,제조일로부터 1년,제조일로 부터 1년(12개월),농업회사법인주식회사유화당,2018048569352,20250627,20250702
초장,초장,JB 초장,소스,제조일로부터 12개월까지,,두배,2022052301184,20241227,20250123
순두부,순두부,JB패밀리 순두부찌개소스,소스,제조일로부터 6개월까지,,(주)호반식품,201604150511661,20260424,20260425
돈까스소스,돈까스소스,JB패밀리돈까스소스,소스,제조일로부터 6개월,,(주)호반식품,20160415051322,20190409,20200328
돈까스소스,돈까스소스,JB패밀리로제돈까스소스,소스,제조일부터 3개월 (냉장보관),,(주)동원홈푸드,200204610739402,20180618,20200414
스테이크소스,스테이크소스,JB패밀리찹스테이크소스,소스,제조일로부터6개월,,(주)호반식품,20160415051156,20170625,20220119
돈까스소스,돈까스소스,JB패밀리피넛돈까스소스,소스,제조일부터 3개월 (냉장보관),,(주)동원홈푸드,200204610739405,20180620,20260316
소시지,소시지,JBOD.소시지인치즈베이글,빵류,제조일로부터 9개월까지 (냉동),,(주)샤니,197102750035204,20220228,20220401
우유,우유,JBY우유식빵,빵류,제조일로부터7일까지(상온),제조일로부터7일까지(상온),장복용과자공방,2013027505756,20251103,20251105
들기름,들기름,JD들기름소스,소스,제조일로부터 90일,,제이디푸드,202503745427,20260504,20260513
스테이크소스,스테이크소스,JD함박스테이크소스,소스,제조일로부터 4개월,,태원식품산업(주),1985031100114639,20240621,20240627
요거트,요거트,JDMR 플레인요거트파우더,당류가공품,18개월,,(주)베오베,20170347016300,20250718,20250723
돼지고기,돼지고기,JE돼지고기장조림,조림류,제조일로부터 12개월,,(주)정이푸드빌,20060392118543,20210804,20251031
소고기,소고기,JE소고기장조림,조림류,제조일로부터 12게월,,(주)정이푸드빌,20060392118542,20210804,20251031
낙지,낙지,JE양념낙지,기타 수산물가공품,제조일로부터 12개월,,(주)정이푸드빌,2006039211855,20221021,20251031
귤,귤,JEJU 감귤100% NFC 착즙주스,과.채주스,제조일로부터 12개월까지,,주식회사 퓨럽2공장,20110445029241,20260128,20260131
초콜릿,초콜릿,JEJU 석창포 WITH 리얼 초콜릿,초콜릿,12개월,제조일로 부터 12개월,새오름영농조합법인,2019062147918,20210623,20260519
초콜릿,초콜릿,JEJU 석창포 WITH 리얼 초콜릿(냉장),초콜릿,5개월(냉장),,새오름영농조합법인,201906214794,20200102,20241026
귤,귤,JEJU한라봉감귤,과.채음료,제조일로부터 12개월까지,,제주과랑,2005063133157,20170313,20190503
귤,귤,JEJUcocori 천연 감귤향,기타천연향료,해당사항 없음,유통기한 설정 사유서 참조,농업회사법인 주식회사 제주클린산업,201406279383,20200706,20200711
마요네즈,마요네즈,JFC 마요네즈,마요네즈,제조일로부터 8개월까지.(실온보관),,(주)시아스,200504150201084,20100816,20160706
마요네즈,마요네즈,JFC 와사비 마요네즈,마요네즈,제조일로부터 8개월까지.(실온보관),,(주)시아스,200504150201087,20100816,20160706
카레,카레,JFC 카레컵우동,숙면,제조일로부터 12개월까지 (실온),,주식회사삼립,199503380158165,20200214,20210601
밀가루,밀가루,JH 사라시나 메밀가루프리믹스,곡류가공품,제조일로부터 24개월까지,,진화식품,20050364896252,20250203,20260201
햄,햄,Jinju 진주햄 천하스틱 오리지날,어육소시지,제조일로부터 120일까지,,(주)진주햄,19830614003165,20241122,20260407
계란,계란,JINZZA 간장계란덮밥,즉석조리식품,냉동 12개월,,농업회사법인 주식회사 아리파머스,2022056214685,20260421,20260422
버섯,버섯,JINZZA 들깨버섯죽,즉석조리식품,냉동 9개월,,농업회사법인 주식회사 아리파머스,2022056214682,20260421,20260422
소고기,소고기,JINZZA 소고기 미역 국밥,즉석조리식품,냉동 12개월,,농업회사법인 주식회사 아리파머스,2022056214687,20260421,20260422
멸치,멸치,JINZZA 집밥멸치볶음밥,즉석조리식품,냉동 12개월,,농업회사법인 주식회사 아리파머스,2022056214690,20260421,20260422
수박,수박,JJ냉동수박베이스,과.채가공품,제조일로부터 24개월까지 (냉동),,주식회사 삼립 청주공장,201704150801020,20240604,20240608
오징어,오징어,JJ오징어염지제,복합조미식품,18개월,,(주)미광푸드,20160445482224,20241104,20241105
요구르트,요구르트,JJ요구르트드레싱소스,소스,제조일로부터 6개월,,태원식품산업(주),1985031100111827,20220315,20220330
돈까스소스,돈까스소스,JJ푸드빌돈까스소스,소스,제조일로부터 6개월 (실온보관),,(주)서해식품,20170635182517,20251204,20251206
올리고당,올리고당,JJ허니올리고당소스(DM수출용),소스,제조일로부터  4개월,,태원식품산업(주),1985031100111841,20220315,20220322
요거트,요거트,JK요거트소스,소스,제조일로부터 3개월,,태원식품산업(주),1985031100112926,20230207,20230209
요거트,요거트,JK요거트파우더,당류가공품,24개월,,(주)대호식품,20020368481363,20190211,20230802
돈까스소스,돈까스소스,JL돈까스소스,소스,제조일로부터 9개월 [냉장보관],,주식회사 유니푸드,200903720321266,20250226,20250301
명란,명란,JL명란마요소스,소스,제조일로부터 3개월,,태원식품산업(주),1985031100113821,20231103,20231107
새우젓,새우젓,JL양념새우젓,소스,제조일로부터 (0~10℃) 냉장 6개월,,주식회사 나래푸드원,20170156018527,20250909,20250912
짜장,짜장,JL짜장원액소스,소스,제조일로부터 12개월,생략,정식미가,2022048107454,20260602,20260605
크림치즈,크림치즈,JL크림치즈스프레드,소스,제조일로부터 6개월 [냉동보관],,주식회사 유니푸드,200903720321029,20230131,20241119
순두부,순두부,JM순두부찌개양념장,소스,제조일로부터 12개월,,프레시플러스 주식회사,200304432175921,20251223,20251227
짜장,짜장,JM짜장소스,소스,제조일로부터 09개월까지(냉동보관),,존쿡 쉐프의 키친(Johncook chef's kitchen),20170360272558,20231023,20231109
콩나물,콩나물,JM콩나물국스프,복합조미식품,제조일로부터 12개월,,(주)송림에프에스,201804500291361,20251031,20251101
짜장,짜장,JOAYO 짜장 떡볶이 마일드,떡류,제조일로부터 18개월,,농업회사법인(주)영풍,20240249038505,20241205,20241210
카레,카레,JOAYO 카레 떡볶이,떡류,제조일로부터 18개월,,농업회사법인(주)영풍,20240249038513,20241205,20241210
카레,카레,JOAYO 카레 떡볶이 마일드,떡류,제조일로부터 18개월,,농업회사법인(주)영풍,20240249038507,20241205,20241210
카레,카레,JOAYO 카레 라볶이,즉석조리식품,제조일로부터 12개월,,농업회사법인(주)영풍,20240249038533,20250220,20250513
카레,카레,JOAYO 카레 컵 라볶이,즉석조리식품,제조일로부터 12개월,,농업회사법인(주)영풍,20240249038527,20250102,20250513
스테이크소스,스테이크소스,JR 스테이크소스,소스,냉장 6개월,,태원식품산업(주),198503110014575,20140417,20191025
참깨,참깨,JR 참깨고마다래소스,소스,제조일로부터 4개월,,태원식품산업(주),198503110015963,20161012,20250430
오징어,오징어,JR오징어튀김용브래더,기타가공품,제조일로부터 12개월,,태원식품산업(주),198503110015164,20150819,20160706
파스타,파스타,JS 알리올리오파스타소스,소스,제조일부터 12개월 (냉동보관),,(주)동원홈푸드,2002046107316440,20251121,20251122
파스타,파스타,JS 알리올리오파스타소스,소스,제조일부터 12개월 (냉동보관),,(주)동원홈푸드,201904421492959,20251121,20251128
요거트,요거트,JS-AF 그릭요거트향 3886,혼합제제,해당없음,,(주)제이스에프아이,200302752001955,20210913,20210916
당근,당근,JS-AF 당근케이크향 8172 OS,향료제제,해당없음,,(주)제이스에프아이,200302752002421,20250930,20251002
모짜렐라,모짜렐라,JS-AF 모짜렐라치즈향 3936 OS,향료,해당없음,,(주)제이스에프아이,200302752002100,20230116,20230121
바나나,바나나,JS-AF 바나나향 2791 OS,혼합제제,해당없음,,(주)제이스에프아이,200302752001760,20200518,20200522
바나나,바나나,JS-AF 바나나향 6462,향료,해당없음,,(주)제이스에프아이,200302752002268,20240729,20240731
바나나,바나나,JS-AF 바나나향 7868 OS,향료,해당없음,,(주)제이스에프아이,200302752002389,20250627,20250705
바나나,바나나,JS-AF 바나나향 7884,향료,해당없음,,(주)제이스에프아이,200302752002388,20250627,20250705
베이컨,베이컨,JS-AF 베이컨향 8370,향료,해당없음,,(주)제이스에프아이,200302752002447,20251118,20260220
생크림,생크림,JS-AF 생크림향 3309 OS,혼합제제,해당없음,,(주)제이스에프아이,200302752002049,20220614,20220617
양파,양파,JS-AF 양파향 7780 OS,향료,해당없음,,(주)제이스에프아이,200302752002377,20250528,20250529
참기름,참기름,JS-AF 참기름향 6152 OS,향료,해당없음,,(주)제이스에프아이,200302752002483,20260225,20260228
초콜릿,초콜릿,JS-AF 초콜릿향 4565 OS,혼합제제,해당없음,,(주)제이스에프아이,200302752002013,20220321,20220328
초콜릿,초콜릿,JS-AF 초콜릿향 7716,혼합제제,해당없음,,(주)제이스에프아이,200302752002361,20250423,20250426
초콜릿,초콜릿,JS-AF 초콜릿향 7734,혼합제제,해당없음,,(주)제이스에프아이,200302752002427,20251017,20251022
카레,카레,JS-AF 카레향 4132 OS,혼합제제,해당없음,,(주)제이스에프아이,200302752001974,20211104,20211109
크림치즈,크림치즈,JS-AF 크림치즈향 3104 OS,혼합제제,해당없음,,(주)제이스에프아이,200302752001822,20201008,20201017
크림치즈,크림치즈,JS-AF 크림치즈향 3552 OS,혼합제제,해당없음,,(주)제이스에프아이,200302752001943,20210806,20210810
크림치즈,크림치즈,JS-AF 크림치즈향 5537 OS,향료,해당없음,,(주)제이스에프아이,200302752002107,20230222,20230225
크림치즈,크림치즈,JS-AF 크림치즈향 6510 OS,향료,해당없음,,(주)제이스에프아이,200302752002259,20240620,20240624
키위,키위,JS-AF 키위향 5207,향료,해당없음,,(주)제이스에프아이,200302752002106,20230221,20230225
키위,키위,JS-AF 키위향 5638,향료,해당없음,,(주)제이스에프아이,200302752002115,20230328,20230404
키위,키위,JS-AF 키위향 7323,혼합제제,해당없음,,(주)제이스에프아이,200302752002509,20260420,20260428
후추,후추,JS-AF 후추향 2211 OS,향료,해당없음,,(주)제이스에프아이,200302752002376,20250528,20250529
초콜릿,초콜릿,JS-AFP 다크초콜릿향분말 8646,향료,해당없음,,(주)제이스에프아이,200302752002465,20251224,20260101
바나나,바나나,JS-AFP 바나나향분말 3538,혼합제제,해당없음,,(주)제이스에프아이,200302752001902,20210426,20210508
바나나,바나나,JS-AFP 바나나향분말 8868,향료,해당없음,,(주)제이스에프아이,200302752002481,20260220,20260228
설탕,설탕,JS-AFP 설탕향분말 20262,향료,해당없음,,(주)제이스에프아이,200302752001851,20210120,20220702
양파,양파,JS-AFP 양파향분말 5713,향료,해당없음,,(주)제이스에프아이,200302752002146,20230609,20230615
요거트,요거트,JS-AFP 요거트향분말 3312,혼합제제,해당없음,,(주)제이스에프아이,200302752001811,20200909,20200912
요거트,요거트,JS-AFP 요거트향분말 5359,기타가공품,제조일부터 12개월까지,,(주)제이스에프아이,20030275225460,20241115,20241119
요거트,요거트,JS-AFP 요거트향분말 8842,기타가공품,제조일로부터 12개월까지,,(주)제이스에프아이,20030275225477,20260420,20260425
초콜릿,초콜릿,JS-AFP 초콜릿향분말 7695,혼합제제,해당없음,,(주)제이스에프아이,200302752002364,20250424,20250426
오징어,오징어,JS-EM 오징어먹물색소 1261 OS,혼합제제,해당없음,,(주)제이스에프아이,200302752001997,20220105,20220113
당근,당근,JS-FCP 흑당근농축분말 1352,과.채가공품,제조일로부터 24개월,,(주)제이스에프아이,20030275225398,20200422,20241227
당근,당근,JS-FCP 흑당근농축분말 2131,과.채가공품,제조일로부터 24개월까지,,(주)제이스에프아이,20030275225461,20241211,20241214
오징어,오징어,JS-NC 오징어먹물색소 1232,오징어먹물색소,해당없음,,(주)제이스에프아이,200302752001783,20200709,20200716
오징어,오징어,JS-NCP 오징어먹물색소 1761,오징어먹물색소,제조일로부터 1년까지,,(주)제이스에프아이,200302752002028,20220415,20220422
바나나,바나나,JS-NF 천연바나나향 3314,향료,해당없음,,(주)제이스에프아이,200302752001814,20200909,20220702
키위,키위,JS-NF 천연키위향 5271,향료,해당없음,해당없음,(주)제이스에프아이,200302752002087,20221124,20221128
바나나,바나나,JS-NFP 천연바나나향분말 5538,향료,해당없음,,(주)제이스에프아이,200302752002246,20240524,20240530
오징어,오징어,JS-OS 오징어먹물블랙 1261,혼합제제,해당없음,,(주)제이스에프아이,200302752001789,20200721,20200731
당근,당근,JS-SY 당근시럽 1284,기타가공품,제조일로부터 1년까지,,(주)제이스에프아이,20030275225411,20201215,20201224
초콜릿,초콜릿,JS-SY 민트초콜릿시럽 1477,기타가공품,제조일로부터 1년까지,해당없음,(주)정심식품,20150275312192,20221006,20221021
시금치,시금치,JS-SY 시금치시럽 1285,기타가공품,제조일로부터 1년까지,,(주)제이스에프아이,20030275225412,20201215,20210120
시금치,시금치,JS-SY 시금치시럽 1285,기타가공품,제조일로부터 12개월까지,,(주)정심식품,20150275312173,20220419,20220423
시금치,시금치,JS-SY 시금치시럽 1493,당류가공품,제조일로부터 1년까지,,(주)제이스에프아이,20030275225442,20230209,20230216
초콜릿,초콜릿,JS-SY 초콜릿향시럽 1267,기타가공품,제조일로부터 12개월까지,,(주)제이스에프아이,20030275225416,20210326,20210402
초콜릿,초콜릿,JS-SY 초콜릿향시럽 1267,기타가공품,제조일부터 12개월까지,,(주)정심식품,20150275312175,20220420,20220521
짜장,짜장,JS가든 짜장소스,소스,냉동. 18개월,,(주)시아스,200504150204677,20230518,20230616
파스타,파스타,JS매콤크림파스타소스,소스,제조일부터 12개월 (냉동보관),,(주)동원홈푸드,2002046107316498,20251212,20251216
파스타,파스타,JS버터크림파스타소스,소스,제조일부터 12개월 (냉동보관),,(주)동원홈푸드,2002046107316497,20251210,20260422
파스타,파스타,JS비스크로제파스타소스,소스,제조일부터 3개월 (냉장보관),,(주)동원홈푸드,2002046107315327,20241121,20241123
과자,과자,JuJu용 쌀호도과자믹스,기타가공품,제조일로부터 1년,일반실온에서 제조일로부터 1년,(주)삼양사 아산공장,199404611513339,20241031,20241101
초콜릿,초콜릿,JUST MUSCLE TANK (리얼초콜릿),기타가공품,제조일로부터 12개월까지,제조일로부터 12개월까지,해찬솔에프쓰리,20190468023143,20200420,20200609
바나나,바나나,JUST MUSCLE TANK (퓨어바나나),기타가공품,제조일로부터 12개월까지,제조일로부터 12개월까지,해찬솔에프쓰리,20190468023144,20200420,20200609
바나나,바나나,JUST MUSCLE TANK 딸기퐁당바나나맛,기타가공품,제조일로부터 12개월까지,,해찬솔에프쓰리,20190468023285,20201216,20201217
바나나,바나나,JUST MUSCLE TANK 초코퐁당바나나맛,기타가공품,제조일로부터 12개월까지,,해찬솔에프쓰리,20190468023287,20201216,20201217
초콜릿,초콜릿,JW 초콜릿 스콘,빵류,제조일로부터 12개월,제조일로부터 12개월,(주)홍두당,20160158491225,20230417,20230419
크림치즈,크림치즈,JW) 크림치즈단팥빵,빵류,제조일로부터 9개월,제조일로부터 9개월,(주)홍두당,20160158491200,20230130,20230201
크림치즈,크림치즈,JW) 크림치즈빵,빵류,제조일로부터 9개월,제조일로부터 9개월,(주)홍두당,20160158491199,20230130,20230201
초콜릿,초콜릿,JW초콜릿마카롱,과자,제조일로부터 12개월,제조일로부터 12개월 냉동(-18℃ 이하),주식회사큐앤비푸드,20190352055222,20240723,20240724
초콜릿,초콜릿,JW초콜릿마카롱,과자,제조일로부터 12개월,제조일로부터 12개월 냉동(-18℃ 이하),주식회사 티베이크모어,2025055155767,20260427,20260501
초콜릿,초콜릿,JW초콜릿마카롱(빅사이즈),과자,제조일로부터 12개월,제조일로부터 12개월 냉동(-18℃ 이하),주식회사큐앤비푸드,20190352055215,20240719,20260425
크림치즈,크림치즈,JW크림치즈마카롱,과자,제조일로부터 12개월,제조일로부터 12개월 냉동(-18℃ 이하),주식회사큐앤비푸드,20190352055226,20240723,20240729
크림치즈,크림치즈,JW크림치즈마카롱(빅사이즈),과자,제조일로부터 12개월,제조일로부터 12개월 냉동(-18℃ 이하),주식회사큐앤비푸드,20190352055219,20240719,20240729
스낵,스낵,K 미네랄 누룽지 스낵,곡류가공품,제조일로부터 1년,,(주)나노셀,20200532077214,20250307,20250308
스낵,스낵,K 미네랄 누룽지 스낵,기타가공품,1년,,발효코리아,20090530083113,20251126,20251128
들깨,들깨,K 시리즈 통들깨 마카롱,과자,냉동12개월,,(주)더난,20170209568148,20260327,20260402
파스타,파스타,K- 로제파스타소스,소스,제조일부터 6개월,,프레시플러스 주식회사,200304432175714,20241007,20241009
스낵,스낵,K-김스낵 매콤한맛,기타 수산물가공품,제조일로부터 12개월,,주식회사 태산알엔디 영광공장,20200531137237,20221107,20221130
라면,라면,K-나드리라면,즉석조리식품,제조일로부터 12개월,,주식회사 나드리,20160188178393,20250902,20251119
시래기,시래기,K-나물 무청시래기,과.채가공품,36개월,,주식회사 신진식품,20220545102104,20260119,20260121
버섯,버섯,K-대왕버섯막걸리파우더,곡류가공품,제조일로부터 1년,,농업회사법인 웰앤뷰 주식회사,2018023429638,20230313,20240207
들깨,들깨,K-들깨강정,기타 농산가공품,제조일로부터 6개월,,청양군농산물가공협동조합,20210476076106,20260219,20260224
라면,라면,K-라면 분말스프,복합조미식품,제조일로부터 18개월까지,,주식회사 썬에프엘,200003440641150,20250116,20250215
파스타,파스타,K-로제파스타소스,소스,제조일부터 6개월,,프레시플러스 주식회사 음성공장,2024067628837,20241008,20241011
귀리,귀리,K-새싹귀리 간장김,조미김,제조일로부터 1년,,(주)동양수산,2002045909514,20211013,20211019
순두부,순두부,K-순두부찌개소스,소스,제조일로부터 12개월,,가나식품(주),20080364332868,20250902,20260201
쌈장,쌈장,K-쌈장소스,소스,제조일로부터 12개월,,제이오푸드,20160308167181,20251211,20260411
스낵,스낵,K-아몬드맛 스낵김,조미김,12개월,,어업회사법인 명품김(주),20130471018192,20230623,20230627
스낵,스낵,K-양꼬치맛스낵김,조미김,12개월,,(주)동양수산,200204590958,20181217,20230704
올리고당,올리고당,K-올리고당간장김,조미김,제조일로부터 1년,,(주)동양수산,2002045909521,20220817,20220818
낙지,낙지,K-조가네낙지볶음소스,소스,제조일로부터 6개월(냉장),,(주)오렌지 에프에스,2019036304473,20230308,20230310
참깨,참깨,K-참깨맛 스낵김,조미김,12개월,,어업회사법인 명품김(주),20130471018195,20230623,20230627
스낵,스낵,K-치즈맛 스낵김,조미김,12개월,,어업회사법인 명품김(주),20130471018194,20230623,20230627
스낵,스낵,K-통곡물맛 스낵김,조미김,12개월,,어업회사법인 명품김(주),20130471018193,20230623,20230627
파스타,파스타,K-투움바파스타,간편조리세트,제조일로부터 8일,,(주)푸드어셈블,20180137238922,20210701,20240309
핫도그,핫도그,K-핫도그치즈제육,즉석섭취식품,제조시간으로부터 96시간 까지,,(주)비지에프푸드,20200450031642,20251222,20260331
핫도그,핫도그,K-핫도그케요네즈,즉석섭취식품,제조시간으로부터 96시간 까지,,(주)비지에프푸드,20200450031682,20260323,20260324
핫도그,핫도그,K-핫도그프리믹스,기타가공품,제조일로부터 18개월까지,,(주)올댓쿡,2018037269393,20230621,20230629
핫도그,핫도그,K-FOOD 홍국쌀 고구마치즈 핫도그,빵류,제조일로부터 9개월,,주식회사에이앤인니푸드,20060364111228,20210706,20260201
핫도그,핫도그,K-POP DEMON HUNTERS 클래식핫도그,빵류,제조일부터     25  일 까지,,(주)우양 서천공장,2021047502986,20250905,20251125
미역,미역,K-SOUP 바지락미역국,기타 수산물가공품,제조일로부터 36개월,제조일로부터 36개월,농업회사법인(주)글로벌클램,201804916054,20211018,20240913
참치,참치,K-soup 참치김치국,기타 농산가공품,제조일로부터 36개월,제조일로부터 36개월,농업회사법인(주)글로벌클램,2018049160511,20241017,20241022
스낵,스낵,K-WOOK'S 인생김스낵 불닭,조미김,제조일로부터 1년,,(주)청산에식품,2016014422951,20220209,20230401
스낵,스낵,K-WOOK'S 인생김스낵 아몬드,조미김,제조일로부터 1년,,(주)청산에식품,2016014422950,20220209,20220211
스낵,스낵,K-WOOK'S 인생김스낵 초코,조미김,제조일로부터 1년,,(주)청산에식품,2016014422949,20220208,20220209
스낵,스낵,K-WOOK'S 인생김스낵 현미,조미김,제조일로부터 1년,,(주)청산에식품,2016014422947,20220208,20230502
스낵,스낵,K-WOOK'S인생콘스낵,곡류가공품,제조일로부터 12개월,,청산에B&F,2012015621934,20220805,20220812
김자반,김자반,K-WOOKS어린이김자반,조미김,제조일로부터 12개월,,주식회사 태산알엔디 영광공장,20200531137142,20230505,20230510
김자반,김자반,K-WOOKS어린이김자반,조미김,제조일로부터 12개월,,(주)청산에식품,2016014422963,20230509,20230511
후추,후추,K2 순흑후추원두,천연향신료,제조일로부터3년,,(주)서원식품,201003320753,20100127,20181227
카레,카레,K2 카레양념,소스,냉장 12개월,,금양식품(주),199504490041395,20250814,20250820
후추,후추,K2순백후추,천연향신료,제조일로부터3년,,(주)서원식품,201003320751,20100127,20230107
후추,후추,K2순백후추원두,천연향신료,제조일로부터2년,,(주)서원식품,201003320754,20100329,20160706
후추,후추,K2순흑후추,천연향신료,제조일로부터3년,,(주)서원식품,201003320752,20100127,20230107
후추,후추,K2순흑후추원두,천연향신료,제조일로부터2년,,(주)서원식품,201003320756,20100329,20160706
후추,후추,K2신백후추,향신료조제품,제조일로부터3년,,(주)서원식품,201003320755,20100329,20250401
후추,후추,K2신백후추,향신료조제품,제조일로부터2년,,(주)서원식품,2010033207514,20120131,20160706
후추,후추,K2신백후추2,향신료조제품,제조일로부터3년,,(주)서원식품,2010033207511,20110530,20230401
후추,후추,K2신흑후추,향신료조제품,제조일로부터3년,제조일로 부터 3년,(주)서원식품,2010033207513,20120131,20181227
후추,후추,K2신흑후추1,향신료조제품,2년,,(주)서원식품,2010033207515,20120808,20160706
후추,후추,K2신흑후추2,향신료조제품,2년,,(주)서원식품,2010033207516,20140612,20160706
대파,대파,k대파소금빵생지,빵류,6개월,,(주)비디피,2024056328571,20260120,20260528
대파,대파,K대파소금빵생지,빵류,6개월,,와이디 푸드(YD FOOD),20130263411231,20260304,20260309
멸치,멸치,K명작 광천 돌자반 새우 멸치,가공김(조미김 또는 구운김),12개월,,(주)김앤김,2015020924596,20260127,20260209
계란,계란,K미 계란과자,과자,제조일로부터 12개월 까지,해당없음,(주)대산후드 탄현2공장,19930355028299,20260625,20260627
오징어,오징어,K스트릿 오징어튀김용믹스,곡류가공품,"제조일로부터 365일(12개월, 1년)",,씨제이제일제당(주),19960080359943,20230718,20240511
쌈장,쌈장,K쌈장마요소스,소스,제조일로부터 18개월 까지,,주식회사 푸드서플라이,20200374726204,20250708,20250710
들깨,들깨,K오메가 들깨유,추출들깨유,제조일로부터 24개월까지,,농업회사법인 주식회사 참이들이,2024091043811,20250730,20250801
요거트,요거트,K요거트파우더,기타가공품,18개월,,(주)나래푸드텍,20090358371116,20141125,20160706
요거트,요거트,K유자요거트,당류가공품,18개월,,(주)나래푸드텍,20090358371126,20150212,20160706
스낵,스낵,K트윈팝 스낵쌀,곡류가공품,제조일부터 180일(실온 : 1℃-35℃),,(주)유비콘스,2020033606518,20251027,20251029
밀가루,밀가루,KAMUT® 브랜드 밀 통밀가루(KAMUT® BRAND WHEAT WHOLE FLOUR),곡류가공품,제조일로부터 12개월,,한들제분,2001037249686,20241223,20241225
스테이크소스,스테이크소스,KB스테이크소스,소스,제조일로부터 6개월,없음,주식회사조흥,199703111001390,20211210,20220923
우엉,우엉,KBM우엉조림,조림류,제조일부터 3개월(10℃이하 냉장보관),,(주)에스엘푸드,201506170921,20150630,20210929
닭고기,닭고기,KBOB 쌀떡국 닭고기육수맛,즉석조리식품,제조일로부터 12개월,,(주)세준에프앤비 2공장,2021041204836,20210929,20230610
멸치,멸치,KBOB 쌀떡국 멸치육수맛,즉석조리식품,제조일로부터 12개월,,(주)세준에프앤비 2공장,2021041204835,20210929,20230610
참깨,참깨,KD 참깨드레싱,소스,제조일로부터 06개월,,비에이치푸드케어(주),200103723432936,20210309,20210310
그래놀라,그래놀라,Kellogg’s 프로틴 그래놀라바K 고소한 맛,과자,제조일로부터 12개월까지,,(주)엄마사랑,200204150291025,20211005,20230215
들기름,들기름,Kevin's Choice 들기름,들기름,제조일부터 24개월,,(주)유앤미스마트팜농업회사법인,2021047024435,20230602,20230606
참깨,참깨,Kevin's Choice 유기농 볶음참깨,기타 농산가공품,제조일부터 12개월,,(주)유앤미스마트팜농업회사법인,2021047024466,20240716,20240718
참기름,참기름,Kevin's Choice 유기농참기름,참기름,제조일부터 24개월,,(주)유앤미스마트팜농업회사법인,2021047024456,20240611,20240628
참기름,참기름,Kevin's Choice 참기름,참기름,제조일부터 24개월,,(주)유앤미스마트팜농업회사법인,2021047024434,20230602,20230606
청양고추,청양고추,KF365 냉동 다진 청양고추,천연향신료,24개월,,농업회사법인웰팜넷주식회사,20100378236113,20260304,20260306
탄산,탄산,KF365 플레인 탄산수,탄산수,PET : 제조일로부터 24개월,,오케이에프음료 주식회사,20100543066939,20210419,20210420
베이컨,베이컨,KFC베이컨감자샐러드,즉석섭취식품,30일,,(주)시아스,200504150201865,20141021,20160706
음료,음료,KFC블루레몬음료베이스,음료베이스,"6개월,냉장",,(주)원일식품,200004430421828,20130419,20160706
한우,한우,KFG 한우 스테이크용 분말,복합조미식품,제조일로부터 12개월까지,,(주)가온푸드 음성공장,20200452044720,20251107,20251113
한우,한우,KFG한우불고기소스-A,소스,제조일로부터 10개월까지,,(주)가온푸드,201404432562376,20241224,20241225
한우,한우,KFG한우불고기소스-C,소스,제조일로부터 10개월까지,,(주)가온푸드,201404432562220,20240430,20240501
한우,한우,KFG한우불고기양념,소스,제조일로부터 10개월까지,,(주)가온푸드,201404432562172,20240206,20240221
닭가슴살,닭가슴살,KG 닭가슴살시즈닝,복합조미식품,제조일로부터 12개월까지,,(주)태경물산,20020211052382,20220922,20220924
닭가슴살,닭가슴살,KG닭가슴살시즈닝,복합조미식품,제조일로부터 12개월까지,,이푸드(주)2공장,201804421221187,20260121,20260123
설탕,설탕,KGS무설탕 홍삼캔디 로얄,캔디류,제조일로부터 24개월,,국제제과(주),20010415034681,20201019,20201020
초콜릿,초콜릿,KGS홍삼초콜릿,초콜릿가공품,18개월,,(주)다정,19970443044239,20150522,20180321
들기름,들기름,KIM'S 들기름김,가공김(조미김 또는 구운김),제조일로 부터 365일,,어업회사법인(주)해어찬,2015020214358,20250715,20250717
스낵,스낵,Kim황태스낵,조미건어포,포장일로부터 12개월,,주식회사 에버스,2022053834432,20250225,20250228
우엉,우엉,KIMBAB PLANT-BASED FRIED TOFU & BURDOCK 김밥 유부 우엉,즉석조리식품,냉동 18개월,,(주)이에스그린푸드,20170443338683,20240528,20240627
참치,참치,KIMBAB PLANT-BASED TUNA & KIMCHI 김밥 식물성 참치 김치,즉석조리식품,냉동 18개월,,(주)이에스그린푸드,20170443338685,20240531,20240627
유부,유부,KIMCHI & FRIED TOFU KIMBAP(김치유부 김밥),즉석조리식품,제조일로부터 18개월 (-18℃이하 냉동보관),,(주)이노하스,2024066107549,20250131,20250509
깻잎,깻잎,Kimchi 4 me 깻잎김치 부산식,김치,90일,,(주)유창상사,19770144011216,20150304,20160706
오이,오이,Kimchi 4 me 오이김치 부산식,김치,90일,,(주)유창상사,19770144011219,20150422,20160706
참치,참치,Kimchi Tuna Mayo Kimbap 김치참치마요 김밥,즉석조리식품,냉동 18개월,,(주)이에스그린푸드,20170443338735,20250221,20250225
닭다리,닭다리,KIMLAB통닭다리일본식카레,즉석조리식품,제조일로부터 12개월,,(주)굿푸드시스템,20190401894136,20250404,20250408
오징어,오징어,KING버터오징어,조미건어포,제조일로부터 12개월,,(주) 신화에프에스,20060332367182,20230915,20230919
생크림,생크림,Kiri 생크림 도넛,빵류,제조일로부터 3일까지,,노티드 성수CK,2025005410445,20250724,20250725
키위,키위,Kiwi Flavor ES1 (키위향 ES1),향료,해당사항없음,해당사항없음,주식회사 세림향료,200802750621007,20200106,20220702
짜장,짜장,KJ짜장떡볶이분말,복합조미식품,제조일로부터 12개월,,(주)금진식품,20080449004927,20210323,20210325
초콜릿,초콜릿,KKD 초콜릿아이싱,준초콜릿,제조일로부터 12 개월,제조일로부터 12개월,(주)삼광식품,1973044300396,20120719,20221229
크림치즈,크림치즈,KKD크림치즈아이싱,식물성크림,12개월  실온,,(주)삼광식품,19730443003567,20150413,20160706
들기름,들기름,KKOSUM 생들기름,들기름,1년,,한성식품,200104941797,20150706,20240117
들기름,들기름,KKOSUM들기름,들기름,제조일로부터1년,,한성식품,200104941791,20010521,20240117
참기름,참기름,KKOSUM참기름,참기름,제조일로부터365일,,한성식품,200104941792,20010522,20240117
오징어,오징어,KL푸드 오징어슬라이스,기타 수산물가공품,제조일로부터 21일,,케이엘(KL)푸드 파트너스,202501760302,20250312,20250319
소고기,소고기,KL푸드소고기,식육함유가공품,제조일로부터 1년,,케이엘(KL)푸드 파트너스,202501760305,20250312,20250319
김자반,김자반,KOREAN AIR 김자반,가공김(조미김 또는 구운김),제조일로부터 12개월까지,,(주)김노리,20130473129200,20251020,20260425
핫도그,핫도그,KOREAN AIR 오리지널 핫도그,빵류,제조일부터      9  개월 까지,,(주)우양 서천공장,20210475029255,20241104,20241105
김자반,김자반,KOREAN AIR 한식간장김자반,조미김,제조일로부터 12개월,,삼해상사(주)부안2공장,2001050104438,20240806,20250605
버섯,버섯,Korean Shiitake Mushroom 표고버섯 차,침출차,제조일로부터 36개월,,주식회사 바르미식품,20180349065363,20230102,20250111
크림치즈,크림치즈,Kraft 크림치즈 스콘,빵류,제조일로부터 30일까지 (실온),,주식회사삼립,199503380158281,20201202,20240313
음료,음료,KRAZY TIGER ICE SPICY COOLING DRINK(아이스 스파이시 쿨링 음료),과.채음료,12개월,,(주)삼양패키징광혜원공장,20070443110778,20231219,20231220
돈까스소스,돈까스소스,KS돈까스소스,소스,제조일부터 9개월,,서울향료(주)진천공장,201804502621057,20220526,20220528
쌈장,쌈장,KS쌈장양념소스,소스,제조일부터 5개월 (냉장보관),,(주)동원홈푸드,2002046107310859,20200908,20200910
양파,양파,KS양파절임소스,소스,제조일로부터 6개월,,(주)신정에프앤비,20200424007371,20220530,20220531
연어,연어,KTSC 프리미엄 훈제연어,기타 수산물가공품,제조일로부터 2년,,우영수산주식회사,20050144621464,20231219,20231225
연어,연어,KTSC 프리미엄 훈제연어슬라이스,기타 수산물가공품,제조일로부터 2년,,우영수산주식회사,20050144621465,20231219,20231225
파스타,파스타,KUHICHI파스타스프,복합조미식품,제조일로부터 12개월,,태원식품산업(주),198503110019328,20200513,20230804
미역,미역,KUNSAN 153 셰프의손맛 바지락미역국,즉석조리식품,제조일로부터 12개월,제조일로부터 12개월,농업회사법인유한회사 영인바이오,20190488873234,20251020,20251021
순두부,순두부,KUNSAN 153 셰프의손맛 해물순두부찌개,즉석조리식품,제조일로부터 12개월,제조일로부터 12개월,농업회사법인유한회사 영인바이오,20190488873236,20251020,20251021
계란,계란,KY계란볶음밥,즉석조리식품,제조일로부터 12개월까지,,천일식품(주),199301993491480,20250729,20250801
계란,계란,KY계란볶음밥,즉석조리식품,"냉동, 12개월",,(주)시아스,200504150204780,20231121,20231122
부추,부추,L-글루탐산 부추발효 가바분말,기타가공품,24개월,생략,(주)바이텍 익산지점,20190491692122,20250826,20250930
생크림,생크림,L-생크림스콘,빵류,제조일로부터 9개월까지,,(주)에이비피홀딩스,20050275198467,20241101,20251206
오징어,오징어,L-소스(갑오징어초무침),소스,제조일로부터 4개월,,라임에프앤비(주),20210222240778,20250609,20250610
고등어,고등어,L-소스(고등어무조림),소스,제조일로부터 1개월,,라임에프앤비(주),20210222240763,20250605,20250610
김자반,김자반,L-소스(김자반무침),소스,제조일로부터 2개월,,라임에프앤비(주),20210222240749,20250608,20250610
깻잎,깻잎,L-소스(깻잎두부전),소스,제조일로부터 60일,,라임에프앤비(주),20210222240783,20250609,20250610
깻잎,깻잎,L-소스(깻잎순무침),소스,제조일로부터 4개월,,라임에프앤비(주),20210222240775,20250609,20250610
멸치,멸치,L-소스(꽈리고추멸치볶음),소스,제조일로부터 2개월,,라임에프앤비(주),20210222240751,20250608,20250610
오이,오이,L-소스(도라지오이무침),소스,제조일로부터 90일,,라임에프앤비(주),20210222240740,20250605,20250606
도토리묵,도토리묵,L-소스(도토리묵),소스,제조일로부터 60일,,라임에프앤비(주),20210222240784,20250609,20250610
오이,오이,L-소스(들깨소스오이무침),소스,제조일로부터 6개월,,라임에프앤비(주),20210222240734,20250604,20250605
버섯,버섯,L-소스(모듬버섯볶음),소스,제조일로부터 6개월,,라임에프앤비(주),20210222240825,20250613,20250614
오이,오이,L-소스(미역오이냉국),소스,제조일로부터 12개월,,라임에프앤비(주),20210222240829,20250612,20250618
오이,오이,L-소스(미역오이무침),소스,제조일로부터 4개월,,라임에프앤비(주),20210222240780,20250609,20250610
시래기,시래기,L-소스(배추시래기된장국),소스,제조일로부터 12개월,,라임에프앤비(주),20210222240811,20250612,20250614
봄동,봄동,L-소스(봄동겉절이),소스,제조일로부터 90일,,라임에프앤비(주),20210222240741,20250605,20250606
깻잎,깻잎,L-소스(생깻잎무침),소스,제조일로부터 30일,,라임에프앤비(주),20210222240782,20250609,20250610
소고기,소고기,L-소스(소고기주먹밥키트),소스,제조일로부터 2개월,,라임에프앤비(주),20210222240758,20250608,20250610
시금치,시금치,L-소스(시금치나물),소스,제조일로부터 4개월,,라임에프앤비(주),20210222240776,20250609,20250610
시금치,시금치,L-소스(시금치된장국),소스,제조일로부터 12개월,,라임에프앤비(주),20210222240817,20250612,20250614
시래기,시래기,L-소스(시래기된장국),소스,제조일로부터 12개월,,라임에프앤비(주),20210222240818,20250612,20250614
시래기,시래기,L-소스(시래기된장지짐),소스,제조일로부터 12개월,,라임에프앤비(주),20210222240819,20250613,20250614
깻잎,깻잎,L-소스(양념깻잎찜),소스,제조일로부터 2개월,,라임에프앤비(주),20210222240761,20250608,20250610
양배추,양배추,L-소스(양배추쌈),소스,제조일로부터 60일,,라임에프앤비(주),20210222240785,20250609,20250610
브로콜리,브로콜리,L-소스(연근브로콜리들깨무침),소스,제조일로부터 6개월,,라임에프앤비(주),20210222240735,20250604,20250605
오이,오이,L-소스(오이맛살무침),소스,제조일로부터 12개월,,라임에프앤비(주),20210222240828,20250612,20250618
부추,부추,L-소스(오이부추무침),소스,제조일로부터 90일,,라임에프앤비(주),20210222240742,20250605,20250606
오징어,오징어,L-소스(오징어꽈리고추조림),소스,제조일로부터 2개월,,라임에프앤비(주),20210222240765,20250608,20250610
짜장,짜장,L-소스(유니짜장),소스,제조일로부터 6개월,,라임에프앤비(주),20210222240731,20250604,20250605
참치,참치,L-소스(참치김치볶음),소스,제조일로부터 60일,,라임에프앤비(주),20210222240771,20250609,20250610
참치,참치,L-소스(참치김치볶음밥),소스,제조일로부터 9개월,,라임에프앤비(주),20210222240795,20250606,20250613
한우,한우,L-소스(한우두부조림),소스,제조일로부터 2개월,,라임에프앤비(주),20210222240770,20250609,20250610
멸치,멸치,L-육수(멸치),소스,제조일로부터 18개월(냉동),,라임에프앤비(주),20210222240728,20250604,20250605
핫도그,핫도그,LA핫도그,빵류,제조일로부터 3일,,(주)비비브레드,20200361126160,20250704,20250708
바나나,바나나,LALA바나나파운드,빵류,제조일로부터 270일까지,해당사항없음,(주)이퀄리브리엄,2015027550340,20240425,20240427
닭다리,닭다리,LALABREAD닭다리빵,빵류,0~10℃ 냉장보관 10일,,파파브레드,20110275040798,20241231,20250107
파스타,파스타,LAMP 갓파스타소스,소스,제조일로부터 6개월,제조일로부터 6개월,주식회사세명에프엔에프,20100154489365,20200831,20201225
바나나,바나나,LAVERLAND CRUNCH 바나나맛김,조미김,제조일로부터 12개월,유통기한,만전식품(주),20000345240340,20191113,20200711
바나나,바나나,LAVERLAND CRUNCH 바나나맛김,조미김,제조일로부터 12개월,,만전식품(주),2020050765211,20200915,20220611
스낵,스낵,LAVERLAND CRUNCH 쌀튀밥 김스낵,과자,"내수용 : 6개월~1년, 수출용 : 1년",,아세아식품,201606072397,20161110,20221021
스낵,스낵,LAVERLAND CRUNCH 아몬드 김스낵,과자,"내수용 : 6개월~1년, 수출용 : 1년",,아세아식품,201606072396,20161110,20221021
스낵,스낵,LAVERLAND CRUNCH 오리지널맛 꾸이김스낵,과자,"내수용 : 6개월~1년, 수출용 : 1년",,아세아식품,2016060723923,20190426,20230713
요구르트,요구르트,LB-9프로바이오틱요구르트식빵,빵류,제조일로부터 13일,,롯데웰푸드(주),20070156181792,20170213,20170216
버섯,버섯,LBSC표고버섯발효분말,기타가공품,제조일로부터 2년,-,(주)오케이바이오랜드,2020014452440,20220817,20251107
들깨,들깨,LC들깨수제비용소스,소스,제조일로부터 12개월까지,없음,주식회사조흥,199703111002279,20250402,20250408
초장,초장,LC초장소스,소스,제조일로부터 6개월,,주식회사 바인푸드,20070080171321,20230621,20230623
닭가슴살,닭가슴살,LESS&MORE 저당 닭가슴살브리또 바베큐,즉석조리식품,제조일로부터 9개월,,남향푸드또띠아(주),19990199004237,20260220,20260421
닭가슴살,닭가슴살,LESS&MORE 저당 닭가슴살브리또 치폴레,즉석조리식품,제조일로부터 9개월,,남향푸드또띠아(주),19990199004236,20260220,20260312
닭가슴살,닭가슴살,LESS&MORE 저당 닭가슴살브리또 콤비네이션,즉석조리식품,제조일로부터 9개월,,남향푸드또띠아(주),19990199004235,20260220,20260225
닭가슴살,닭가슴살,LESS&MORE 저당 닭가슴살브리또 크리미칠리,즉석조리식품,제조일로부터 9개월,,남향푸드또띠아(주),19990199004240,20260304,20260318
닭가슴살,닭가슴살,LESS&MORE 저당 닭가슴살브리또 핫치킨,즉석조리식품,제조일로부터 9개월,-,남향푸드또띠아(주),19990199004243,20260319,20260321
순두부,순두부,LF순두부소스,소스,냉장 6개월,,주식회사 소스형제들,2025053001442,20251216,20251220
소고기,소고기,LIG홈앤밀 소고기해장국,즉석조리식품,제조일로부터 12개월,,도깨비프렌즈,2024068300520,20250423,20250429
바나나,바나나,LIGHT&JOY 당을줄인 쌀컵케이크 스윗바나나,기타가공품,제조일로부터 12개월,,오뚜기라면(주),198603090181265,20260225,20260227
파스타,파스타,LIGHT&JOY 저당 로제 파스타소스,소스,제조일로부터 12개월까지.,,(주)오뚜기,19830464033565,20260311,20260317
소시지,소시지,LIGHT&JOY 저당 브리또 칠리소시지,즉석조리식품,제조일로부터 9개월,-,남향푸드또띠아(주),19990199004248,20260513,20260609
참깨,참깨,LIGHT&JOY 저당 참깨드레싱,소스,실온 6개월,,(주)오뚜기,20010445055860,20260113,20260114
참깨,참깨,LIGHT&JOY 저당 참깨드레싱,소스,냉장 6개월,,주식회사 오뚜기,197202880024913,20260331,20260411
파스타,파스타,LIGHT&JOY 저당 토마토 파스타소스,소스,제조일로부터 12개월까지.,,(주)오뚜기,19830464033564,20260306,20260312
키위,키위,LIGHT&JOY 저칼로리 키위 드레싱,소스,냉장 6개월,,주식회사 오뚜기,197202880024641,20221209,20250213
마요네즈,마요네즈,LK마요네즈소스,소스,제조일로부터 6개월 까지,,주식회사 엘케이,20080342275254,20220913,20220914
명태,명태,LOVE MOMO 순한 맛의 明太子 명태자,양념젓갈,제조일로부터 15일이내,,대경에프앤비(주),19990128210127,20250513,20251212
참깨,참깨,LOWBASE 저당참깨고마다래드레싱,소스,제조일로부터 5개월,,태원식품산업(주),1985031100117200,20260615,20260617
미나리,미나리,LP미나리발효분말,기타가공품,제조일로부터 2년,-,(주)오케이바이오랜드,2020014452459,20250801,20251107
미나리,미나리,LP미나리발효추출물,기타가공품,제조일로부터 2년,-,(주)오케이바이오랜드,2020014452460,20250801,20251107
과자,과자,LPGA 과자세트,과자,제조일로부터 9개월,,(주)코스모스제과,19860332051201,20181119,20181120
젓갈,젓갈,LS 창난젓갈,양념젓갈,제조일로부터365일,,선호식품,20050392151182,20220406,20231013
크림치즈,크림치즈,LSLC꼬랑지 레드벨벳 크림치즈 마카롱,과자,-18도 이하 냉동 12개월,,꼬랑지마카롱,2020028035115,20211020,20211026
베이컨,베이컨,M_더 제대로 만든 베이컨감자전,즉석조리식품,내수용 : 제조일로부터 12개월 / 수출용 : 수출목적 제품으로 수입자 요구기준에 맞게 설정,,(주)사옹원,20210452332585,20260422,20260423
부추,부추,M_한입땡초부추전,즉석조리식품,내수용 : 제조일로부터 12개월 / 수출용 : 수출목적 제품으로 수입자 요구기준에 맞게 설정,,(주)사옹원,20210452332594,20260422,20260423
잼,잼,M-딸기리플잼,기타잼,제조일로부터 12개월(냉장),,(주)한미에프쓰리 2공장,20180467123650,20210112,20210217
참깨,참깨,M.F참깨드레싱소스,소스,제조일로부터 10개월,,(주)가온푸드,201404432561168,20200512,20220823
참깨,참깨,M.F참깨듬뿍돈카츠소스,소스,제조일로부터 10개월,,(주)가온푸드,201404432561033,20191217,20250313
바나나,바나나,M)바나나 마카롱,과자,제조일로부터 5개월까지,,빵집아저씨들협동조합,2016031100664,20200814,20201119
김자반,김자반,M77 오리지널 김자반,가공김(조미김 또는 구운김),12개월,,(주)김앤김,2015020924585,20250512,20260508
생선,생선,M생선조림양념장,소스,제조일부터 냉동( -18℃이하) 12개월,,주식회사 나래푸드원,20170156018443,20230128,20230201
스테이크소스,스테이크소스,M찹스테이크소스F,소스,제조일로부터  (0~10℃) 냉장 6개월까지,,주식회사 나래푸드원,20170156018483,20230523,20230525
그래놀라,그래놀라,MADA 수제 카카오 그래놀라 고단백 저당,과자,제조일로부터 12개월,,주식회사 해오름식품,2025074268238,20260120,20260121
그래놀라,그래놀라,MADA 수제 카카오 그래놀라 고단백 저당,과자,제조일로부터 12개월,,(주)해오름식품,20070464015350,20241213,20241218
식초,식초,Make a better  파인애플식초,발효식초,제조일로부터 1년,,농업회사법인 사과깡패(주),2018039154510,20210506,20210508
식초,식초,Make a better 사과식초,발효식초,제조일로부터 1년,,농업회사법인 사과깡패(주),201803915453,20181102,20210508
미나리,미나리,MANOK 미나리 휘낭시에,빵류,제조일로부터 6개월,제조일로부터 6개월,브레몬,20220443306165,20241201,20241205
조개,조개,MAP 키조개관자,기타 수산물가공품,제조일로부터 5일까지,,(주)은하수산,20150149169143,20190704,20251106
스낵,스낵,MAXX 콘 스낵,과자,제조일로부터6개월까지,-,(주)광일식품,19860512022235,20250107,20250221
요거트,요거트,MC블루베리향 요거트,식물성크림,12개월,,(주)삼광식품,1973044300317,20120308,20160706
다시마,다시마,"MD JOE""S 프리미엄 생다시마 정과",기타 수산물가공품,제조일로부터 12개월,,가보농산,202308717127,20251209,20260517
고등어,고등어,Mealtok 스테이크용 고등어,기타 수산물가공품,제조일로부터 24개월까지,,청우 F&B 제2공장,2021053108627,20220916,20220921
고등어,고등어,Mealtok 시즈닝 고등어 구이,기타 수산물가공품,제조일로부터 12개월까지,,청우 F&B 제2공장,2021053108619,20220629,20220706
조기,조기,Mealtok 오븐에 구운 참조기굴비,기타 수산물가공품,12개월,,청우 F&B 제2공장,202105310864,20210712,20210715
조기,조기,Mealtok 찐 참조기굴비,기타 수산물가공품,12개월,,청우 F&B 제2공장,202105310863,20210712,20210728
고등어,고등어,Mealtok 트러플시즈닝 고등어,기타 수산물가공품,제조일로부터 12개월까지,,청우 F&B 제2공장,2021053108611,20220614,20220616
고등어,고등어,Mealtok 트러플시즈닝 고등어 오븐구이,기타 수산물가공품,제조일로부터 12개월까지,,청우 F&B 제2공장,2021053108614,20220614,20220616
스테이크소스,스테이크소스,MEATBOX  스테이크소스,소스,제조일로부터 06개월,,비에이치푸드케어(주),200103723433279,20221208,20230112
돈까스소스,돈까스소스,MEATBOX 추억의 옛날돈까스소스,소스,제조일로부터 냉장 6개월,,(주)비에이치앤바이오,20170443388168,20220323,20220512
참깨,참깨,MEATBOX 흑임자참깨드레싱,소스,제조일로부터 냉장 6개월,,(주)비에이치앤바이오,20170443388146,20220128,20220408
참기름,참기름,MEATBOX고소한참기름육회소스,소스,제조일로부터 냉장 9개월,,(주)비에이치앤바이오,20170443388104,20210803,20220408
버섯,버섯,MEME5(밈5) 버섯스프,복합조미식품,제조일부터 18개월,,우일수산(주),19940471029585,20200427,20201015
소시지,소시지,Metro 명태어육소시지,어육소시지,제조일로부터 10개월,,(주)대광에프앤씨,19990144396343,20240515,20241218
크림치즈,크림치즈,MF갈릭크림치즈소스,소스,제조일로부터 3개월,,태원식품산업(주),1985031100112199,20220613,20230624
명란,명란,MF명란로제소스,소스,제조일로부터 3개월,,태원식품산업(주),1985031100113209,20230508,20230513
스테이크소스,스테이크소스,MF함박스테이크소스,소스,제조일로부터 6개월,,태원식품산업(주),1985031100112196,20220610,20220615
새우젓,새우젓,MG 새우젓,젓갈,1년,1년,정읍새마을금고(MG정읍푸드),201304901973,20140402,20240117
대파,대파,MG 샘고을 대파 갓김치,김치,제조일로부터 180일,제조일로부터 180일,정읍새마을금고(MG정읍푸드),2013049019751,20240403,20240404
양파,양파,MG 샘고을 양파 갓김치,김치,제조일로부터 180일,제조일로부터 180일,정읍새마을금고(MG정읍푸드),2013049019752,20240405,20240408
크림치즈,크림치즈,MG갈릭크림치즈소스,소스,제조일로부터 3개월,,태원식품산업(주),1985031100113207,20230510,20230512
명란,명란,MG명란젓,양념젓갈,6개월,,정읍새마을금고(MG정읍푸드),2013049019725,20160721,20240117
명란,명란,MG샘고을 명란양념무침,양념젓갈,제조일로부터30일,제조일로부터30일,정읍새마을금고(MG정읍푸드),2013049019743,20200902,20240117
명란,명란,MG샘고을 명란젓,양념젓갈,6개월,6개월,정읍새마을금고(MG정읍푸드),2013049019713,20140402,20240117
양파,양파,MG샘고을 양파김치,김치,제조일로부터180일,제조일로부터180일,정읍새마을금고(MG정읍푸드),2013049019741,20200406,20240602
오이,오이,MG샘고을 오이소박이,김치,제조일로부터 28일,제조일로부터28일,정읍새마을금고(MG정읍푸드),2013049019750,20230524,20240117
당근,당근,MGC 망고구아바당근 원팩,과.채음료,제조일로부터 24개월까지,,(주)신성티엔에프,20090473152666,20260106,20260115
우유,우유,MGC우유빙수맛파우더,당류가공품,제조일부터 12개월 (실온보관),,(주)동원홈푸드,2002046107315698,20250313,20260316
양파,양파,MH양파분말,복합조미식품,제조일로부터 12개월까지,,주식회사 목화,20170415082105,20180718,20190704
음료,음료,Milk CLASSIC 쌀음료,혼합음료,제조일로부터 12개월,,오케이에프음료 주식회사,201005430661139,20241104,20241116
소시지,소시지,Mini 건강생각 소시지랑 떡이랑,식육함유가공품,-18℃이하에서 제조일로부터 12개월,,(주)태림에프웰,19940355017158,20200824,20231017
바나나,바나나,MINI 바나나 보름달,빵류,제조일로부터 20일까지 (실온),,(주)샤니,197102750035536,20240909,20240911
크림치즈,크림치즈,Mini 플레인 크림치즈 롤케익,빵류,"냉동보관(-18℃이하) 6개월, 해동 후 냉장보관(0~10℃) 10일",,주식회사 에스알 인터내셔널,20090358005110,20200317,20211023
우유,우유,Mini모찌생크림빵 우유,빵류,제조일로부터 10일까지 (냉장),,(주)샤니,197102750035640,20250401,20250403
생크림,생크림,Mini모찌생크림빵 초코,빵류,제조일로부터 10일까지 (냉장),,(주)샤니,197102750035643,20250401,20250403
참깨,참깨,MISO SESAME(참깨된장소스),소스,제조일로부터 18개월,,(주)한미에프쓰리 2공장,201804671231282,20250512,20250617
우유,우유,Mix Candy(딸기우유향),캔디류,제조일로부터 2년,,슈가레인(Sugarrain),20170372194105,20200419,20230627
젓갈,젓갈,miyama 아지젓갈,액젓,제조일로부터 1년,제조일로부터 1년,다구식품,1996059557015,20251112,20251121
파스타,파스타,MJ크림파스타소스,소스,제조일로부터 6개월까지(0~10℃ 냉장보관),,제일유업(주),2010027513291,20230216,20260201
키위,키위,MK120 매실키위효소,효소식품,제조일로부터 24개월까지,,동서바이오팜(주),20210376666291,20250723,20250727
모짜렐라,모짜렐라,MOM'S DISH 모짜렐라 치즈볼,빵류,제조일로부터 12개월까지,,(주)우양(청양공장),20150472063777,20220325,20250509
모짜렐라,모짜렐라,MOM'S DISH 모짜렐라 치즈스틱,기타가공품,제조일로부터 12개월(-18℃ 이하 냉동보관),,서도물산주식회사,1997021117027,20080228,20220721
모짜렐라,모짜렐라,MOM'S DISH 모짜렐라 핫도그,빵류,제조일로부터 9개월,,주식회사키큰아이,20170549035186,20221111,20221220
깻잎,깻잎,Mom's깻잎김치,김치,,제조일로부터 60일,(주)용원에프앤에스,20180606017111,20221006,20221008
오이,오이,Mom's오이소박이,김치,,제조일로부터 60일,(주)용원에프앤에스,20180606017107,20221006,20221008
참깨,참깨,Moon 참깨드레싱,소스,제조일로부터 6개월,,(주)소울,201503472891254,20241219,20241224
멸치,멸치,MOZU 새우멸치김자반,조미김,제조일로부터 12개월,,주식회사 태산알엔디 영광공장,20200531137143,20240222,20240226
김자반,김자반,MOZU야채파래김자반,조미김,제조일로부터 12개월,,주식회사 태산알엔디 영광공장,20200531137144,20240222,20240226
요거트,요거트,MP요거트 파우더,당류가공품,1년,,세미기업(주),1991049004084,20130829,20240117
멸치,멸치,MS Corea 멸치맛분말스프,복합조미식품,제조일로부터 18개월,,동보식품 주식회사,197704330093004,20230221,20230222
들기름,들기름,Ms. corea 착한 들기름,들기름,제조일로부터 12개월,제조일로 부터 실온 ( 1℃ ~ 35℃ ) 12개월,주식회사 진솔,2022052047342,20250819,20250822
참기름,참기름,Ms. corea 착한 참기름,참기름,제조일로부터 12개월,제조일로 부터 실온 ( 1℃ ~ 35℃ ) 12개월,주식회사 진솔,2022052047341,20250819,20250820
스테이크소스,스테이크소스,MS스테이크소스,소스,제조일로부터 6개월,제조일로부터 6개월,주식회사세명에프엔에프,20100154489325,20200514,20201225
튀김가루,튀김가루,MS쌀가루튀김가루-4,곡류가공품,제조일로부터 1년,,(주) 삼지에프 에스,200004613258414,20251114,20260127
튀김가루,튀김가루,MS쌀가루튀김가루(개선2),곡류가공품,제조일로부터 1년,,(주) 삼지에프 에스,200004613258246,20250930,20251002
양파,양파,MS양파소스,소스,제조일로부터 12개월,,태원식품산업(주),198503110015031,20150526,20251101
참치,참치,MSC 인증 가다랑어 사용 참치,기타 수산물가공품,제조일로부터 7년,,(주)동원F&B,19880589063290,20210722,20210723
참치,참치,MSC살코기참치,기타 수산물가공품,제조일로부터 24개월,,오뚜기에스에프(주),19730619001402,20250114,20250118
양파,양파,Munchy Balls - 양파,과자,제조일로부터 1년,,(주)자인,20080294209423,20200918,20211231
파스타,파스타,Mussels & Shrimp 로제파스타,간편조리세트,제조일로부터 12개월,,푸른드리,2012034711068,20220214,20220216
김자반,김자반,my familly 김자반,가공김(조미김 또는 구운김),제조일로부터 12개월,해당없음.,(주)대표식품,20050208174221,20250805,20250806
김자반,김자반,my family 새우&멸치 김자반,가공김(조미김 또는 구운김),제조일로부터 12개월,해당없음.,(주)대표식품,20050208174222,20250805,20250806
소고기,소고기,MYCHEF X EBS 최고의 요리비결 산더미 소고기 콩불,간편조리세트,제조일로부터 7일까지,,(주)마이셰프,202303770676,20230310,20250325
순두부,순두부,MYCHEF X EBS 최고의 요리비결 얼큰 소고기 순두부탕,간편조리세트,제조일로부터 7일까지,,(주)마이셰프,20230377067303,20230915,20240419
파스타,파스타,MYCHEFxEBS 최고의 요리비결 매콤 해장 파스타,간편조리세트,제조일로부터 7일까지,,(주)마이셰프,2023037706799,20230412,20230422
돼지고기,돼지고기,MYCHEFxJEJUair 제주로 매콤 돼지고기 전복 버터밥,간편조리세트,제조일로부터 6개월까지,,(주)마이셰프,20230377067103,20230411,20230425
전복,전복,MYCHEFxJEJUair 제주로 보말 전복 칼국수,간편조리세트,제조일로부터 6개월까지,,(주)마이셰프,20230377067105,20230412,20230419
요거트,요거트,MYT 복숭아요거트파우다,기타가공품,제조일로부터 12개월,,(주)한미에프쓰리,198904610322149,20240327,20240328
요거트,요거트,MYT 저당복숭아요거트파우더,기타가공품,제조일로부터 12개월,,(주)한미에프쓰리,198904610322231,20250530,20250613
바나나,바나나,MYT바나나소스,소스,제조일로부터 6개월,,(주)한미에프쓰리 2공장,201804671231160,20240920,20240923
소시지,소시지,N 소시지페스츄리(냉동),빵류,제조일로부터 12개월까지,,버터풀 LAB,2023037712374,20240725,20250107
튀김가루,튀김가루,N.T 튀김가루,기타가공품,제조일로부터 12개월까지,,농업회사법인 리치푸드시스템(주),20180603200102,20190925,20191001
계란,계란,N계란말이용 야채조미액,소스,제조일로부터 12개월까지,,(주)에프앤에스식품,202103521782004,20260116,20260212
닭가슴살,닭가슴살,N닭가슴살병아리콩샐러드,신선편의식품,제조시간으로부터 48시간 이내,,씨제이푸드빌주식회사,199704451444750,20220625,20230616
생크림,생크림,N生生생크림식빵용냉동반죽,빵류,12개월,,씨제이푸드빌주식회사,199704451444222,20240812,20260429
바나나,바나나,N서울타워 바나나 랑그드샤,초콜릿가공품,12개월,,로얄제과(주),197303470031022,20160711,20190409
케첩,케첩,N토마토케첩,토마토케첩,제조일로부터 12개월까지,,(주)신세계푸드 음성공장,201504452221325,20250623,20250930
우유,우유,N폭신폭신우유브레드용냉동반죽,빵류,12개월,,씨제이푸드빌주식회사,199704451444225,20240812,20260429
바나나,바나나,Natural Banana Flavor ES1 (천연바나나향 ES1),향료,해당사항없음,해당사항없음,주식회사 세림향료,200802750621081,20200110,20220702
참기름,참기름,Natural Nut  참기름,참기름,2년(실온),,호재식품,2010020541288,20230330,20230331
요구르트,요구르트,Natural Yogurt Flavor ES1 (천연요구르트향 ES1),향료,해당사항없음,해당사항없음,주식회사 세림향료,200802750621095,20200110,20220702
미나리,미나리,NATURE GRAB 볶은 산미나리차 티백,침출차,제조일로부터 2년,2년,농업회사법인대본주식회사,20180564442152,20230214,20230317
우엉,우엉,NATURE GRAB 볶은 우엉차 티백,침출차,제조일로부터 2년,2년,농업회사법인대본주식회사,20180564442155,20230214,20230317
양배추,양배추,Nature Puree 양배추 퓨레,과.채가공품,60일,,주식회사 한입,20190424044211,20240810,20240831
유부,유부,NB)미역유부초밥(12입),즉석섭취식품,제조시간으로부터 37시간,,롯데용인CK 주식회사,200003470522720,20210107,20210109
음료,음료,NECTAR 콜드브루음료,커피,제조일로부터 15일,,주식회사 넥타홀딩스,20220803724185,20240404,20240406
양배추,양배추,NEW  프리미엄 양배추,과.채가공품,24개월,24개월,주식회사 미쁨생활건강,2024020342245,20250108,20250125
라면,라면,NEW 김치라면,유탕면,제조일로부터 6개월,,오뚜기라면(주),198603090181297,20260605,20260611
과자,과자,NEW 단과자빵 생지,빵류,냉동 6개월,,주식회사신세계푸드천안공장,200404490104124,20251223,20251224
순두부,순두부,NEW 멀티웨이 순두부다데기,소스,제조일로부터 18개월,,프레시플러스 주식회사,200304432175486,20231011,20240501
명란,명란,NEW 명란김,조미김,12개월,12개월,한울식품,2006060713959,20190411,20250809
소고기,소고기,NEW 소고기 밀푀유나베,간편조리세트,제조일로부터 7일까지,,주식회사 신세계푸드 이천 2공장,20070358265780,20260428,20260523
소시지,소시지,NEW 스크램블&소시지 샌드위치,즉석섭취식품,제조시간으로부터 64시간까지 (냉장),,주식회사 샌드팜 영남공장,20090188032414,20180813,20250522
소시지,소시지,NEW 스크램블&소시지 샌드위치,즉석섭취식품,제조시간으로부터 64시간까지 (냉장),,(주)샌드팜,20080338223415,20180813,20250522
라면,라면,NEW 염라대왕 라면 스프,복합조미식품,18개월,18개월,(주)태경식품,200704351771241,20240813,20240814
모짜렐라,모짜렐라,NEW 화정당십원빵 모짜렐라치즈,빵류,제조일로 부터 18개월까지,제조일로 부터 18개월까지,주식회사 한스비앤에프,202605850815,20260605,20260611
모짜렐라,모짜렐라,NEW 화정당십원빵 모짜렐라콘치즈,빵류,제조일로 부터 18개월까지,제조일로 부터 18개월까지,주식회사 한스비앤에프,202605850816,20260612,20260617
소시지,소시지,NEW)돌돌말린소시지도넛용 휴면반죽,빵류,90 일,,에스피엘주식회사,200403064182026,20170119,20260212
소시지,소시지,NEW)추억의소시지빵용 휴면반죽,빵류,90일,,에스피엘주식회사,200403064182034,20170215,20260213
계란,계란,new계란지단김밥(5입),즉석섭취식품,제조시간으로부터 43시간,,롯데평택CK 주식회사,199503062741779,20221018,20260207
계란,계란,new계란지단김밥(5입),즉석섭취식품,제조시간으로부터 37시간,,롯데용인CK 주식회사,200003470522890,20221013,20221015
낙지,낙지,NEW낙지볶음밥,즉석조리식품,"냉동,12개월",,(주)시아스,200504150202735,20170809,20230330
다시마,다시마,New다시마제리,캔디류,제조일로부터 24개월,해당이 없습니다.,(주)맛고을식품,19960275012218,20161226,20230330
대파,대파,NEW대파불고기김밥(5입),즉석섭취식품,제조시간으로부터 40시간,,롯데평택CK 주식회사,199503062741895,20230926,20240925
대파,대파,NEW대파치즈스콘생지,빵류,제조일로부터 9개월까지,,(주)에이비피홀딩스,20050275198487,20250625,20250705
돈까스소스,돈까스소스,New돈까스소스,소스,제조일로부터 6개월,해당없음.,주식회사 레시피랩스튜디오,2021021271126,20231130,20250225
오이,오이,NEW딜향오이피클,절임식품,제조일로부터 6개월까지,,농업회사법인 비전프라임 주식회사,20160308017108,20250301,20250328
사탕,사탕,New땅콩알사탕,캔디류,제조일로부터 24개월,,(주)맛고을식품,19960275012336,20190917,20260513
멸치,멸치,NEW멸치고추장볶음,조림류,제조일로부터 2개월,-,씨제이프레시웨이 주식회사 센트럴키친중부지점,20200374351128,20220602,20220604
멸치,멸치,NEW멸치볶음,조림류,제조일로부터 2개월,-,씨제이프레시웨이 주식회사 센트럴키친중부지점,20200374351127,20220602,20220604
굴소스,굴소스,NEW무궁화반점굴소스,소스,제조일부터  6개월 (냉장보관),,(주)동원홈푸드,2002046107315839,20250414,20250416
사탕,사탕,New박하맛사탕,캔디류,제조일로부터 24개월,,(주)맛고을식품,19960275012189,20130206,20260513
계란,계란,NEW반숙계란샌드,즉석섭취식품,제조시간으로부터 73시간,,(주)비지에프푸드,20200450031371,20240624,20250214
사탕,사탕,New백설사탕,캔디류,제조일로부터 24개월,,(주)맛고을식품,19960275012121,20071130,20260528
크림치즈,크림치즈,NEW상하크림치즈딸기,즉석섭취식품,제조시간으로부터 73시간,,(주)비지에프푸드,20200450031414,20241025,20250307
크림치즈,크림치즈,NEW상하크림치즈에그,즉석섭취식품,제조시간으로부터 73시간,,(주)비지에프푸드,20200450031417,20241209,20250307
소시지,소시지,NEW소시지데니쉬생지,빵류,제조일로부터 9개월,해당없음,홈플러스 주식회사,200803602841164,20220705,20250523
계란,계란,NEW압도적계란김밥,즉석섭취식품,제조시간으로부터 52시간 까지,,(주)비지에프푸드,20200450031474,20250331,20260110
양파,양파,NEW양파소스,소스,제조일로부터 2개월,,태원식품산업(주),1985031100116361,20251106,20251108
사탕,사탕,New옛날사탕,캔디류,제조일로부터 24개월,,(주)맛고을식품,19960275012126,20071130,20260528
유부,유부,new유부김밥(3입),즉석섭취식품,"제조시간으로부터 37시간 (미생물 및 관능검사 결과, 제조시간으로부터 53시간까지 유통이 가능하며 70% 안전율 감안하여 37시간으로 설정)",,롯데평택CK 주식회사,199503062741274,20200221,20200225
사탕,사탕,New죽염사탕,캔디류,제조일로부터 24개월,,(주)맛고을식품,19960275012343,20190925,20260513
계란,계란,NEW참깨라면계란김밥,즉석섭취식품,제조시간으로부터 50시간까지,,(주)원푸드림 주촌지점,20170607069403,20250922,20251126
유부,유부,NEW참치마요유부초밥,즉석섭취식품,제조시간으로부터 52시간,,(주)푸드플래닛,201503831781236,20250326,20251220
유부,유부,New춘천식닭갈비유부말이,즉석섭취식품,제조시간으로부터 72시간까지,-,(주)현대푸드시스템,201305280411948,20260522,20260527
유부,유부,New춘천식닭갈비유부말이,즉석섭취식품,제조시간으로부터 72시간까지,,(주)그린키친,201203626061269,20260605,20260609
사탕,사탕,New콩맛사탕,캔디류,제조일로부터 24개월,,(주)맛고을식품,19960275012124,20071130,20260513
과자,과자,New텔라단과자알생지,빵류,제조일로부터 9개월까지,,(주)비씨2000,20120275156229,20241206,20250115
사탕,사탕,New흑사탕,캔디류,제조일로부터 24개월,,(주)맛고을식품,19960275012133,20090529,20260528
양파,양파,NF무안황토양파즙,액상차,1년,,NF 무안황토 양파즙,200605250717,20131011,20160706
양배추,양배추,NFC 착즙 과채주스 꼬꼬마 양배추즙,과.채주스,제조일로부터 2년까지,,농업회사법인 우포의아침 주식회사,20110618121268,20210906,20211008
당근,당근,NFC사과비트당근ABC주스,과.채주스,제조일로부터24개월,,(주)프롬바이오 익산공장,2019049113567,20210105,20240117
양배추,양배추,NFC양배추착즙액,과.채가공품,제조일로부터 24개월,,(주)진성에프엠,199903641582126,20240328,20260201
양배추,양배추,NFC유기농양배추즙,과.채주스,제조일로부터 12개월,,한농유기농건강체험촌(영),20150556072111,20181018,20210915
양배추,양배추,NFC유기농적양배추즙,과.채주스,제조일로부터 12개월,,한농유기농건강체험촌(영),20150556072183,20220303,20220304
닭가슴살,닭가슴살,NH 닭가슴살 샐러드,신선편의식품,제조일로부터 5일,,동김제농협 산지유통센터,2021049721321,20241127,20241130
한우,한우,NH천연한우베이스,복합조미식품,제조일로부터 12개월,,화남식품산업,20030362198433,20240223,20240301
키위,키위,NH키위드레싱,소스,6개월(냉장),,(주)푸드공방,20010368431203,20150409,20230926
어묵,어묵,NHY 구운어묵,어묵,"냉장  10일, 냉동 270일",,정광푸드,1990045801682,20060110,20160706
브로콜리,브로콜리,NMN 브로콜리 농축포뮬러,혼합제제,해당없음,,(주)씨이에스팜,202406722855,20250807,20250808
브로콜리,브로콜리,NMN 브로콜리 솔루션,기타가공품,제조일로부터 24개월,,(주)네이처코퍼레이션,20220273857572,20241121,20241123
브로콜리,브로콜리,NMN 브로콜리 추출분말,기타가공품,제조일로부터 24개월,,(주)네이처코퍼레이션,20220273857880,20250812,20250815
브로콜리,브로콜리,NMN 브로콜리 포뮬러,과.채가공품,제조일로부터 24개월까지,,(주)한미양행,198803550331619,20260311,20260312
브로콜리,브로콜리,NMN브로콜리,음료베이스,제조일로부터 24개월,,(주)성진바이오 제1공장,20200391559348,20241101,20241106
브로콜리,브로콜리,NMN브로콜리추출물,과.채가공품,제조일로부터 36개월,,영농조합법인 산정푸드,20030445243534,20260113,20260114
브로콜리,브로콜리,NMN브로콜리혼합분말,과.채가공품,제조일로부터 2년,,채움바이오 주식회사,202102030783044,20241025,20241026
들기름,들기름,NO.1 들기름,들기름,제조일로부터2년까지,,앤오일(N.O.1),201601980575,20190703,20240724
참깨,참깨,NO.1 볶음참깨,기타 농산가공품,제조일로부터1년,,앤오일(N.O.1),201601980576,20191015,20240724
우유,우유,No.1 우유식빵,빵류,제조일로부터 실온(1~35℃) 7일까지,,(주)파리크라상,20060181266643,20170228,20260505
우유,우유,No.1 우유식빵,빵류,7일,,(주)파리크라상 신공장,2019028003519,20190307,20260507
들깨,들깨,NO.1볶음들깨,기타 농산가공품,제조일로부터1년,,앤오일(N.O.1),201601980577,20191015,20240724
들기름,들기름,NO.1생들기름,들기름,제조일로부터8개월까지,,앤오일(N.O.1),201601980571,20161220,20240724
참기름,참기름,NO.1생참기름,참기름,제조일로부터24개월까지,,앤오일(N.O.1),201601980572,20161220,20240724
스테이크소스,스테이크소스,No.1스테이크소스,소스,12개월,,(주)선도식품,20070445032131,20170908,20180309
참기름,참기름,NO.1참기름,참기름,제조일로부터2년까지,,앤오일(N.O.1),201601980574,20190703,20240724
한우,한우,No.9 한우 카레,즉석조리식품,제조일로부터 12개월,,(주)제이오에프엔비,202204295421,20220919,20221202
밀가루,밀가루,NO밀가루 저감 라이트 호밀쿠키,과자,제조일로부터 6개월,,소드락이,2025096294110,20251105,20251119
순두부,순두부,Non-GMO 고시내 콩 순두부,가공두부,10일,,고사마을부녀회영농조합법인,2011051305110,20220302,20220303
라면,라면,Noodle Master컵라면,유탕면,제조일로부터 6개월,,주식회사 면장,201704440222,20170814,20250705
라면,라면,Noodle Master컵라면 건더기스프,기타가공품,제조일로부터 12개월까지,,주식회사 면장,2017044402247,20200702,20250321
라면,라면,Noodle Master컵라면 분말스프,복합조미식품,제조일로부터 14개월,해당없음.,주식회사 면장,2017044402291,20230404,20250321
라면,라면,Noodle Master컵라면미니 분말스프,복합조미식품,제조일로부터 14개월,,주식회사 면장,2017044402253,20200728,20250321
라면,라면,Noodle Master컵라면Mini,유탕면,제조일로부터 6개월,,주식회사 면장,2017044402222,20171227,20250701
양배추,양배추,NP 양배추발효효소,기타가공품,24개월,,주식회사 수내츄럴,20130358208273,20171218,20180824
요거트,요거트,NP요거트,기타가공품,제조일로부터 24개월,제조일로부터 24개월,(주)네이브플러스,20120345001247,20230518,20230523
닭가슴살,닭가슴살,NS닭가슴살시즈닝HB,기타가공품,제조일로부터 12개월까지,,이푸드(주)2공장,20180442122804,20210128,20210129
닭가슴살,닭가슴살,NS오리지날닭가슴살시즈닝,기타가공품,제조일로부터 12개월까지,,이푸드(주)2공장,20180442122802,20210128,20210129
닭가슴살,닭가슴살,NS허브닭가슴살시즈닝HB,복합조미식품,제조일로부터 12개월까지,,이푸드(주)2공장,20180442122866,20220331,20220416
닭가슴살,닭가슴살,NS훈제닭가슴살시즈닝,복합조미식품,제조일로부터 12개월까지,,이푸드(주)2공장,20180442122801,20210128,20210129
다시마,다시마,NST발효다시마분말,기타 수산물가공품,제조일로부터 2년,,(주)엔에스티바이오(본점),2016036276579,20220509,20220518
라면,라면,NSU신라면로제큰사발면혼합분,복합조미식품,제조일로부터 12개월까지,,(주)세우,199103380871534,20260508,20260512
요거트,요거트,NT요거트분말,기타가공품,12개월,,(주)코비스,2010036033435,20190806,20190905
소고기,소고기,NUBAHE 소고기미역블록,즉석조리식품,제조일로부터 15개월까지,,(주)대도F&D,19920392069463,20260604,20260610
시래기,시래기,NUBAHE 시래기해장블록,즉석조리식품,제조일로부터 15개월까지,,(주)대도F&D,19920392069464,20260604,20260605
계란,계란,NUBAHE 황태 계란 오트밀,즉석조리식품,12개월,해당없음,주식회사 푸른가족,2016036471255,20260507,20260620
계란,계란,NUBAHE 황태계란블록,즉석조리식품,제조일로부터 15개월까지,,(주)대도F&D,19920392069465,20260604,20260610
그래놀라,그래놀라,nudeat 그래놀라 말차,과자,제조일로부터 6개월,6개월,새싹발아통밀빵,2018061806619,20230113,20230418
그래놀라,그래놀라,nudeat 그래놀라 시그니처,과자,제조일로부터 6개월,6개월,새싹발아통밀빵,2018061806617,20230113,20230418
그래놀라,그래놀라,nudeat 그래놀라 얼그레이,과자,제조일로부터 6개월,6개월,새싹발아통밀빵,2018061806618,20230113,20230426
양배추,양배추,NY(엔와이)양배추효소추출액,액상차,제조일로부터 12개월,,주식회사 제이바이오,20160521127159,20211112,20211119
베이컨,베이컨,NY베이컨마요소스,소스,제조일부터 6개월 (냉장보관),,(주)동원홈푸드,201904421491632,20230726,20230728
베이컨,베이컨,NY베이컨마요소스,소스,제조일부터 6개월 (냉장보관),,(주)동원홈푸드,2002046107313993,20230726,20230728
스테이크소스,스테이크소스,NY스테이크소스,소스,제조일부터 6개월 (냉장보관),,(주)동원홈푸드,2002046107315506,20250217,20250423
스테이크소스,스테이크소스,NY스테이크소스,소스,제조일부터 6개월 (냉장보관),,(주)동원홈푸드,201904421492499,20250217,20250426
양파,양파,NZ 버터양파맛시즈닝,복합조미식품,18개월,,농업회사법인상경에프앤비주식회사,20140464204377,20240329,20240405
부추,부추,O'price 국순당 백세주마을 해물 땡초부추전,기타가공품,제조일로부터 12개월,,(주)사옹원,20210452332258,20220923,20220927
순두부,순두부,O'price 북창동 얼큰 소고기 순두부,즉석조리식품,제조일로부터 12개월,,선미식품,19900355136313,20210426,20211109
베이컨,베이컨,O'price X 매드포갈릭 고소한 베이컨 크림 파스타,즉석조리식품,제조일로부터 12개월까지,,(주)우양,20060471148482,20230309,20230311
파스타,파스타,O'price X 매드포갈릭 매콤한 갈릭 토마토 파스타,즉석조리식품,제조일로부터 12개월까지,,(주)우양,20060471148484,20230309,20240717
파스타,파스타,O'price X 매드포갈릭 향긋한 쉬림프 바질 파스타,즉석조리식품,제조일로부터 12개월까지,,(주)우양,20060471148483,20230309,20230311
들기름,들기름,O'priceX풍국면 메밀 들기름 막국수,건면,제조일로부터 12개월,,(주)풍국면,19720168001168,20230321,20230401
대파,대파,O/S 대파향 JS-21446,향료,해당없음,,(주)제이스에프아이,200302752001310,20160613,20220702
바나나,바나나,O/S 바나나향 HF-16398,혼합제제,유통기간미등록,,(주)한빛향료제1공장,200004450072189,20100702,20170120
요거트,요거트,O/S 요거트향 JS-20078,혼합제제,해당없음,,(주)제이스에프아이,200302752001272,20160419,20160706
크림치즈,크림치즈,O/S 크림치즈향 JS-18507,혼합제제,유통기한 미등록,,(주)제이스에프아이,200302752001117,20150619,20160706
귀리,귀리,Oat Mill(귀리 방앗간) 크림치즈,과자,제조일로부터 12개월,,굿프랜드푸드(주),2020035025655,20240202,20240206
귀리,귀리,Oat Mill(귀리 방앗간) 크림카레,과자,제조일로부터 12개월,,굿프랜드푸드(주),2020035025656,20240202,20240621
수박,수박,OBK 수박베이스,당류가공품,제조일로부터 12개월,,(주)푸드웰,200201832821533,20260605,20260613
후추,후추,OBK/흑후추분말(굵은타입),천연향신료,제조일로부터 24개월,,오뚜기제유 주식회사,19930445006232,20241218,20241219
후추,후추,OBK/흑후추분말(조분),천연향신료,제조일로부터 24개월,,오뚜기제유 주식회사,19930445006233,20241218,20241219
스낵,스낵,Ocean's Halo 아몬드 김스낵,조미김,제조일로부터 12개월,,주식회사  광천김 제5공장,2015047327473,20191202,20191203
스낵,스낵,Ocean's Halo 아몬드 김스낵,조미김,12개월,12개월,(주)김노리,2013047312976,20170519,20170526
스낵,스낵,Ocean's Halo 코코넛 김스낵,조미김,12개월,12개월,(주)김노리,2013047312975,20170519,20170526
귀리,귀리,oh! 귀리부각,기타 수산물가공품,"365일(12개월,1년)","365일(12개월,1년)",유한회사 채움늘 농업회사법인,201805220964,20180831,20200221
수박,수박,OHSLOW수박착즙베이스,과.채가공품,제조일로부터 24개월,,(주)흥국에프엔비,201104452921435,20260602,20260604
들기름,들기름,Oil Cafe 생들기름,들기름,9개월,,농업회사법인주식회사한겸,201904103272,20190920,20230610
들깨,들깨,Oily Mama 들깨캬라멜,캔디류,제조일로부터 2년,제조일로부터 2년,(주)안신,2000014429176,20160509,20160706
참기름,참기름,OK 참기름,참기름,1년(실온),,오케이(OK)식품,2007036248412,20120112,20250805
우엉,우엉,OK COOK 김밥용우엉,절임식품,제조일로붙터 6개월,,주식회사 일미농수산,19980257052459,20170605,20210618
깻잎,깻잎,OK COOK 매콤 생깻잎전,기타가공품,제조일로부터 12개월,,(주)사옹원,20210452332215,20220415,20220810
모짜렐라,모짜렐라,OK COOK 모짜렐라 치즈핫도그,빵류,,제조일로부터 9개월(-18℃이하 냉동보관),주식회사 시즈너FS,20010444002271,20190607,20190612
깻잎,깻잎,OK COOK 양념깻잎,절임식품,제조일로부터 6개월,,주식회사 일미농수산,19980257052601,20210607,20210610
우엉,우엉,OK COOK 양념우엉,절임식품,제조일로부터 6개월,,주식회사 일미농수산,19980257052458,20170605,20210618
닭가슴살,닭가슴살,OK!COOK 닭가슴살 샐러드 100g,즉석섭취식품,제조일로부터 6일,,주식회사 팜스팜 농업회사법인,202103632558,20220324,20220329
들기름,들기름,OK들기름,들기름,1년(실온),,오케이(OK)식품,200703624843,20080123,20250805
들깨,들깨,OK들깨가루,기타가공품,1년(실온),,오케이(OK)식품,200703624845,20080123,20250805
볶음참깨,볶음참깨,Ok볶음참깨,기타가공품,1년(실온),,오케이(OK)식품,200703624844,20080123,20250805
참기름,참기름,OK참기름,참기름,1년(실온),,오케이(OK)식품,200703624842,20080123,20250805
참기름,참기름,OK참기름,참기름,제조일로부터 24개월,제조일로부터 24개월,농업회사법인 (주)창성,2007044006570,20191112,20191120
들깨,들깨,OK탈피들깨가루,기타가공품,제조일로부터 12개월까지(실온),,오케이(OK)식품,2007036248415,20130506,20250805
멸치,멸치,OK프라이스멸치맛스프,복합조미식품,제조일로부터 18개월,,동보식품 주식회사,197704330093342,20250716,20250722
후추,후추,ok후추,향신료조제품,제조일로부터 24개월,,오케이식품(주),2021032627226,20210429,20240913
후추,후추,ok후추91%,향신료조제품,제조일로부터 24개월,,오케이식품(주),2021032627231,20210520,20240913
시래기,시래기,OKCOOK 시래기나물밥,즉석조리식품,제조일로부터 12개월까지,,농업회사법인 주식회사 한우물,20080493074591,20190621,20240117
부추,부추,OKCOOK 찹쌀부추 왕군만두,만두,제조일부터 12개월,,(주)사조오양 임실공장,20000498027345,20160822,20260127
버섯,버섯,OKSC팽이버섯발효물,기타가공품,제조일로부터 2년,-,(주)오케이바이오랜드,2020014452436,20220817,20251107
그래놀라,그래놀라,OMG 그래놀라 초코,과자,제조일로부터 실온(1~35°C) 3개월까지,,(주)파리크라상,20020383685955,20230821,20231124
그래놀라,그래놀라,OMG 그래놀라 코코넛,과자,제조일로부터 실온(1~35°C) 3개월까지,,(주)파리크라상,20020383685954,20230821,20231124
원당,원당,OMI 비정제원당 오미자청 포스트바이오틱스,액상차,2년,,문경오미자밸리영농조합법인,2010055804488,20220928,20221021
고등어,고등어,ONE FROZEN 노르웨이 고등어,기타 수산물가공품,제조일로부터 12개월,,(주)등푸른식품,20000144393138,20200612,20230119
고등어,고등어,ONE FROZEN 살아있네 부산고등어,기타 수산물가공품,제조일로부터 1년,,(주)등푸른식품,20000144393190,20220317,20220402
스낵,스낵,ONION TOFU SNACK 양파두부스낵,과자,12 개월,,(주)소이빈델리,2009029428448,20150430,20220414
들기름,들기름,ONLY유 들기름,들기름,18개월,,주식회사 그이름,20050039320134,20171227,20180105
들기름,들기름,ONLY유 생들기름,들기름,12개월,,주식회사 그이름,20050039320135,20171227,20180114
들깨,들깨,ONLY유 생들깨박,기타가공품,12개월,,주식회사 그이름,20050039320241,20180111,20180117
참기름,참기름,ONLY유 참기름,참기름,24개월,,주식회사 그이름,20050039320132,20171227,20180105
참깨,참깨,ONLY유 BLACK 흑참깨박,기타가공품,12개월,,주식회사 그이름,20050039320221,20180111,20180117
우엉,우엉,oprice 우엉차,침출차,제조일로부터 24개월,,녹차원주식회사,19980467010479,20180611,20180727
요거트,요거트,ORBIT 요거트 젤리 딸기맛,캔디류,제조일로부터 8개월,,(주)한미식품,2015046416665,20160107,20160706
요거트,요거트,ORBIT 요거트 젤리 망고맛,캔디류,제조일부터  8개월,,(주)한미식품,2015046416666,20160107,20160706
요거트,요거트,ORBIT 요거트 젤리 복숭아맛,캔디류,제조일부터  8개월,,(주)한미식품,2015046416667,20160107,20160706
깻잎,깻잎,ORGA 양념 깻잎 장아찌,절임식품,제조일로부터 3개월,x,순창성가정식품(주),20190503003195,20250114,20260115
당근,당근,ORGANIC 보라당근,과.채주스,제조일로부터 12개월,,(주)함소아제약 익산공장,20220683129115,20260428,20260507
바나나,바나나,ORGANIC 유기농 코코바나나 아몬드 스프레드,땅콩 또는 견과류가공품,제조일로부터 18개월,,(주)코레드 인터내쇼날,20110358451131,20240808,20240817
바나나,바나나,ORGANIC 유기농 코코바나나 캐슈넛 스프레드,땅콩 또는 견과류가공품,제조일로부터 18개월,,(주)코레드 인터내쇼날,20110358451132,20240808,20240817
시리얼,시리얼,Organic Brown Rice Puffs/유기농현미시리얼,시리얼류,12개월,12개월,농업회사법인 유기농비건(주),2012049021235,20210323,20240510
시리얼,시리얼,Organic Brown Rice Sweet Puffs 유기농현미강정시리얼,시리얼류,1년,1년,농업회사법인 유기농비건(주),2012049021236,20210324,20240510
고등어,고등어,OSF 고등어구이,기타 수산물가공품,제조일로부터 18개월,,오뚜기에스에프(주),19730619001443,20251128,20251203
연어,연어,OSF 연어구이,기타 수산물가공품,제조일로부터 18개월,,오뚜기에스에프(주),19730619001444,20251128,20251203
소시지,소시지,OVD 감자소시지조림,조림류,제조일로부터 15일,,씨제이프레시웨이 주식회사 센트럴키친중부지점,20200374351228,20240312,20240803
시래기,시래기,OVD 건새우시래기지짐,조림류,제조일로부터 10일,,씨제이프레시웨이 주식회사 센트럴키친중부지점,20200374351162,20230613,20260616
멸치,멸치,OVD 견과류멸치볶음P,조림류,제조일로부터 30일,-,씨제이프레시웨이 주식회사 센트럴키친중부지점,20200374351200,20231201,20231214
계란,계란,OVD 계란찜,조림류,제조시간으로부터 36시간,,씨제이프레시웨이 주식회사 센트럴키친중부지점,20200374351152,20230302,20240504
고등어,고등어,OVD 고등어김치찜 50~70g(국내산),기타 수산물가공품,제조일로부터 15일,,씨제이프레시웨이 주식회사 센트럴키친중부지점,20200374351234,20240412,20240426
고등어,고등어,OVD 고등어김치찜 70~90g(국내산),기타 수산물가공품,제조일로부터 15일,,씨제이프레시웨이 주식회사 센트럴키친중부지점,20200374351235,20240412,20240426
고등어,고등어,OVD 고등어김치찜(50~70g),기타 수산물가공품,제조일로부터 15일,,씨제이프레시웨이 주식회사 센트럴키친중부지점,20200374351231,20240327,20240328
고등어,고등어,OVD 고등어데리야끼구이,기타 수산물가공품,제조일로부터 7일,,씨제이프레시웨이 주식회사 센트럴키친중부지점,20200374351202,20231201,20231205
고등어,고등어,OVD 고등어데리야끼구이(50~70g),기타 수산물가공품,제조일로부터 7일,,씨제이프레시웨이 주식회사 센트럴키친중부지점,20200374351214,20240108,20240109
고등어,고등어,OVD 고등어시래기조림(50~70g),기타 수산물가공품,제조일로부터 15일,,씨제이프레시웨이 주식회사 센트럴키친중부지점,20200374351278,20241024,20241025
고등어,고등어,OVD 고등어시래기조림(70~90g),기타 수산물가공품,제조일로부터 15일,,씨제이프레시웨이 주식회사 센트럴키친중부지점,20200374351279,20241024,20260220
고등어,고등어,OVD 고등어양념구이(50~70g),기타 수산물가공품,제조일로부터 7일,,씨제이프레시웨이 주식회사 센트럴키친중부지점,20200374351249,20240704,20240709
고등어,고등어,OVD 고등어양념구이(70~90g),기타 수산물가공품,제조일로부터 7일,,씨제이프레시웨이 주식회사 센트럴키친중부지점,20200374351251,20240715,20250124
버섯,버섯,OVD 느타리버섯볶음P,조림류,제조일로부터 6일,,씨제이프레시웨이 주식회사 센트럴키친중부지점,20200374351182,20230926,20251022
계란,계란,OVD 단호박계란찜,조림류,제조시간으로부터 48시간,,씨제이프레시웨이 주식회사 센트럴키친중부지점,20200374351288,20241122,20250520
들깨,들깨,OVD 들깨무나물P,조림류,제조일로부터 9일,,씨제이프레시웨이 주식회사 센트럴키친중부지점,20200374351180,20230925,20260130
들깨,들깨,OVD 들깨열무볶음,조림류,제조일로부터 12일,,씨제이프레시웨이 주식회사 센트럴키친중부지점,20200374351171,20230904,20260220
콩나물,콩나물,OVD 매콤콩나물무침,조림류,제조시간으로부터 22시간,,씨제이프레시웨이 주식회사 센트럴키친중부지점,20200374351169,20230829,20240511
콩나물,콩나물,OVD 매콤콩나물찜,조림류,제조일로부터 3일,,씨제이프레시웨이 주식회사 센트럴키친중부지점,20200374351263,20240816,20240817
계란,계란,OVD 명란계란찜,조림류,제조시간으로부터 48시간,,씨제이프레시웨이 주식회사 센트럴키친중부지점,20200374351289,20241122,20250514
버섯,버섯,OVD 모듬버섯볶음,조림류,제조일로부터 10일,,씨제이프레시웨이 주식회사 센트럴키친중부지점,20200374351335,20251022,20251101
버섯,버섯,OVD 버섯무조림,조림류,제조일로부터 11일,,씨제이프레시웨이 주식회사 센트럴키친중부지점,20200374351337,20251125,20251128
버섯|베이컨,"버섯,베이컨",OVD 베이컨버섯볶음,조림류,제조일로부터 4일,,씨제이프레시웨이 주식회사 센트럴키친중부지점,20200374351229,20240312,20241231
브로콜리,브로콜리,OVD 브로콜리맛살볶음,조림류,제조시간으로부터 48시간,,씨제이프레시웨이 주식회사 센트럴키친중부지점,20200374351172,20230904,20260227
브로콜리,브로콜리,OVD 브로콜리파프리카볶음,조림류,제조시간으로부터 22시간,,씨제이프레시웨이 주식회사 센트럴키친중부지점,20200374351147,20230220,20240426
시래기,시래기,OVD 삼치시래기조림(50~70g),기타 수산물가공품,제조일로부터 15일,,씨제이프레시웨이 주식회사 센트럴키친중부지점,20200374351266,20240923,20240925
시래기,시래기,OVD 삼치시래기조림(70~90g),기타 수산물가공품,제조일로부터 15일,,씨제이프레시웨이 주식회사 센트럴키친중부지점,20200374351267,20240923,20240925
버섯,버섯,OVD 새송이버섯볶음P,조림류,제조일로부터 12일,,씨제이프레시웨이 주식회사 센트럴키친중부지점,20200374351226,20240229,20250907
소시지,소시지,OVD 소시지케찹볶음,조림류,제조일로부터 30일,,씨제이프레시웨이 주식회사 센트럴키친중부지점,20200374351256,20240805,20250415
시래기,시래기,OVD 시래기조림P,조림류,제조일로부터 9일,,씨제이프레시웨이 주식회사 센트럴키친중부지점,20200374351179,20230925,20250610
고등어,고등어,OVD 양념고등어(50~70g),기타 수산물가공품,제조일로부터 20일,-,씨제이프레시웨이 주식회사 센트럴키친중부지점,20200374351173,20230919,20231214
고등어,고등어,OVD 양념고등어(70~90g),기타 수산물가공품,제조일로부터 7일,,씨제이프레시웨이 주식회사 센트럴키친중부지점,20200374351222,20240227,20240228
우엉,우엉,OVD 우엉채조림P,조림류,제조일로부터 30일,,씨제이프레시웨이 주식회사 센트럴키친중부지점,20200374351177,20230920,20250614
삼겹살,삼겹살,OVD 제주도식삼겹살무조림,식육함유가공품,제조일로부터 7일,,씨제이프레시웨이 주식회사 센트럴키친중부지점,20200374351344,20251111,20251117
청경채,청경채,OVD 청경채굴소스볶음,조림류,제조시간으로부터 36시간,,씨제이프레시웨이 주식회사 센트럴키친중부지점,20200374351151,20230228,20240504
콩나물,콩나물,OVD 콩나물무침,조림류,제조시간으로부터 72시간,,씨제이프레시웨이 주식회사 센트럴키친중부지점,20200374351144,20230214,20240426
미역,미역,OviMarin 미역추출물,캔디류,18개월,,농업회사법인아람농장(주),20100560450130,20260115,20260121
요거트,요거트,P 퓨어 요거트파우더,당류가공품,제조일로부터 18개월,,주식회사 이노라이즈컴퍼니,20120358156114,20170609,20170615
베이컨,베이컨,P-피자(베이컨),빵류,제조일로부터 12개월 까지,,그린식품(주),19900364031639,20211012,20260201
목살,목살,P.C닭목살간장소스,소스,제조일로부터 12개월,,(주)금진식품,200804490041276,20231204,20250215
목살,목살,P.C닭목살양념소스,소스,제조일로부터 6개월,,(주)금진식품,200804490041277,20231204,20250823
당근,당근,P)당근시트,빵류,제조일로부터 실온(1~35℃) 7일까지,,(주)파리크라상,198802750017114,20251023,20260605
당근,당근,P)당근케이크(홀),빵류,제조일로부터 냉동(-18℃이하) 4 개월 까지,,(주)파리크라상,198802750017121,20251128,20251205
요거트,요거트,P)딸기요거트(조각),빵류,제조일로부터 냉동(-18℃이하) 4개월까지,,(주)파리크라상,198802750017006,20250130,20260310
당근,당근,P뉴당근케이크(조각),빵류,제조일로부터 냉동(-18℃이하) 4 개월 까지,,(주)파리크라상,198802750017112,20251023,20251219
닭가슴살,닭가슴살,P닭가슴살파우다,복합조미식품,12개월,,(주)소스텍,200603470302039,20170428,20170520
당근,당근,P더 진한 당근케이크,빵류,제조일로부터 4개월까지,,(주)파리크라상,198802750016937,20240902,20240905
바나나,바나나,P바나나베이스,과.채가공품,제조일로부터 24개월,-,(주)아람에프엔비,20150360073709,20260423,20260429
바나나,바나나,P바나나카라멜파운드,빵류,제조일로부터 냉동( -18°C이하 ) 3개월 까지,,(주)파리크라상,200601812661235,20250326,20250916
후추,후추,P백후추,향신료조제품,24개월,,금하푸드2,1994008038663,20130410,20160706
후추,후추,P백후추,향신료조제품,36개월,,금하푸드2,1994008038662,20130410,20250325
후추,후추,P순후추,향신료조제품,24개월,,금하푸드2,1994008038666,20130410,20160706
요거트,요거트,P카사타요거트블루베리,빵류,제조일로부터 냉동(-18℃이하) 4개월까지,,(주)파리크라상,200601812661239,20250409,20250415
수박,수박,PARK 수박 (전량수출용 12%),기타 주류,제조일로부터 10 년,,고려원 주식회사 농업회사법인,20200016222212,20231121,20240412
요구르트,요구르트,PARK 요구르트 ( 전량수출용 12%),기타 주류,제조일로부터 10 년,,고려원 주식회사 농업회사법인,20200016222214,20231121,20240412
시금치,시금치,PAS)시금치바질 베이글,빵류,90일,,에스피엘주식회사,200403064182854,20230525,20230822
바나나,바나나,PAS)카사타 바나나,빵류,제조일로부터 4개월까지,,(주)파리크라상,198802750016720,20230615,20230815
요거트,요거트,PAS)카사타 요거트 블루베리,빵류,제조일로부터 4개월까지,,(주)파리크라상,198802750016722,20230615,20240313
요거트,요거트,PAS)카사타 요거트 블루베리,빵류,제조일로부터 냉동(-18℃이하) 4개월까지,,(주)파리크라상,200601812661241,20250418,20250423
마요네즈,마요네즈,PB마요네즈,마요네즈,제조일로부터 30일 (냉장),,주식회사 삼립 청주공장,2017041508037,20170803,20170918
시래기,시래기,PBICK 시래기해장국,즉석조리식품,제조일로부터 15개월,,(주)대도F&D,19920392069427,20250725,20250815
미역,미역,PBICK 차돌양지미역국,즉석조리식품,제조일로부터 15개월,,(주)대도F&D,19920392069424,20250721,20250815
계란,계란,PBICK 파송송계란국,즉석조리식품,제조일로부터 15개월,,(주)대도F&D,19920392069426,20250725,20250815
요거트,요거트,PBICK 하루한봉요거트,땅콩 또는 견과류가공품,제조일로부터 10개월,,(주)맑은농산 (신공장),20130333288133,20260406,20260418
부추,부추,PBICK)부추가득고기만두,만두,제조일로부터 12개월,,(주)엄지식품,200104933581234,20260526,20260528
베이컨,베이컨,PBICK더블포테이토베이컨피자,빵류,제조일로부터 12개월까지,없음,주식회사조흥,199703111002485,20260506,20260508
바나나,바나나,PC)X-MAS 바나나카라멜구겔호프,빵류,제조일로부터 4개월까지,,(주)파리크라상,198802750016440,20211117,20231130
과자,과자,PC과자빵용 휴면반죽,빵류,90일,,에스피엘주식회사,200403064182284,20180827,20250204
과자,과자,PC사과자몽주스,과.채주스,제조일로부터 30일까지 (냉장),,주식회사 삼립 청주공장,20170415080956,20231121,20240207
우유,우유,PC우유식빵용 휴면반죽,빵류,90 일,,에스피엘주식회사,200403064181885,20160224,20230725
연어,연어,PDRN 연어콜라겐복합물,당류가공품,제조일로부터 2년까지,,바이오디피씨(주),20230528144290,20260409,20260414
연어,연어,PDRN 저분자 어린 연어 콜라겐,기타가공품,제조일로부터 24개월,,주식회사오투바이오,201104490151068,20260220,20260401
연어,연어,PDRN 저분자 어린 연어 콜라겐 컴플렉스,기타가공품,제조일로부터 24개월,,주식회사오투바이오,201104490151062,20260205,20260319
순두부,순두부,peacock 강릉식 짬뽕순두부,간편조리세트,제조일로부터 7일까지,,(주)신세계푸드 음성공장,201504452221521,20260609,20260610
연두부,연두부,PGA플러스 칼슘연두부,가공두부,제조일로부터 20일까지,,(주)풀잎라인,20010435046306,20201230,20241023
그래놀라,그래놀라,PH 병아리콩 그래놀라 믹스,곡류가공품,제조일로부터 12개월까지,,주식회사 어반파머,2020047010775,20221128,20230316
소고기,소고기,PHO BO 소고기 쌀국수,간편조리세트,제조일로부터 9개월까지,,(주)마이셰프,20230377067190,20230824,20230908
소고기,소고기,PHO소고기쌀국수장국,소스,제조일로부터 9개월,,(주)소울,20150347289203,20170124,20170125
소고기,소고기,PHO소고기쌀국수장국,소스,제조일로부터 6개월,,(주)소울,20150347289202,20170120,20170123
소고기,소고기,PHO소고기쌀국수장국-2,소스,제조일로부터 6개월,,(주)태성에프에스,2019036311426,20200114,20241008
소고기,소고기,PHO소고기쌀국수장국-2,소스,제조일로부터 6개월,,(주)소울,20150347289489,20180831,20250115
오이,오이,PICKLES 오이피클,절임식품,제조일로부터 6개월까지,,주식회사 일미푸드,20040257068176,20250808,20250809
베이컨,베이컨,PickyPickers 베이컨크림우동,즉석조리식품,12개월,,(주)면사랑,199304430281966,20210224,20221018
모짜렐라,모짜렐라,PJ모짜렐라맛 슈레드,기타가공품,제조일로부터 6개월까지(냉동),,(주)로젠치즈앤푸드,20060263057165,20240205,20240217
오이,오이,PJ피자 오이피클,절임식품,제조일부터 3개월,,(유)삼각에프엠씨 웰빙랜드,20070464094414,20191118,20240105
스테이크소스,스테이크소스,PK찹스테이크소스,소스,제조일로부터 6개월,,주식회사 푸드에스엠,20230501071343,20231107,20231111
닭가슴살,닭가슴살,Plant based 갈릭닭가슴살 주먹밥,즉석조리식품,제조일로부터 12개월까지,,농업회사법인 주식회사 한우물,200804930741391,20240503,20240509
계란,계란,PLANT BASED 바르다 계란 곤약 김밥,즉석조리식품,제조일로부터 냉동18개월,,(주)이노하스,2024066107523,20240729,20240912
스테이크소스,스테이크소스,PLANT BASED 함박스테이크소스,소스,제조일로부터 12개월까지,,주식회사 화경,200103062441988,20230607,20230609
요거트,요거트,Plus 82 요거트파우더,기타가공품,제조일로부터 2년까지,,플레이버팝스(주),20140275259558,20230830,20250122
김자반,김자반,Pocket김자반,가공김(조미김 또는 구운김),제조일로부터 12개월,,어업회사법인 명품김(주),20130471018251,20251201,20251203
김자반,김자반,Pocket해물야채김자반,기타 수산물가공품,제조일로부터 12개월,,어업회사법인 명품김(주),20130471018250,20251128,20251223
그래놀라,그래놀라,Post 통보리 그래놀라,곡류가공품,제조일로부터 12개월,,도울바이오푸드영농조합법인,20080517001359,20220826,20251206
연어,연어,PREMIUM 간장 연어장,절임식품,제조일로부터 24개월,,주식회사더꽃게,2022026805464,20240701,20251230
명태,명태,PREMIUM 명태회무침,양념젓갈,제조일로부터 6개월,,주식회사더꽃게,2022026805452,20240419,20251115
명란,명란,PREMIUM 못난이 백명란,양념젓갈,제조일로부터 24개월,,주식회사더꽃게,2022026805478,20240809,20260116
스낵,스낵,PREMIUM 웨지감자스낵 치즈불닭맛,과자,12개월,12개월,(주)엘앤에스,2024056962011,20260128,20260206
전복,전복,PREMIUM 전복장,절임식품,제조일로부터 24개월,,주식회사더꽃게,2022026805445,20231229,20251126
오이,오이,Premium 함채 오이소박이,김치,제조일부터 60일(냉장보관),,농업회사법인 (유) 일품김치,20040360467280,20151016,20220826
마요네즈,마요네즈,provansal  마요네즈,마요네즈,"실온, 8개월",,(주)시아스,200504150203892,20200812,20201105
연어,연어,PRP연어핵산,기타 수산물가공품,제조일로부터24개월까지(실온),,(주)파마리서치,201303864833,20160311,20230610
생크림,생크림,PSG반)생크림빵,빵류,30일,,(주)파리크라상,200601812661075,20240112,20240120
생크림,생크림,PSG반)초코생크림빵,빵류,30일,,(주)파리크라상,200601812661074,20240112,20240201
부추,부추,PSP 부추무침소스,소스,제조일로부터 06개월,,비에이치푸드케어(주),200103723432605,20191126,20191127
설탕,설탕,PSP 설탕토스트베이스,소스,제조일로부터 12개월까지,,대상푸드플러스주식회사,198804490042863,20240620,20240625
청양고추,청양고추,PSP 청양고추소스,소스,6개월(냉장),,세원푸드(주),201003682491875,20231006,20231028
돈까스소스,돈까스소스,PSP돈까스소스,소스,제조일로부터 6개월,,(주)태성에프에스,20190363114199,20210402,20210406
돈까스소스,돈까스소스,PSP매운돈까스소스,소스,제조일로부터 6개월,,(주)태성에프에스,20190363114200,20210405,20210406
부추,부추,PSP부추무침소스,소스,제조일로부터 6개월,,(주)소울,201503472891171,20240926,20241001
부추,부추,PSP부추무침소스,소스,제조일로부터 6개월,,(주)태성에프에스,20190363114384,20230908,20241012
순두부,순두부,PSP순두부쫄면소스,소스,제조일로부터 9개월까지,,(주)푸드공방,200103684311097,20240919,20250321
스테이크소스,스테이크소스,PSPF&D스테이크소스,소스,냉장보관 6개월,,(주)푸드공방,20010368431460,20180702,20201103
올리고당,올리고당,PTCoop 유기농프락토올리고당,올리고당,제조일로부터 24개월,,(주)네오크레마 익산공장,20160275045231,20220826,20240403
깻잎,깻잎,pure farm 깻잎,침출차,제조일로부터 24개월,,조태연가죽로차,1997062102430,20170825,20180223
우엉,우엉,pure farm 우엉,침출차,제조일로부터 24개월,,조태연가죽로차,1997062102426,20170825,20180221
바나나,바나나,Q바나나하이레진,당류가공품,제조일부터 24개월,,(주)신영푸드,1997037204468,20101019,20160706
돈까스소스,돈까스소스,RB매운돈까스소스,소스,제조일로부터 6개월,,주식회사 레인보우에프에스,20170441083430,20250108,20250115
소고기,소고기,RD소고기죽(농축),즉석조리식품,제조일로부터 12개월,,주식회사 엄지식품,201504932081124,20230609,20240117
전복,전복,RD전복죽(농축),즉석조리식품,제조일로부터 12개월,,주식회사 엄지식품,201504932081125,20230609,20240117
귀리,귀리,RE-EAT 귀리현미곤약밥,즉석조리식품,제조일로부터 12개월,,(주)티엘푸드,2022027226614,20231214,20241218
닭가슴살,닭가슴살,REAL 닭주스 오리지널 닭가슴살 쉐이크,즉석조리식품,제조일로부터 12개월 1일,,(주)두손푸드 칠보지점,20170490171157,20210630,20251111
마요네즈,마요네즈,REAL 마요네즈,마요네즈,제조일로부터 6개월,해당 없음,과채가공센터,202207330722,20220831,20221022
마요네즈,마요네즈,REAL 마요네즈주니어,마요네즈,제조일로부터 180 일,해당 없음,과채가공센터,202207330725,20221227,20230215
케첩,케첩,REAL 토마토케첩주니어,토마토케첩,제조일로부터 180일,해당 없음,과채가공센터,202207330724,20221227,20221228
당근,당근,Real NFC 100 당근,과.채가공품,제조일로부터 24개월,,(주)참선진녹즙,20120443030141,20240626,20240710
우유,우유,REAL price 우유식빵,빵류,제조일로부터 13일까지,,롯데웰푸드(주),19870364014490,20201022,20260201
우유,우유,REAL price 우유식빵,빵류,제조일로부터13일,,롯데웰푸드(주),20070156181866,20190322,20251202
수박,수박,REAL수박주스,과.채주스,제조일로부터 24개월까지,,(주)흥국에프엔비,20110445292810,20210215,20210216
베이컨,베이컨,REAL프렌치크로크무슈베이컨치즈,빵류,제조일로부터 12개월까지,없음,주식회사조흥,19970311100599,20190213,20190412
유부,유부,REALPRICE 유부초밥햄야채,즉석조리식품,제조일로부터 12개월까지,,천일식품(주),199301993491464,20250507,20250514
그래놀라,그래놀라,REDUCE 딸기 그래놀라 쉐이크,체중조절용 조제식품,제조일로부터 24개월까지,해당없음.,자연그대로(주),20110372457416,20231107,20231108
바나나|그래놀라,"바나나,그래놀라",REDUCE 바나나 그래놀라 쉐이크,체중조절용 조제식품,제조일로부터 24개월까지,해당없음.,자연그대로(주),20110372457384,20230612,20230621
소시지,소시지,RFS크리스피모짜소시지핫도그,빵류,2년,,리코푸드서비스(주),2023060984021,20240904,20250201
소시지,소시지,RFS포테이토모짜소시지핫도그,빵류,2년,,리코푸드서비스(주),2023060984022,20240904,20250201
베이컨,베이컨,Rice pizza (베이컨하와이안피자),빵류,제조일로부터 12개월,,모운 주식회사 농업회사법인,202409450878,20250203,20251118
시금치,시금치,RISO 리조 시금치 파스타,건면,18개월,,거류영농조합법인,20150619040304,20251209,20251212
오이,오이,RMC 오이피클(슬라이스),절임식품,제조일로부터 24개월,,늘푸른푸드주식회사,200103807604,20040402,20230610
부침가루,부침가루,RS부침가루,곡류가공품,제조일로부터 12개월,,이노투푸드,2022068364227,20241203,20241205
당근,당근,"RTXA전처리당근,전자전용,당근:중국산,KG,스틱,1.5*6CM,신선편의",신선편의식품,제조일로부터 5일,,농업회사법인 에이에이시주식회사,20180469396101,20260520,20260602
미역,미역,S 미역,기타 수산물가공품,제조일로부터 18개월,,영어조합법인 명천어촌계,2009051809412,20220210,20220212
튀김가루,튀김가루,S&B 치킨튀김가루,기타가공품,제조일로부터 12개월,,전원식품,19950362066192,20250703,20250730
요거트,요거트,S2 요거트 파우더,당류가공품,제조일로부터 18개월,해당사항 없음,세미기업(주),1991049004094,20150429,20240117
시금치,시금치,S감자시금치묽은죽,영.유아용 이유식,제조일로부터 12일까지,,(주)에코맘의 산골이유식,202006140371096,20240722,20240724
마요네즈,마요네즈,S골드마요네즈,마요네즈,제조일로부터 10개월,,(주)삼아벤처,199104430242207,20210105,20210116
애호박,애호박,S닭가슴살수수애호박묽은죽,영.유아용 이유식,제조일로부터 12일까지,,(주)에코맘의 산골이유식,202006140371094,20240618,20240619
애호박,애호박,S닭가슴살수수애호박묽은죽,영.유아용 이유식,제조일로부터 12일까지,,(주)에코맘의 산골이유식,20200614037380,20200612,20200616
양배추,양배추,S닭가슴살양배추묽은죽,영.유아용 이유식,제조일로부터 12일까지,,(주)에코맘의 산골이유식,20200614037107,20200416,20201205
미역,미역,S미역들깨묽은죽,영.유아용 이유식,제조일로부터 12일까지,,(주)에코맘의 산골이유식,20200614037385,20200617,20200624
브로콜리,브로콜리,S발아현미닭브로콜리묽은죽,영.유아용 이유식,제조일로부터 12일까지,,(주)에코맘의 산골이유식,20200614037386,20200617,20200624
베이컨,베이컨,S베이컨치즈,즉석조리식품,9개월,,주식회사 씨에스온푸드,2022036933932,20241104,20241106
튀김가루,튀김가루,S별튀김가루(NEW),곡류가공품,12개월,,도움에프앤비,20080358366272,20251028,20251104
튀김가루,튀김가루,S별튀김가루(NEW),기타가공품,12개월,,도움에프앤비,20080358366250,20240725,20240731
브로콜리,브로콜리,S사과브로콜리묽은죽,영.유아용 이유식,제조일로부터 12일까지,,(주)에코맘의 산골이유식,2020061403789,20200415,20240706
미역,미역,S서리태미역묽은죽,영.유아용 이유식,제조일로부터 12일까지,,(주)에코맘의 산골이유식,20200614037391,20200617,20200624
애호박,애호박,S양배추애호박묽은죽,영.유아용 이유식,제조일로부터 12일까지,,(주)에코맘의 산골이유식,202006140371099,20240722,20240724
애호박,애호박,S양배추애호박묽은죽,영.유아용 이유식,제조일로부터 12일,,(주)에코맘의 산골이유식,20200614037393,20200617,20200624
미역,미역,S울타리콩미역묽은죽,영.유아용 이유식,제조일로부터 12일까지,,(주)에코맘의 산골이유식,202006140371100,20240722,20240724
전복,전복,S전복덮밥소스,즉석조리식품,9개월,,주식회사 씨에스온푸드,2022036933936,20241126,20241130
미역,미역,S한우미역묽은죽,영.유아용 이유식,제조일로부터 12일까지,,(주)에코맘의 산골이유식,20200614037396,20200617,20200624
봄동,봄동,S한우봄동묽은죽,영.유아용 이유식,제조일로부터 12일까지,,(주)에코맘의 산골이유식,2020061403799,20200415,20201205
브로콜리,브로콜리,S한우브로콜리묽은죽,영.유아용 이유식,제조일로부터 12일까지,,(주)에코맘의 산골이유식,20200614037103,20200415,20240706
양배추,양배추,S한우적양배추묽은죽,영.유아용 이유식,제조일로부터 12일까지,,(주)에코맘의 산골이유식,2020061403796,20200415,20230609
청경채,청경채,S한우청경채묽은죽,영.유아용 이유식,제조일로부터 12일까지,,(주)에코맘의 산골이유식,20200614037104,20200415,20201205
생선,생선,S흰살생선두부양송이묽은죽,영.유아용 이유식,제조일로부터 12일까지,,(주)에코맘의 산골이유식,20200614037110,20200416,20230609
생선,생선,S흰살생선보리묽은죽,영.유아용 이유식,제조일로부터 12일까지,,(주)에코맘의 산골이유식,202006140371090,20240618,20240619
생선,생선,S흰살생선보리묽은죽,영.유아용 이유식,제조일로부터 12일까지,,(주)에코맘의 산골이유식,20200614037403,20200617,20200624
생선,생선,S흰살생선새송이묽은죽,영.유아용 이유식,제조일로부터 12일까지,,(주)에코맘의 산골이유식,20200614037111,20200416,20201205
생선|순두부,"생선,순두부",S흰살생선순두부묽은죽,영.유아용 이유식,제조일로부터 12일까지,,(주)에코맘의 산골이유식,2020061403790,20200415,20201205
생선|시금치,"생선,시금치",S흰살생선시금치묽은죽,영.유아용 이유식,제조일로부터 12일까지,,(주)에코맘의 산골이유식,20200614037404,20200617,20200624
생선,생선,S흰살생선채소묽은죽,영.유아용 이유식,제조일로부터 12일까지,,(주)에코맘의 산골이유식,20200614037405,20200617,20200624
생선,생선,S흰살생선파래김묽은죽,영.유아용 이유식,제조일로부터 12일까지,,(주)에코맘의 산골이유식,20200614037406,20200617,20200624
생선,생선,S흰살생선호랑이콩묽은죽,영.유아용 이유식,제조일로부터 12일까지,,(주)에코맘의 산골이유식,202006140371092,20240618,20240619
생선,생선,S흰살생선홍미묽은죽,영.유아용 이유식,제조일로부터 12일까지,,(주)에코맘의 산골이유식,202006140371091,20240618,20240619
생선,생선,S흰살생선홍미묽은죽,영.유아용 이유식,제조일로부터 12일까지,,(주)에코맘의 산골이유식,20200614037407,20200617,20200624
깻잎,깻잎,SALMON with 깻잎페스토,기타 수산물가공품,제조일로부터 12개월,,(주)더원푸드,20150333204112,20241007,20241017
사탕,사탕,SALT POWER 소금사탕 3%,캔디류,제조일로부터24개월,,구인제과,1996061429554,20220413,20241127
들기름,들기름,SAMHAK들기름,들기름,제조일로부터 12개월,,주식회사 청아띠,20050563006137,20211111,20230516
참기름,참기름,SAMHAK참기름,참기름,제조일로부터 24개월,,주식회사 청아띠,20050563006136,20211111,20230516
들깨,들깨,SB 단호박들깨묽은죽,영.유아용 이유식,제조일로부터 1개월까지,,(주)에코맘의 산골이유식,20200614037726,20220413,20220414
브로콜리,브로콜리,SB 닭가슴살브로콜리묽은죽,영.유아용 이유식,제조일로부터 12개월,,(주)에코맘의 산골이유식,202006140371081,20231222,20231228
애호박,애호박,SB 닭가슴살수수애호박묽은죽,영.유아용 이유식,제조일로부터 1개월까지,,(주)에코맘의 산골이유식,20200614037762,20220413,20220415
양배추,양배추,SB 닭가슴살양배추묽은죽,영.유아용 이유식,제조일로부터 1개월까지,,(주)에코맘의 산골이유식,20200614037727,20220413,20220414
미나리,미나리,SB 미나리두부묽은죽,영.유아용 이유식,제조일로부터 1개월까지,,(주)에코맘의 산골이유식,20200614037723,20220413,20220414
미역,미역,SB 미역들깨묽은죽,영.유아용 이유식,제조일로부터 1개월까지,,(주)에코맘의 산골이유식,20200614037729,20220413,20220414
브로콜리,브로콜리,SB 발아현미닭브로콜리묽은죽,영.유아용 이유식,제조일로부터 1개월까지,,(주)에코맘의 산골이유식,20200614037751,20220413,20220415
청경채,청경채,SB 발아현미두부청경채묽은죽,영.유아용 이유식,제조일로부터 1개월까지,,(주)에코맘의 산골이유식,20200614037750,20220413,20220414
한우,한우,SB 발아현미한우팽이참깨묽은죽,영.유아용 이유식,제조일로부터 1개월까지,,(주)에코맘의 산골이유식,20200614037752,20220413,20220415
봄동,봄동,SB 봄동새송이묽은죽,영.유아용 이유식,제조일로부터 1개월까지,,(주)에코맘의 산골이유식,20200614037753,20220413,20220415
브로콜리,브로콜리,SB 브로콜리감자스프묽은죽,영.유아용 이유식,제조일로부터 1개월까지,,(주)에코맘의 산골이유식,20200614037845,20220627,20220706
브로콜리,브로콜리,SB 브로콜리단호박묽은죽,영.유아용 이유식,제조일로부터 1개월까지,,(주)에코맘의 산골이유식,20200614037718,20220413,20220414
브로콜리,브로콜리,SB 사과브로콜리묽은죽,영.유아용 이유식,제조일로부터 1개월까지,,(주)에코맘의 산골이유식,20200614037710,20220413,20220414
미역,미역,SB 서리태미역묽은죽,영.유아용 이유식,제조일로부터 1개월까지,,(주)에코맘의 산골이유식,20200614037760,20220413,20220415
애호박,애호박,SB 양배추애호박묽은죽,영.유아용 이유식,제조일로부터 1개월까지,,(주)에코맘의 산골이유식,20200614037756,20220413,20220415
연두부,연두부,SB 완두콩연두부묽은죽,영.유아용 이유식,제조일로부터 1개월까지,,(주)에코맘의 산골이유식,20200614037841,20220627,20220706
한우,한우,SB 적양배추한우묽은죽,영.유아용 이유식,제조일로부터 1개월까지,,(주)에코맘의 산골이유식,20200614037731,20220413,20220414
한우,한우,SB 한우곤드레감자묽은죽,영.유아용 이유식,제조일로부터 1개월까지,,(주)에코맘의 산골이유식,20200614037848,20220627,20220706
한우,한우,SB 한우두부묽은죽,영.유아용 이유식,제조일로부터 1개월까지,,(주)에코맘의 산골이유식,20200614037722,20220413,20220414
한우,한우,SB 한우만가닥버섯묽은죽,영.유아용 이유식,제조일로부터 1개월까지,,(주)에코맘의 산골이유식,20200614037737,20220413,20220414
한우,한우,SB 한우무묽은죽,영.유아용 이유식,제조일로부터 1개월까지,,(주)에코맘의 산골이유식,20200614037776,20220413,20220415
한우,한우,SB 한우미역묽은죽,영.유아용 이유식,제조일로부터 1개월까지,,(주)에코맘의 산골이유식,20200614037757,20220413,20220415
한우,한우,SB 한우배묽은죽,영.유아용 이유식,제조일로부터 1개월까지,,(주)에코맘의 산골이유식,20200614037734,20220413,20220414
한우,한우,SB 한우봄동묽은죽,영.유아용 이유식,제조일로부터 1개월까지,,(주)에코맘의 산골이유식,20200614037742,20220413,20220414
한우,한우,SB 한우브로콜리묽은죽,영.유아용 이유식,제조일로부터 1개월까지,,(주)에코맘의 산골이유식,20200614037712,20220413,20220414
한우,한우,SB 한우서리태근대묽은죽,영.유아용 이유식,제조일로부터 1개월까지,,(주)에코맘의 산골이유식,20200614037761,20220413,20220415
한우,한우,SB 한우알배추묽은죽,영.유아용 이유식,제조일로부터 1개월까지,,(주)에코맘의 산골이유식,20200614037853,20220627,20220706
한우,한우,SB 한우애호박묽은죽,영.유아용 이유식,제조일로부터 1개월까지,,(주)에코맘의 산골이유식,20200614037774,20220413,20220415
한우,한우,SB 한우양송이묽은죽,영.유아용 이유식,제조일로부터 1개월까지,,(주)에코맘의 산골이유식,20200614037735,20220413,20220414
한우,한우,SB 한우양파묽은죽,영.유아용 이유식,제조일로부터 1개월까지,,(주)에코맘의 산골이유식,20200614037736,20220413,20220414
한우,한우,SB 한우연근묽은죽,영.유아용 이유식,제조일로부터 1개월까지,,(주)에코맘의 산골이유식,20200614037772,20220413,20220415
한우,한우,SB 한우채소묽은죽,영.유아용 이유식,제조일로부터 12개월까지,,(주)에코맘의 산골이유식,20200614037715,20220413,20231229
한우,한우,SB 한우청경채묽은죽,영.유아용 이유식,제조일로부터 1개월까지,,(주)에코맘의 산골이유식,20200614037713,20220413,20220414
한우,한우,SB 한우취나물묽은죽,영.유아용 이유식,제조일로부터 1개월까지,,(주)에코맘의 산골이유식,20200614037719,20220413,20220414
한우,한우,SB 한우콜리플라워당근묽은죽,영.유아용 이유식,제조일로부터 1개월까지,,(주)에코맘의 산골이유식,20200614037763,20220413,20220415
한우,한우,SB 한우파래김묽은죽,영.유아용 이유식,제조일로부터 1개월까지,,(주)에코맘의 산골이유식,20200614037717,20220413,20220414
한우,한우,SB 한우파프리카녹미묽은죽,영.유아용 이유식,제조일로부터 1개월까지,,(주)에코맘의 산골이유식,20200614037766,20220413,20220415
생선,생선,SB 흰살생선곤드레묽은죽,영.유아용 이유식,제조일로부터 1개월까지,,(주)에코맘의 산골이유식,20200614037840,20220627,20220706
생선,생선,SB 흰살생선로메인묽은죽,영.유아용 이유식,제조일로부터 1개월까지,,(주)에코맘의 산골이유식,20200614037847,20220627,20220706
생선,생선,SB 흰살생선배추묽은죽,영.유아용 이유식,제조일로부터 1개월까지,,(주)에코맘의 산골이유식,20200614037775,20220413,20220415
생선,생선,SB 흰살생선보리묽은죽,영.유아용 이유식,제조일로부터 1개월까지,,(주)에코맘의 산골이유식,20200614037714,20220413,20220414
생선,생선,SB 흰살생선새송이묽은죽,영.유아용 이유식,제조일로부터 1개월까지,,(주)에코맘의 산골이유식,20200614037738,20220413,20220414
생선|순두부,"생선,순두부",SB 흰살생선순두부묽은죽,영.유아용 이유식,제조일로부터 1개월까지,,(주)에코맘의 산골이유식,20200614037739,20220413,20220414
생선,생선,SB 흰살생선시금치묽은죽,영.유아용 이유식,제조일로부터 1개월까지,,(주)에코맘의 산골이유식,20200614037740,20220413,20220414
생선,생선,SB 흰살생선완두콩묽은죽,영.유아용 이유식,제조일로부터 1개월까지,,(주)에코맘의 산골이유식,20200614037765,20220413,20220415
생선,생선,SB 흰살생선채소묽은죽,영.유아용 이유식,제조일로부터 1개월까지,,(주)에코맘의 산골이유식,20200614037716,20220413,20220414
생선,생선,SB 흰살생선파래김묽은죽,영.유아용 이유식,제조일로부터 1개월까지,,(주)에코맘의 산골이유식,20200614037741,20220413,20220414
생선,생선,SB 흰살생선홍미묽은죽,영.유아용 이유식,제조일로부터 1개월까지,,(주)에코맘의 산골이유식,20200614037759,20220413,20220415
마요네즈,마요네즈,SB마요네즈,마요네즈,제조일로부터 4개월,,(주)삼진푸드,199104430292628,20250203,20250212
브로콜리,브로콜리,SC 감자브로콜리옹근죽,영.유아용 이유식,제조일로부터 1개월까지,,(주)에코맘의 산골이유식,20200614037618,20220408,20220414
달걀,달걀,SC 달걀부추옹근죽,영.유아용 이유식,제조일로부터 1개월까지,,(주)에코맘의 산골이유식,20200614037643,20220409,20220414
달걀,달걀,SC 달걀애호박옹근죽,영.유아용 이유식,제조일로부터 1개월까지,,(주)에코맘의 산골이유식,20200614037703,20220413,20220414
달걀,달걀,SC 달걀파프리카옹근죽,영.유아용 이유식,제조일로부터 1개월까지,,(주)에코맘의 산골이유식,20200614037688,20220413,20220414
숙주,숙주,SC 닭가슴살숙주옹근죽,영.유아용 이유식,제조일로부터 1개월까지,,(주)에코맘의 산골이유식,20200614037647,20220409,20220414
청경채,청경채,SC 닭가슴살청경채옹근죽,영.유아용 이유식,제조일로부터 1개월까지,,(주)에코맘의 산골이유식,20200614037621,20220408,20220414
애호박,애호박,SC 로메인애호박타락죽,영.유아용 이유식,제조일로부터 1개월까지,,(주)에코맘의 산골이유식,20200614037836,20220531,20220603
들깨,들깨,SC 모듬버섯들깨옹근죽,영.유아용 이유식,제조일로부터 1개월까지,,(주)에코맘의 산골이유식,20200614037637,20220409,20220414
미역,미역,SC 미역들깨버섯옹근죽,영.유아용 이유식,제조일로부터 1개월까지,,(주)에코맘의 산골이유식,20200614037650,20220409,20220414
계란,계란,SC 발아현미팽이버섯계란옹근죽,영.유아용 이유식,제조일로부터 1개월까지,,(주)에코맘의 산골이유식,20200614037651,20220409,20220414
한우,한우,SC 발아현미한우두부옹근죽,영.유아용 이유식,제조일로부터 1개월까지,,(주)에코맘의 산골이유식,20200614037652,20220411,20220414
들깨,들깨,SC 버섯고사리들깨옹근죽,영.유아용 이유식,제조일로부터 1개월까지,,(주)에코맘의 산골이유식,20200614037653,20220412,20220414
양배추,양배추,SC 사과양배추옹근죽,영.유아용 이유식,제조일로부터 1개월까지,,(주)에코맘의 산골이유식,20200614037673,20220412,20220414
시금치,시금치,SC 시금치깨두부옹근죽,영.유아용 이유식,제조일로부터 1개월까지,,(주)에코맘의 산골이유식,20200614037655,20220412,20220414
생선,생선,SC 시금치당근생선옹근죽,영.유아용 이유식,제조일로부터 1개월까지,,(주)에코맘의 산골이유식,20200614037626,20220408,20220414
생선,생선,SC 아스파라거스생선옹근죽,영.유아용 이유식,제조일로부터 1개월까지,,(주)에코맘의 산골이유식,20200614037831,20220531,20220603
양배추,양배추,SC 양배추수수옹근죽,영.유아용 이유식,제조일로부터 1개월까지,,(주)에코맘의 산골이유식,20200614037697,20220413,20220414
들깨,들깨,SC 연근버섯들깨옹근죽,영.유아용 이유식,제조일로부터 1개월까지,,(주)에코맘의 산골이유식,20200614037657,20220412,20220414
유부,유부,SC 유부야채옹근죽,영.유아용 이유식,제조일로부터 1개월까지,,(주)에코맘의 산골이유식,20200614037832,20220531,20220603
닭고기,닭고기,SC 이로운 죽 닭고기,즉석조리식품,12개월,,서창산업(주),19910257032210,20200824,20241113
소고기,소고기,SC 이로운 죽 소고기,즉석조리식품,12개월,12개월,서창산업(주),19910257032209,20200813,20250124
한우,한우,SC 잎새버섯한우옹근죽,영.유아용 이유식,제조일로부터 1개월까지,,(주)에코맘의 산골이유식,20200614037658,20220412,20220414
한우,한우,SC 적양배추한우옹근죽,영.유아용 이유식,제조일로부터 1개월까지,,(주)에코맘의 산골이유식,20200614037638,20220409,20220414
미역,미역,SC 참깨연근미역옹근죽,영.유아용 이유식,제조일로부터 1개월까지,,(주)에코맘의 산골이유식,20200614037631,20220409,20220414
한우,한우,SC 한우가지두부옹근죽,영.유아용 이유식,제조일로부터 1개월까지,,(주)에코맘의 산골이유식,20200614037661,20220412,20220414
한우,한우,SC 한우곤드레옹근죽,영.유아용 이유식,제조일로부터 1개월까지,,(주)에코맘의 산골이유식,20200614037834,20220531,20220603
한우,한우,SC 한우근대옹근죽,영.유아용 이유식,제조일로부터 1개월까지,,(주)에코맘의 산골이유식,20200614037675,20220412,20220414
한우,한우,SC 한우녹미양배추옹근죽,영.유아용 이유식,제조일로부터 1개월까지,,(주)에코맘의 산골이유식,20200614037699,20220413,20220414
다시마,다시마,SC 한우다시마옹근죽,영.유아용 이유식,제조일로부터 1개월까지,,(주)에코맘의 산골이유식,20200614037620,20220408,20220414
미역,미역,SC 한우미역옹근죽,영.유아용 이유식,제조일로부터 1개월까지,,(주)에코맘의 산골이유식,20200614037662,20220412,20220414
브로콜리,브로콜리,SC 한우브로콜리옹근죽,영.유아용 이유식,제조일로부터 1개월까지,,(주)에코맘의 산골이유식,20200614037698,20220413,20220414
콩나물,콩나물,SC 한우콩나물옹근죽,영.유아용 이유식,제조일로부터 1개월까지,,(주)에코맘의 산골이유식,20200614037700,20220413,20220414
부추,부추,SC 한우톳부추옹근죽,영.유아용 이유식,제조일로부터 1개월까지,,(주)에코맘의 산골이유식,20200614037702,20220413,20220414
생선,생선,SC 흰살생선감자옹근죽,영.유아용 이유식,제조일로부터 1개월까지,,(주)에코맘의 산골이유식,20200614037665,20220412,20220414
생선,생선,SC 흰살생선검은깨옹근죽,영.유아용 이유식,제조일로부터 1개월까지,,(주)에코맘의 산골이유식,20200614037666,20220412,20220414
생선,생선,SC 흰살생선냉이옹근죽,영.유아용 이유식,제조일로부터 1개월까지,,(주)에코맘의 산골이유식,20200614037677,20220412,20220414
생선,생선,SC 흰살생선단호박옹근죽,영.유아용 이유식,제조일로부터 1개월까지,,(주)에코맘의 산골이유식,20200614037633,20220409,20220414
생선,생선,SC 흰살생선미나리옹근죽,영.유아용 이유식,제조일로부터 1개월까지,,(주)에코맘의 산골이유식,20200614037704,20220413,20220414
생선,생선,SC 흰살생선미역옹근죽,영.유아용 이유식,제조일로부터 1개월까지,,(주)에코맘의 산골이유식,20200614037667,20220412,20220414
생선,생선,SC 흰살생선버섯옹근죽,영.유아용 이유식,제조일로부터 1개월까지,,(주)에코맘의 산골이유식,20200614037668,20220412,20220414
숙주,숙주,SC 흰살생선숙주옹근죽,영.유아용 이유식,제조일로부터 1개월까지,,(주)에코맘의 산골이유식,20200614037630,20220409,20220414
생선,생선,SC 흰살생선애호박옹근죽,영.유아용 이유식,제조일로부터 1개월까지,,(주)에코맘의 산골이유식,20200614037669,20220412,20220414
생선,생선,SC 흰살생선어린잎채소옹근죽,영.유아용 이유식,제조일로부터 1개월까지,,(주)에코맘의 산골이유식,20200614037833,20220531,20220603
생선,생선,SC 흰살생선완두콩옹근죽,영.유아용 이유식,제조일로부터 1개월까지,,(주)에코맘의 산골이유식,20200614037684,20220412,20220414
생선,생선,SC 흰살생선잎새버섯검은깨옹근죽,영.유아용 이유식,제조일로부터 1개월까지,,(주)에코맘의 산골이유식,20200614037681,20220412,20220414
생선,생선,SC 흰살생선죽순옹근죽,영.유아용 이유식,제조일로부터 1개월까지,,(주)에코맘의 산골이유식,20200614037670,20220412,20220414
생선,생선,SC 흰살생선참깨옹근죽,영.유아용 이유식,제조일로부터 1개월까지,,(주)에코맘의 산골이유식,20200614037632,20220409,20220414
생선,생선,SC 흰살생선콜리플라워옹근죽,영.유아용 이유식,제조일로부터 1개월까지,,(주)에코맘의 산골이유식,20200614037830,20220531,20220603
생선,생선,SC 흰살생선콩비지옹근죽,영.유아용 이유식,제조일로부터 1개월까지,,(주)에코맘의 산골이유식,20200614037835,20220531,20220603
생선,생선,SC 흰살생선파프리카옹근죽,영.유아용 이유식,제조일로부터 1개월까지,,(주)에코맘의 산골이유식,20200614037686,20220413,20220414
돼지고기,돼지고기,SC돼지고기밑간양념,소스,제조일로부터 냉동10개월,,(주)삼삼무무푸드,20160115456451,20230130,20230204
멸치,멸치,SD 고구마멸치진밥,영.유아용 이유식,제조일로부터 1개월까지,,(주)에코맘의 산골이유식,20200614037546,20220407,20220413
브로콜리,브로콜리,SD 단호박브로콜리진밥,영.유아용 이유식,제조일로부터 1개월까지,,(주)에코맘의 산골이유식,20200614037545,20220407,20220413
달걀,달걀,SD 달걀단호박진밥,영.유아용 이유식,제조일로부터 1개월까지,,(주)에코맘의 산골이유식,20200614037609,20220408,20220414
달걀,달걀,SD 달걀채소진밥,영.유아용 이유식,제조일로부터 1개월까지,,(주)에코맘의 산골이유식,20200614037568,20220407,20220414
청경채,청경채,SD 닭가슴살청경채진밥,영.유아용 이유식,제조일로부터 1개월까지,,(주)에코맘의 산골이유식,20200614037553,20220407,20220413
닭고기,닭고기,SD 닭고기블루베리배진밥,영.유아용 이유식,제조일로부터 1개월까지,,(주)에코맘의 산골이유식,20200614037602,20220408,20220414
돼지고기,돼지고기,SD 돼지고기낙지진밥,영.유아용 이유식,제조일로부터 1개월까지,,(주)에코맘의 산골이유식,20200614037611,20220408,20220414
돼지고기,돼지고기,SD 돼지고기무진밥,영.유아용 이유식,제조일로부터 1개월까지,,(주)에코맘의 산골이유식,20200614037537,20220407,20220413
돼지고기,돼지고기,SD 돼지고기부추진밥,영.유아용 이유식,제조일로부터 1개월까지,,(주)에코맘의 산골이유식,20200614037608,20220408,20220414
돼지고기,돼지고기,SD 돼지고기수수진밥,영.유아용 이유식,제조일로부터 1개월까지,,(주)에코맘의 산골이유식,20200614037614,20220408,20220414
돼지고기,돼지고기,SD 돼지고기연근진밥,영.유아용 이유식,제조일로부터 1개월까지,,(주)에코맘의 산골이유식,20200614037605,20220408,20220414
양배추,양배추,SD 돼지안심양배추진밥,영.유아용 이유식,제조일로부터 1개월까지,,(주)에코맘의 산골이유식,20200614037532,20220407,20220413
미역,미역,SD 두부미역들깨진밥,영.유아용 이유식,제조일로부터 1개월까지,,(주)에코맘의 산골이유식,20200614037555,20220407,20220413
멸치,멸치,SD 멸치채소진밥,영.유아용 이유식,제조일로부터 1개월까지,,(주)에코맘의 산골이유식,20200614037539,20220407,20220413
소고기,소고기,SD 발아현미소고기무아욱진밥,영.유아용 이유식,제조일로부터 1개월까지,,(주)에코맘의 산골이유식,20200614037572,20220408,20220414
부추,부추,SD 부추게살진밥,영.유아용 이유식,제조일로부터 1개월까지,,(주)에코맘의 산골이유식,20200614037859,20220627,20220706
브로콜리,브로콜리,SD 브로콜리게살진밥,영.유아용 이유식,제조일로부터 1개월까지,,(주)에코맘의 산골이유식,20200614037849,20220627,20220706
달걀,달걀,SD 브로콜리달걀진밥,영.유아용 이유식,제조일로부터 1개월까지,,(주)에코맘의 산골이유식,20200614037550,20220407,20220413
닭고기,닭고기,SD 비트닭고기진밥,영.유아용 이유식,제조일로부터 1개월까지,,(주)에코맘의 산골이유식,20200614037567,20220407,20220414
청경채,청경채,SD 새우완두콩청경채진밥,영.유아용 이유식,제조일로부터 1개월까지,,(주)에코맘의 산골이유식,20200614037594,20220408,20220414
소고기,소고기,SD 소고기연근진밥,영.유아용 이유식,제조일로부터 1개월까지,,(주)에코맘의 산골이유식,20200614037590,20220408,20220414
소고기,소고기,SD 소고기연근진밥,영.유아용 이유식,제조일로부터 1개월까지,,(주)에코맘의 산골이유식,20200614037606,20220408,20220414
시금치,시금치,SD 시금치치즈진밥,영.유아용 이유식,제조일로부터 1개월까지,,(주)에코맘의 산골이유식,20200614037579,20220408,20220414
콩나물,콩나물,SD 아귀순살콩나물진밥,영.유아용 이유식,제조일로부터 1개월까지,,(주)에코맘의 산골이유식,20200614037863,20220627,20220706
돼지고기,돼지고기,SD 아스파라거스돼지고기진밥,영.유아용 이유식,제조일로부터 1개월까지,,(주)에코맘의 산골이유식,20200614037599,20220408,20220414
생선,생선,SD 아스파라거스생선진밥,영.유아용 이유식,제조일로부터 1개월까지,,(주)에코맘의 산골이유식,20200614037600,20220408,20220414
순두부,순두부,SD 아욱순두부버섯진밥,영.유아용 이유식,제조일로부터 1개월까지,,(주)에코맘의 산골이유식,20200614037577,20220408,20220414
애호박,애호박,SD 애호박새송이진밥,영.유아용 이유식,제조일로부터 1개월까지,,(주)에코맘의 산골이유식,20200614037533,20220407,20220413
우유,우유,SD 우유야채닭진밥,영.유아용 이유식,제조일로부터 1개월까지,,(주)에코맘의 산골이유식,20200614037571,20220408,20220414
유부,유부,SD 유부야채진밥,영.유아용 이유식,제조일로부터 1개월까지,,(주)에코맘의 산골이유식,20200614037856,20220627,20220706
부추,부추,SD 재첩부추진밥,영.유아용 이유식,제조일로부터 1개월까지,,(주)에코맘의 산골이유식,20200614037780,20220415,20220422
전복,전복,SD 전복야채진밥,영.유아용 이유식,제조일로부터 1개월까지,,(주)에코맘의 산골이유식,20200614037854,20220627,20220706
전복,전복,SD 전복영양진밥,영.유아용 이유식,제조일로부터 12개월,,(주)에코맘의 산골이유식,20200614037864,20220627,20231229
돼지고기,돼지고기,SD 죽순돼지고기진밥,영.유아용 이유식,제조일로부터 1개월까지,,(주)에코맘의 산골이유식,20200614037587,20220408,20220414
한돈,한돈,SD 한돈연근차조진밥,영.유아용 이유식,제조일로부터 12개월,,(주)에코맘의 산골이유식,202006140371085,20231222,20231228
낙지,낙지,SD 한우낙지진밥,영.유아용 이유식,제조일로부터 1개월까지,,(주)에코맘의 산골이유식,20200614037610,20220408,20220414
미나리,미나리,SD 한우미나리진밥,영.유아용 이유식,제조일로부터 1개월까지,,(주)에코맘의 산골이유식,20200614037617,20220408,20220414
미역,미역,SD 한우미역채소진밥,영.유아용 이유식,제조일로부터 1개월까지,,(주)에코맘의 산골이유식,20200614037538,20220407,20220413
브로콜리,브로콜리,SD 한우브로콜리진밥,영.유아용 이유식,제조일로부터 1개월까지,,(주)에코맘의 산골이유식,20200614037616,20220408,20220414
숙주,숙주,SD 한우숙주진밥,영.유아용 이유식,제조일로부터 1개월까지,,(주)에코맘의 산골이유식,20200614037781,20220415,20220422
양배추,양배추,SD 한우차조양배추진밥,영.유아용 이유식,제조일로부터 1개월까지,,(주)에코맘의 산골이유식,20200614037607,20220408,20220414
콩나물,콩나물,SD 한우콩나물진밥,영.유아용 이유식,제조일로부터 1개월까지,,(주)에코맘의 산골이유식,20200614037570,20220408,20220414
생선,생선,SD 흰살생선감자곤드레진밥,영.유아용 이유식,제조일로부터 1개월까지,,(주)에코맘의 산골이유식,20200614037860,20220627,20220706
생선,생선,SD 흰살생선두부진밥,영.유아용 이유식,제조일로부터 1개월까지,,(주)에코맘의 산골이유식,20200614037540,20220407,20220413
생선,생선,SD 흰살생선모듬버섯진밥,영.유아용 이유식,제조일로부터 1개월까지,,(주)에코맘의 산골이유식,20200614037564,20220407,20220414
생선,생선,SD 흰살생선모듬채소진밥,영.유아용 이유식,제조일로부터 1개월까지,,(주)에코맘의 산골이유식,20200614037597,20220408,20220414
생선,생선,SD 흰살생선밀쌀완두콩진밥,영.유아용 이유식,제조일로부터 1개월까지,,(주)에코맘의 산골이유식,20200614037595,20220408,20220414
생선,생선,SD 흰살생선서리태미역진밥,영.유아용 이유식,제조일로부터 1개월까지,,(주)에코맘의 산골이유식,20200614037596,20220408,20220414
생선|숙주,"생선,숙주",SD 흰살생선숙주진밥,영.유아용 이유식,제조일로부터 1개월까지,,(주)에코맘의 산골이유식,20200614037543,20220407,20220413
생선,생선,SD 흰살생선참깨진밥,영.유아용 이유식,제조일로부터 1개월까지,,(주)에코맘의 산골이유식,20200614037565,20220407,20220414
생선,생선,SD 흰살생선파프리카진밥,영.유아용 이유식,제조일로부터 1개월까지,,(주)에코맘의 산골이유식,20200614037601,20220408,20220414
콩나물,콩나물,SD콩나물무침분말,복합조미식품,제조일로부터 12개월,,주식회사세명에프엔에프,20100154489595,20221017,20221019
부추,부추,SD특제부추양념,소스,제조일로부터 6개월,,주식회사세명에프엔에프,20100154489594,20221017,20221019
스테이크소스,스테이크소스,SD히커리스모크스테이크소스,소스,제조일로부터 냉장6개월,,태원식품산업(주),198503110016893,20170807,20170812
낙지,낙지,SEAGREAT 낙지볶음,간편조리세트,제조일로부터 12개월,제조일로부터 12개월,대한씨푸드,20180587028126,20230315,20230323
들기름,들기름,Seanol 젊은 들기름,들기름,제조일부터 12개월,,(주)유앤미스마트팜농업회사법인,2021047024463,20240627,20240628
들기름,들기름,Seanol 젊은 생들기름,들기름,제조일부터   12개월,,(주)유앤미스마트팜농업회사법인,2021047024464,20240627,20240628
참기름,참기름,Seanol 젊은 참기름,참기름,제조일부터 24개월,,(주)유앤미스마트팜농업회사법인,2021047024462,20240627,20240628
연어,연어,SEATOP 못난이 연어회,기타 수산물가공품,제조일로부터 12개월,제조일로부터 12개월,(주)선도씨푸드,2019020831195,20240404,20240410
참기름,참기름,Sesame Oil Green Seaweed Snack(O’Food 참기름 파래김),조미김,12개월,,선일물산(주),20010503150130,20220720,20220721
참기름,참기름,Sesame Oil Roasted Seaweed Snack (O’Food 참기름 재래김),조미김,12개월,,선일물산(주),20010503150129,20220720,20220721
낙지,낙지,SF 낙지볶음,기타 수산물가공품,제조일로부터 6개월이내,,주식회사 에스에프코퍼레이션,2022047882929,20240416,20260227
낙지,낙지,SF 대용량 낙지볶음,기타 수산물가공품,제조일로부터 6개월이내,,주식회사 에스에프코퍼레이션,2022047882911,20240718,20260227
마요네즈,마요네즈,SF머스타드마요네즈버거소스,소스,제조일로부터 5개월까지,,(주)신세계푸드 음성공장,201504452221159,20230904,20250411
멸치,멸치,SF멸치볶음,조림류,제조일로부터 180일까지,,농업회사법인 한울팜스주식회사,20080440082596,20260526,20260527
베이컨,베이컨,SF베이컨김치볶음밥,즉석조리식품,"냉동, 12개월",,(주)시아스,200504150204159,20210310,20210622
연어,연어,SFC연어소스,소스,제조일로부터 06개월,,(주)선그린,20070275085385,20231204,20240322
갈치,갈치,SG 갈치속젓,양념젓갈,제조일부터 냉장 1개월까지,,(주)상구푸드,2022045702546,20250602,20250603
시래기,시래기,SG 삶은시래기,기타 농산가공품,제조일부터 냉장 3개월까지,,(주)상구푸드,2022045702553,20250602,20250603
쌈장,쌈장,SG 양념쌈장,복합조미식품,제조일부터 냉장보관 ( 0℃ ~ 10℃ ) 3개월까지,,(주)상구푸드,2022045702554,20250602,20250603
콩나물,콩나물,SG 콩나물다대기소스,소스,제조일부터 냉장( 0℃~10℃ ) 45일까지,,(주)상구푸드,2022045702555,20250602,20250603
콩나물,콩나물,SG콩나물국밥육수분말,소스,제조일로부터 12개월,,(주)소스플러스,20180374830328,20230817,20251202
멸치,멸치,SH_멸치육수,소스,제조일로부터 12개월 (실온보관),,(주)서해식품,20170635182546,20260212,20260428
낙지,낙지,SH낙지볶음밥용소스,소스,제조일로부터 4개월까지,,농업회사법인(주)승화푸드,200700565442332,20241121,20241123
우유,우유,SH우유도우,빵류,제조일로부터 6개월,,주식회사 굿메이트식품,2016036892986,20260605,20260611
바나나,바나나,Shake&Pan 핫케이크믹스 바나나,기타가공품,12개월,,오뚜기라면(주),19860309018973,20201013,20201016
낙지,낙지,sias낙지볶음밥M,즉석조리식품,"냉동, 12개월",,(주)시아스,200504150203842,20200626,20200627
명란,명란,sias명란오일파스타,즉석조리식품,제조일로부터 12개월까지,,주식회사 시아스쿡,20180452033193,20210910,20210914
들기름,들기름,simplus 100%국내산 들기름,들기름,제조일로부터 12개월,,(주)옥천식품 제2공장,20020355481163,20190730,20251212
볶음참깨,볶음참깨,simplus 100%국내산 볶음참깨,기타 농산가공품,제조일로부터 12개월,,(주)옥천식품 제2공장,20020355481166,20200401,20251128
한돈,한돈,simplus 1분한식당 한돈김치짜글이,즉석조리식품,제조일로부터 12개월까지,,(주)젠푸드,200306143071472,20241016,20250108
돼지고기,돼지고기,simplus 1분한식당 한돈돼지고기찜,즉석조리식품,제조일로부터 12개월까지,,(주)젠푸드,200306143071476,20241016,20250306
한돈,한돈,simplus 1분한식당 한돈제육볶음,즉석조리식품,제조일로부터 12개월까지,,(주)젠푸드,200306143071473,20241016,20250307
귀리,귀리,simplus 귀리가루,곡류가공품,제조일로부터 12개월,.,전원식품,19950362066168,20210305,20251114
깻잎,깻잎,simplus 깻잎전,기타가공품,제조일로부터 12개월,,(주)사옹원,20210452332250,20220721,20250814
도토리묵,도토리묵,simplus 도토리묵가루,전분가공품,제조일로부터 24개월,.,전원식품,19950362066173,20210305,20251114
들기름,들기름,simplus 들기름,들기름,12개월,해당없음.,(주)옥천식품,19960355183183,20230206,20251212
밀가루,밀가루,simplus 메밀가루,곡류가공품,제조일로부터 24개월,.,전원식품,19950362066166,20210308,20251114
모짜렐라,모짜렐라,simplus 모짜렐라 치즈볼,빵류,제조일로부터 12개월까지,,(주)우양(청양공장),201504720631175,20251104,20251106
모짜렐라,모짜렐라,simplus 모짜렐라 치즈스틱,기타가공품,제조일로부터 12개월까지,없음,주식회사 조흥,20220619309270,20260102,20260107
볶음참깨,볶음참깨,simplus 볶음참깨,기타 농산가공품,12개월,,(주)옥천식품,19960355183170,20180612,20251128
부침가루,부침가루,Simplus 부침가루,기타가공품,제조일로부터 365일 까지,,사조동아원(주) 부산공장,19950129282491,20190814,20250905
들기름,들기름,simplus 생들기름,들기름,제조일로부터6개월,,(주)옥천식품 제2공장,20020355481164,20190730,20251212
순두부,순두부,Simplus 순두부찌개양념,소스,9개월(냉장제품),,(주)에스앤푸드,20090443012210,20260210,20260212
수박,수박,simplus 스파클링제로수박,탄산음료,제조일로부터 12개월,,오케이에프음료 주식회사,201005430661570,20250912,20250924
쌈장,쌈장,simplus 쌈장,혼합장,제조일로부터 18개월,,매일식품주식회사,19550509001669,20250820,20250829
우엉,우엉,simplus 우엉차,침출차,제조일로부터 24개월,,녹차원주식회사,19980467010581,20250415,20250416
라면,라면,Simplus 이춘삼짜장라면 건면,건면,제조일로부터 6개월 까지,,(주)하림산업 함열식품 2공장,20200491534165,20251111,20251112
라면,라면,Simplus 이해봉짬뽕라면 건면,건면,제조일로부터 6개월,,(주)하림산업 함열식품 2공장,20200491534167,20251111,20251112
오이,오이,simplus 통오이고추튀김,기타가공품,내수용 : 제조일로부터 12개월 / 수출용 : 수출목적 제품으로 수입자 요구기준에 맞게 설정,,(주)사옹원,20210452332533,20250717,20250826
튀김가루,튀김가루,Simplus 튀김가루,기타가공품,제조일로부터 365일 까지,,사조동아원(주) 부산공장,19950129282492,20190814,20250905
부추,부추,simplus 한입오징어부추전,기타가공품,제조일로부터 12개월,,(주)사옹원,20210452332235,20220518,20250814
식초,식초,simplus발효사과식초,발효식초,,제조일로부터 3년,(주)천연식품,20080555150155,20201016,20250807
식초,식초,simplus발효현미식초,발효식초,,제조일로 부터 3년,(주)천연식품,20080555150156,20201016,20250807
낙지,낙지,Single's pride 간편하게 즐기는 매콤한 낙지볶음밥,즉석조리식품,"냉동보관, 12개월",,(주)시아스,200504150202156,20151207,20160706
베이컨,베이컨,Single's pride간편하게 즐기는 베이컨김치볶음밥,즉석조리식품,"냉동보관, 12개월",,(주)시아스,200504150202158,20151208,20160706
멸치,멸치,SJ멸치액젓,조미액젓,품질유지기간 제조일로부터24개월,제조일로부터24개월,유한회사 씨제이젓갈시스템,202006120352,20210223,20210226
튀김가루,튀김가루,SJ튀김가루,곡류가공품,제조일로부터 1년,,(주) 삼지에프 에스,200004613256068,20230222,20230519
튀김가루,튀김가루,SJ튀김가루프리믹스,곡류가공품,제조일로부터 1년,,(주) 삼지에프 에스,200004613256169,20230516,20230518
튀김가루,튀김가루,SJ튀김가루프리믹스-1,곡류가공품,제조일로부터 1년,,(주) 삼지에프 에스,200004613256168,20230516,20230518
소고기,소고기,SK F&B 얼큰소고기무국,즉석조리식품,제조일부터 10개월 (냉동보관),,(주)동원홈푸드,201904421491847,20240105,20240111
소고기,소고기,SK F&B 얼큰소고기무국-S,즉석조리식품,제조일부터 10개월 (냉동보관),,(주)동원홈푸드,201904421491934,20240223,20240227
부침가루,부침가루,SL부침가루,곡류가공품,제조일로부터 12개월까지,,주식회사 SL푸드원 생태산업단지 3공장,2024071601045,20250918,20250920
요구르트,요구르트,SM요구르트파우더,기타가공품,제조일로부터 12개월,해당사항없음,세미기업(주),19910490040236,20250827,20250924
돈까스소스,돈까스소스,SM저당찬돈까스소스,소스,제조일부터 8개월 (냉장보관),,(주)동원홈푸드,2002046107315121,20240823,20240828
스테이크소스,스테이크소스,SM함박스테이크소스,소스,제조일로부터 3개월,,주식회사 푸드에스엠,20230501071791,20260609,20260611
부추,부추,SMJ부추장,소스,6개월(냉장),,주식회사 세원프레쉬,20150368651882,20220819,20220923
스테이크소스,스테이크소스,SMJ스테이크소스,소스,6개월(냉장),,주식회사 세원프레쉬,20150368651889,20220822,20220823
키위,키위,SNC 골드키위향슬러시,당류가공품,제조일로부터 24개월,,(주)에스엔씨,2021036226942,20260508,20260521
수박,수박,SNC 수박향슬러시,당류가공품,제조일로부터 24개월,,(주)에스엔씨,2021036226941,20260508,20260521
요구르트,요구르트,SNC 요구르트향슬러시,당류가공품,제조일로부터 24개월,,(주)에스엔씨,2021036226944,20260508,20260521
계란,계란,SNOWFOX계란참치풀밥,즉석섭취식품,제조일로부터 6일,,(주)스윗밸런스랩,20210280073471,20250818,20250911
멸치,멸치,SOSO1멸치맛시다,복합조미식품,제조일로부터18개월까지,,(주)신우에프엠,20150375166196,20200922,20200923
돈까스소스,돈까스소스,SP 돈까스소스,소스,제조일로부터 8개월까지,,엠에스푸드,2021039168398,20230317,20230325
바나나,바나나,SP WHEY PROTEIN CHOCOBANANA 웨이프로틴 초코바나나맛,기타가공품,제조일로부터 24개월,해당사항없음,성풍양행(주),20140360314123,20220426,20241112
올리고당,올리고당,SPC 올리고당,올리고당,제조일로붙 24개월,,대상(주)오산공장,19930336060296,20180629,20180706
시래기,시래기,SPC된장시래기맛왕교자,만두,제조일로부터 18개월,,(주) 푸르온,19990461386965,20230919,20241017
양배추,양배추,SPL 다이스양배추,신선편의식품,제조일로부터 7일까지 (냉장),,주식회사 삼립 청주공장,201704150801131,20250430,20250508
오이,오이,SPL 세척오이,신선편의식품,제조일로부터 5일까지(냉장),,주식회사 삼립 청주공장,201704150801205,20250911,20250913
마요네즈,마요네즈,SPL 양파마요네즈,소스,제조일로부터 30일까지 (냉장),,주식회사 삼립 청주공장,201704150801082,20250120,20250122
명란,명란,SPOON명란,양념젓갈,제조일로부터 24개월,,삼양씨푸드주식회사,20030128361105,20191230,20200103
그래놀라,그래놀라,SRC 그래놀라 카카오,과자,제조일로부터 1년,,(주)살루스,2019020611019,20231221,20231223
대파,대파,SRT300대파샌드,빵류,별도표기일로부터 54일,,로컬베이커리소풍,2024059014014,20250529,20250605
스테이크소스,스테이크소스,SS)뉴욕 스테이크소스,소스,냉장(0~10℃이하) : 제조일로부터 6개월,,설성푸드주식회사,20200401840112,20260414,20260428
쌈장,쌈장,Ssamjang - Korean Soybean Sauce(쌈장소스),소스,제조일로부터 14개월까지,,주식회사 화경,200103062442426,20250822,20250826
쌈장,쌈장,SSAMJANG MAYO 쌈장 마요 소스,소스,제조일부터 6개월,,서울향료(주)진천공장,201804502621669,20240509,20241228
쌈장,쌈장,SSB(에스에스비)쌈장,혼합장,제조일로부터 18개월까지,,매일식품주식회사,19550509001280,20150429,20160706
돈까스소스,돈까스소스,SSPC 매콤 돈까스소스,소스,제조일로부터 6개월,,(주)서해식품,2017063518277,20250730,20251225
스테이크소스,스테이크소스,SSPC 큐브스테이크소스,소스,제조일로부터 12개월(실온보관),,(주)서해식품,20170635182561,20260410,20260411
돈까스소스,돈까스소스,SSPC 프리미엄 돈까스소스,소스,제조일로부터 6개월(실온보관),,(주)서해식품,2017063518276,20250705,20251224
설탕,설탕,STARBUCKS 카페 라떼 설탕 무첨가,커피,냉장보관(0~10℃) : 제조일로부터 63일,,서울우유협동조합거창공장,2006062401229,20260508,20260509
스테이크소스,스테이크소스,Steak 스테이크소스,소스,제조일부터 12개월 (실온보관),,(주)동원홈푸드,20190442149179,20190614,20230927
스테이크소스,스테이크소스,Steak 스테이크소스,소스,제조일부터 12개월 (실온보관),,(주)동원홈푸드,200204610739384,20180604,20230927
설탕,설탕,Sugar Flavor ES1 (설탕향 ES1),향료,해당사항없음,해당사항없음,주식회사 세림향료,200802750621060,20200108,20220702
바나나,바나나,Sunkist 바나나,혼합음료,제조일로부터 12개월,,오케이에프음료 주식회사,20100543066614,20180410,20190301
요구르트,요구르트,Sunkist 요구르트 워터,유산균음료,제조일로부터 12개월,,건강한사람들 주식회사 2사업장,20030473071308,20190211,20190215
탄산,탄산,Sunkist 탄산 레몬에이드,탄산음료,제조일로부터12개월,,건강한사람들 주식회사 2사업장,20030473071400,20210603,20231125
탄산,탄산,Sunkist 탄산 레몬에이드,탄산음료,제조일로부터 12개월,,오케이에프음료 주식회사,20100543066910,20201211,20210122
스테이크소스,스테이크소스,Sweetsour 스테이크소스(스위트사워 스테이크소스),소스,"냉장, 6개월",,(주)시아스,200504150202948,20180327,20180616
유부,유부,Swicy유부3P,즉석섭취식품,제조일로부터 48시간,,(주)스위시팩토리,2025052522764,20250925,20250927
유부,유부,Swicy유부4P,즉석섭취식품,제조일로부터 48시간,,(주)스위시팩토리,2025052522758,20250904,20251220
돈까스소스,돈까스소스,SY 돈까스소스,소스,제조일로부터 6개월,,프레시플러스 주식회사,200304432172464,20160404,20180814
요구르트,요구르트,SY요구르트향소스,소스,냉장보관 6개월,,(주)푸드공방,20010368431508,20181128,20181206
돈까스소스,돈까스소스,SY프랜차이즈 프리미엄돈까스소스,소스,제조일로부터 6개월,,프레시플러스 주식회사,200304432174624,20210420,20251122
요구르트,요구르트,SYLION 크랜베리 콘요구르트바,과자,12개월,별첨,(주)씨알푸드,20080435169425,20250401,20250410
돈까스소스,돈까스소스,T-돈까스소스,소스,제조일로부터 12개월[실온보관],,주식회사 유니푸드,20090372032474,20180131,20250315
쌈장,쌈장,T쌈장소스,소스,제조일로부터  4개월,,태원식품산업(주),1985031100112549,20220929,20221007
시금치,시금치,tac 시금치또띠아,빵류,제조일로부터 9개월,-,남향푸드또띠아(주),19990199004244,20260423,20260424
낙지,낙지,TB낙지볶음,기타 수산물가공품,제조일로부터 1년,,주)씨엔에스테크,20150380724151,20250716,20250723
김자반,김자반,TBK 김자반,가공김(조미김 또는 구운김),제조일로부터 12개월 까지,,(주)김노리,20130473129215,20260429,20260501
후추,후추,TBK 마늘후추소스,소스,제조일부터 6 개월,,서울향료(주)진천공장,201804502622247,20260413,20260416
생크림,생크림,TC)레드생크림케이크,빵류,9일,,서울식품공업(주),198504330151270,20131230,20160706
바나나,바나나,TC)바나나타르트,빵류,제조일로부터 6개월(-18℃ 이하 보관),해당없음,서울식품공업(주),198504330151498,20150630,20160706
생크림,생크림,TC)생크림스콘(냉),빵류,제조일로부터 9개월까지(-18℃이하 냉동보관),,서울식품공업(주),198504330152108,20200303,20200304
소시지,소시지,TC)소시지페스츄리,빵류,제조일로부터 6개월까지(-18℃이하 냉동보관),,서울식품공업(주),198504330151723,20170123,20170124
바나나,바나나,TC)초코&바나나케이크,빵류,제조일로부터 180일(-18℃ 이하 보관),해당없음,서울식품공업(주),198504330151492,20150630,20160706
우엉,우엉,TEA를 그대로 우엉,침출차,2년,,농업회사법인 맑을청웰빙 주식회사,20130188080568,20240314,20240330
수박,수박,Tealog 망고수박 아이스티,액상차,제조일로부터 12개월,,동원시스템즈 횡성사업장,20190413079305,20260226,20260305
바나나,바나나,TEAM 바나나맛시럽,소스,제조일로부터 9개월,제조일로부터 9개월,주식회사세명에프엔에프,20100154489358,20200826,20201225
우엉,우엉,TEAPEDIA 연근우엉,침출차,제조일로 부터 12개월까지,12개월,주식회사 건강한채소,2012027528675,20220219,20220222
우엉,우엉,TEAPEDIA 연근우엉차,침출차,제조일로부터 24개월까지,,(주)유성식품,19900368039742,20220127,20220129
다시마,다시마,TERRA X 생생감자칩 다시마소금맛,과자,6개월,,해태가루비(주) 제 2공장,2016038342869,20230210,20230610
시금치,시금치,TG시금치볶음소스,소스,제조일로부터 6개월,,태원식품산업(주),1985031100116821,20260325,20260401
그래놀라,그래놀라,TH 메이플 그래놀라,곡류가공품,제조일로부터 12개월,해당없음.,솜밸리주식회사농업회사법인,20140347242104,20250806,20250812
수박,수박,TH수박스무디,과.채가공품,제조일로부터 36개월,,(주)흥국에프엔비,201104452921245,20250319,20250521
키위,키위,TH애플키위스무디,과.채가공품,제조일로부터 36개월,,(주)흥국에프엔비,201104452921424,20260519,20260522
식초,식초,Thanks Halmae(고마워할매) 감식초,발효식초,24개월,,별빛담은마을,201806160688,20191216,20260418
부추,부추,the 경동 부추꼬막장,절임식품,제조일로부터 1년,,농업회사법인(주)승화푸드,200700565441320,20200102,20240906
귀리,귀리,the 고소한 검은콩 볶은귀리 미숫가루,곡류가공품,제조년월일로부터 24개월,,논앤밭위드,2020020559736,20260608,20260617
김자반,김자반,The 고소한 참기름 돌김자반,가공김(조미김 또는 구운김),제조일로부터 12개월,,주식회사 제이와이에프엔비,201903741696,20250808,20250814
볶음참깨,볶음참깨,THE 농부들앤볶음참깨,기타 농산가공품,제조일로부터 1년,,주식회사 다들림푸드,2011036855960,20251023,20260209
참기름,참기름,THE 농부들앤참기름,참기름,제조일로부터 12개월,,(주)다들림푸드 제2공장,2020038728661,20251023,20260209
들기름,들기름,The 더 건강한 들기름,들기름,1년,,합천군 농산물가공센터(용주),201706251014,20180910,20181030
참기름,참기름,The 더 건강한 참기름,참기름,1년,,합천군 농산물가공센터(용주),201706251015,20181001,20181030
귀리,귀리,THE 든든한 발효귀리가루,곡류가공품,제조일로부터 1년,,다파라케이바이오(주),202406350825,20250109,20250116
들깨,들깨,THE 들깨칼국수용 분말스프,복합조미식품,제조일로부터 1년,,보감푸드,20030607112437,20260202,20260205
소고기,소고기,"The 맛, 소고기 진한 다시 분말",복합조미식품,제조일로부터 18개월(실온),,주식회사 다솜식품,2014044902368,20241105,20250318
키위,키위,The 맛있는 키위드레싱,소스,제조일로부터 6개월,,프레시플러스 주식회사 음성공장,20240676288353,20250620,20250804
모짜렐라,모짜렐라,The 모짜렐라치즈스틱,즉석조리식품,제조일로부터 12개월,,(주)이지푸드,2020042414487,20251217,20251219
연어,연어,THE 바른 생 연어장,절임식품,제조일로부터 1년,,슬기로운 밥상생활,2021059644066,20230623,20230627
전복,전복,THE 바른 전복장,절임식품,제조일로부터 1년,,슬기로운 밥상생활,202105964409,20220805,20220809
전복,전복,THE 방파제 전복 게우장,기타 수산물가공품,제조일로부터 냉동 보관 시 2년,,다미식품,2018052700586,20251215,20251218
우유,우유,The 부드러운 우유식빵,빵류,제조일로부터 7일,해당없음.,밀도베이커스,2022042329425,20250618,20250620
생크림,생크림,THE 생크림,식물성크림,9개월,,주식회사 산지,20170433005403,20240125,20241214
키위,키위,THE 속편한 키위,과.채가공품,제조일로부터 24개월까지,,동서바이오팜(주)용인공장,20000347090469,20231106,20241120
사탕,사탕,the 스윗 산타 소미소미솜사탕,캔디류,제조일로 부터 12개월,제조일로부터 12개월,주)앙팡드봉봉,20190115136110,20231103,20231104
사탕,사탕,the 스윗 소미소미솜사탕,캔디류,제조일로 부터 12개월,제조일로부터 12개월,주)앙팡드봉봉,20190115136108,20230906,20230907
대파,대파,the 슬로우메이드 대파크림 치즈카츠,식육함유가공품,제조일로부터 12개월까지,,지푸드(2공장),2021032427642,20250730,20250806
양배추,양배추,The 진한 유기농양배추즙,액상차,제조일로부터 2년까지,,농업회사법인 우포의아침 주식회사,20110618121137,20190402,20190403
전복,전복,The 진한 전복&톳 미역국,즉석조리식품,제조일로부터 12개월,,기적수산,2023076710664,20250827,20250912
전복,전복,The 진한 전복소스,소스,제조일로부터 12개월까지,,(주)재호물산 제2공장,2016014458988,20200420,20230309
전복,전복,The 진한 전복죽,즉석조리식품,제조일로부터 12개월,,기적수산,2023076710663,20250827,20250912
생크림,생크림,The 촉촉 초콜릿 생크림 케이크,빵류,냉장 5일,,주식회사신세계푸드천안공장,200404490103874,20240201,20241031
멸치,멸치,The 푸짐한 멸치디포리다시팩,기타 수산물가공품,제조일로부터 12개월,제조일로부터 12개월,주식회사 자연원,2016036875082,20251023,20251030
고등어,고등어,The 푸짐한 얼큰달큰 시래기 고등어 조림,기타 수산물가공품,1년,1년,해마(주),19960389021157,20240620,20240621
명태,명태,The 푸짐한 얼큰달큰 시래기 명태조림,기타 수산물가공품,1년,1년,해마(주),19960389021149,20240508,20240511
전복,전복,the 푸짐한 전복 가지 솥밥세트,기타 수산물가공품,제조일로부터 12개월까지,,(주)푸드벅스,20200388015207,20250901,20250913
전복,전복,the 푸짐한 전복 표고버섯 솥밥세트,기타 수산물가공품,제조일로부터 12개월까지,,(주)푸드벅스,20200388015206,20250901,20250913
전복,전복,The 푸짐한 정성가득  전복장,절임식품,제조일로부터 12개월까지,,(주)푸드벅스,20200388015208,20250918,20250922
부추,부추,the 푸짐한 정성가득 한끼 부추 꼬막장,절임식품,제조일로부터 24개월까지,,(주)푸드벅스,20200388015210,20251021,20251023
연어,연어,THE 프로테오글리칸 연어코연골추출물 정,고형차,제조일로부터 2년,,채움바이오 주식회사,202102030782709,20230811,20230815
들기름,들기름,THE DMZ 진심 생들기름,들기름,제조일로부터 12개월,,주식회사 진실한공방,2020036313481,20240731,20240815
라면,라면,THE HOT 열라면,유탕면,제조일로부터 6개월,,오뚜기라면(주),198603090181246,20250814,20250815
라면,라면,THE HOT 열라면 건더기스프,기타가공품,제조일로부터 12개월,,상미식품주식회사,199104490041140,20250729,20250731
낙지,낙지,The(더)낙지볶음밥,즉석조리식품,제조일로부터 12개월까지,,천일식품(주),19930199349755,20151016,20240808
귀리,귀리,the고소한 볶은귀리 미숫가루,곡류가공품,제조년월일로부터 24개월,,논앤밭위드,2020020559715,20210506,20210511
볶음참깨,볶음참깨,THE농부들앤볶음참깨분말가루,기타 농산가공품,제조일로부터 1년,,주식회사 다들림푸드,2011036855961,20251028,20260209
들기름,들기름,The맑음 들기름,들기름,제조일로부터 12개월,해당없음.,(주)더맑음,202305230913,20230925,20231014
들깨,들깨,The맑음 들깨가루,기타 농산가공품,제조일로부터 12개월,,(주)더맑음,202305230914,20231021,20231103
볶음참깨,볶음참깨,The맑음 볶음참깨,기타 농산가공품,제조일로부터 12개월,해당없음.,(주)더맑음,202305230911,20230925,20231012
참기름,참기름,The맑음 참기름,참기름,제조일로부터 12개월,해당없음.,(주)더맑음,202305230912,20230925,20231014
들깨,들깨,The맑음 탈피들깨가루,기타 농산가공품,제조일로부터 12개월,,(주)더맑음,202305230915,20231021,20231103
갈치,갈치,The미식 갈치조림 요리양념,소스,제조일로부터 12개월 까지,-,(주)하림산업 함열식품1공장,20200491392560,20250107,20250108
소고기,소고기,The미식 경상도소고기뭇국,즉석조리식품,제조일로부터 12개월까지,-,(주)하림산업 함열식품1공장,20200491392638,20250716,20250718
귀리,귀리,The미식 귀리보리밥,즉석조리식품,제조일로부터 10개월,,(주)하림산업 함열식품 3공장,2020049117060,20260508,20260509
귀리,귀리,The미식 귀리쌀밥,즉석조리식품,제조일로부터 10개월,,(주)하림산업 함열식품 3공장,202004911707,20210913,20240305
귀리,귀리,The미식 귀리쌀밥 작은공기,즉석조리식품,제조일로부터 10개월,,(주)하림산업 함열식품 3공장,2020049117042,20250908,20250910
귀리,귀리,The미식 귀리흑미밥,즉석조리식품,제조일로부터 10개월,,(주)하림산업 함열식품 3공장,2020049117059,20260508,20260509
콩나물,콩나물,The미식 김치콩나물국,즉석조리식품,제조일로부터 12개월,,(주)하림산업 함열식품1공장,20200491392441,20231012,20240301
닭다리,닭다리,The미식 닭다리 삼계탕 육수,소스,제조일로부터 12 개월,,(주)하림,19920487292216,20250306,20250308
닭다리,닭다리,The미식 닭다리 삼계탕 육수,소스,제조일로부터 12 개월,,(주)하림 제2공장,2020049145669,20250306,20250308
닭다리,닭다리,The미식 닭다리살칼국수,즉석조리식품,제조일로부터 12개월까지,,(주)하림산업 함열식품1공장,20200491392675,20251211,20251215
닭다리,닭다리,The미식 닭다리살칼국수 간장소스,소스,제조일로부터 12개월까지,,(주)하림산업 함열식품1공장,20200491392677,20251211,20251215
쌈장,쌈장,The미식 당진식 우렁쌈장,즉석조리식품,제조일로부터 12개월까지,,(주)하림산업 함열식품1공장,20200491392674,20260106,20260109
돼지고기,돼지고기,The미식 돼지고기김치찌개,즉석조리식품,제조일로부터 12개월 까지,,(주)하림산업 함열식품1공장,20200491392310,20220908,20250326
순두부,순두부,The미식 바지락순두부찌개 요리양념,소스,제조일로부터 12개월까지,-,(주)하림산업 함열식품1공장,20200491392497,20250106,20250108
부추,부추,The미식 부추새우물만두,만두,제조일로부터 9개월,,나래식품주식회사,20000498094909,20250509,20250523
부추,부추,The미식 부추새우손만두,만두,제조일로부터 9개월,,(주)하림산업 함열식품1공장,20200491392431,20230821,20240117
소고기,소고기,The미식 사골소고기미역국,즉석조리식품,제조일로부터 12개월까지,-,(주)하림산업 함열식품1공장,20200491392641,20250717,20250720
삼겹살,삼겹살,The미식 삼겹살과 가장 잘 어울리는 비빔면,유탕면,제조일로부터 6개월 까지,,(주)하림산업 함열식품 2공장,20200491534185,20260323,20260324
소고기,소고기,The미식 소고기된장전골,간편조리세트,제조일로부터 12개월까지,,(주)하림산업 함열식품1공장,20200491392540,20241016,20241018
소고기,소고기,The미식 소고기된장전골 밀키트,간편조리세트,제조일로부터 12개월까지,,(주)하림산업 함열식품1공장,20200491392533,20240910,20240912
소고기,소고기,The미식 소고기뭇국,즉석조리식품,제조일로부터 12개월까지,,(주)하림산업 함열식품1공장,20200491392475,20240401,20240615
소고기,소고기,The미식 소고기미역국,즉석조리식품,제조일로부터 12개월까지,,(주)하림산업 함열식품1공장,20200491392362,20230216,20240615
소고기,소고기,The미식 소고기육개장,즉석조리식품,제조일로부터 12개월까지,,(주)하림산업 함열식품1공장,20200491392377,20230406,20240307
소고기,소고기,The미식 소고기장터국,즉석조리식품,제조일로부터 12개월 까지,,(주)하림산업 함열식품1공장,20200491392478,20240409,20240410
소고기,소고기,The미식 소고기표고손만두,만두,제조일로부터 9개월,,(주)하림산업 함열식품1공장,20200491392432,20230821,20240117
시래기,시래기,The미식 시래기된장국,즉석조리식품,제조일로부터 12개월까지,,(주)하림산업 함열식품1공장,20200491392413,20231024,20240615
시래기,시래기,The미식 시래기장,즉석조리식품,제조일로부터 12개월까지,-,(주)하림산업 함열식품1공장,20200491392550,20250107,20250109
닭고기,닭고기,The미식 육즙닭고기교자,만두,제조일로부터 9개월,,(주)하림산업 함열식품1공장,20200491392496,20240531,20240603
순두부,순두부,The미식 차돌순두부찌개 요리양념,소스,제조일로부터 12개월 까지,-,(주)하림산업 함열식품1공장,20200491392521,20250106,20250108
소고기|미역,"소고기,미역",The미식 큰 소고기미역국,즉석조리식품,제조일로부터 12개월까지,,(주)하림산업 함열식품1공장,20200491392504,20240708,20240710
소고기,소고기,The미식 큰 소고기육개장,즉석조리식품,제조일로부터 12개월까지,,(주)하림산업 함열식품1공장,20200491392482,20240708,20240710
소고기|미역,"소고기,미역",The미식 큼직한 건더기 소고기미역국,즉석조리식품,제조일로부터 12개월까지,,(주)하림산업 함열식품1공장,20200491392693,20260327,20260330
한돈,한돈,The미식 한돈고기교자,만두,제조일로부터 9개월 까지,,(주)하림산업 함열식품1공장,20200491392697,20260224,20260226
미역,미역,The미식 한우미역국,즉석조리식품,제조일로부터 12개월 까지,,(주)하림산업 함열식품1공장,20200491392293,20220830,20250208
미역,미역,The미식 한우양지미역국,즉석조리식품,제조일로부터 12개월까지,,(주)하림산업 함열식품1공장,20200491392663,20251013,20260512
콩나물,콩나물,The미식 황태콩나물국,즉석조리식품,제조일로부터 12개월까지,,(주)하림산업 함열식품1공장,20200491392460,20240116,20240713
라면,라면,THE배터질라면,유탕면,제조일로부터 6개월까지,,(주)팔도,20120512055254,20230331,20230518
라면,라면,THE배터질라면,유탕면,제조일부터 6개월,,(주) 팔도,19830358021562,20191023,20210714
라면,라면,THE배터질라면 건더기스프,기타가공품,제조일부터 12개월,,(주) 팔도,1983035802145,20230512,20230517
베이컨,베이컨,The베이컨올리브 샐러드,즉석섭취식품,제조일로 부터 8일,,(주)한양에프앤비,2006035525096,20180920,20181006
요구르트,요구르트,The순 요구르트향,리큐르,,,고려원 주식회사 농업회사법인,2020001622285,20220916,20220916
사탕,사탕,the스윗해피할로윈솜사탕,캔디류,제조일로 부터 18개월,제조일로부터 18개월,주)앙팡드봉봉,20190115136107,20230810,20250925
연어,연어,THE치즈갈릭연어스테이크,기타 수산물가공품,제조일로부터 1년,,(주)다온인터내셔널,2023052310221,20250210,20250211
생크림,생크림,The쿠키생크림,식물성크림,제조일로부터 9개월,,주식회사 산지,20170433005505,20260305,20260308
낙지,낙지,The통통한낙지볶음밥,즉석조리식품,"냉동, 12개월",,(주)시아스,200504150204001,20201202,20230624
생크림,생크림,THINK AOP 미니생크림스콘,빵류,제조일로 부터 9개월,,서울식품공업(주),198504330152197,20200925,20200929
음료,음료,TLJ말차음료파우더,고형차,제조일로부터 2년까지,,주식회사 티젠,20030523072571,20231214,20231215
생크림,생크림,TLJ바닐라생크림용롤시트,빵류,180일(냉동),,씨제이푸드빌주식회사,199704451444348,20250627,20250630
수박,수박,TLJ수박스무디,과.채가공품,제조일로부터 24개월,,(주)흥국에프엔비,201104452921372,20260313,20260324
새우젓,새우젓,TM새우젓소스,소스,제조일로부터 12개월,,태원식품산업(주),198503110019130,20200319,20200413
물엿,물엿,TMS물엿(Glucose Syrup),물엿,제조일로부터 24개월,무,대상주식회사,20030484120113,20200409,20240117
생크림,생크림,TN 녹차 생크림 단팥빵,빵류,냉동 180일,,(주)신세계푸드 메인주방,201600366851423,20260401,20260422
생크림,생크림,TN 생크림 단팥빵,빵류,냉동 180일,,(주)신세계푸드 메인주방,201600366851422,20260401,20260422
명란,명란,TS 진심명란마요,소스,제조일로부터 6개월까지,제조일로부터 6개월까지,주식회사 태승글로벌 트레이딩,20210348969205,20240807,20240813
갈치,갈치,TSG 갈치속젓소스,소스,제조일로부터 6개월까지,,(주)에프앤에스식품,202103521781128,20230808,20230822
라면,라면,TSG 라면다데기,소스,제조일로부터 6개월까지,,(주)에프앤에스식품,202103521781168,20230904,20230923
쌈장,쌈장,TSG 쌈장소스,소스,제조일로부터 6개월까지,,(주)에프앤에스식품,202103521781129,20230801,20231215
깻잎,깻잎,TUNA & PERILLA LEAF KIMBAP(참치마요깻잎김밥),즉석조리식품,제조일로부터 18개월 (-18℃이하 냉동보관),,(주)이노하스,2024066107547,20250131,20250509
수박,수박,U.F.O수박아이스,과.채가공품,제조일로부터 36개월,,대보푸드 주식회사,2022042902773,20260611,20260613
그래놀라,그래놀라,UF 그래놀라 플레인,곡류가공품,제조일로부터 12개월까지,,주식회사 어반파머,2020047010722,20210622,20210625
스테이크소스,스테이크소스,UFO스테이크소스,소스,제조일로부터 4개월,,태원식품산업(주),198503110019214,20200414,20200421
소시지,소시지,UNLIMEAT SAUSAGE KIMBAP 언리미트 식물성 소시지 김밥,즉석조리식품,냉동 18개월,,(주)이에스그린푸드,20170443338712,20241023,20241025
깻잎,깻잎,VASAK 들깨·깻잎 김부각,조미김,제조일로 12개월,,주식회사 춘향골식품,202407492358,20250414,20251031
생크림,생크림,VEZZLY 단팥생크림빵,빵류,제조일로부터 9개월까지,,(주)푸드코아,200402750571376,20240723,20240912
생크림,생크림,VEZZLY 마롱생크림빵,빵류,제조일로부터 9개월까지,,(주)푸드코아,200402750571531,20250804,20250807
우유,우유,VEZZLY 우유생크림빵,빵류,제조일로부터 9개월까지,,(주)푸드코아,200402750571375,20240723,20240912
생크림,생크림,VEZZLY 초코생크림빵,빵류,제조일로부터 9개월까지,,(주)푸드코아,200402750571532,20250804,20250807
굴소스,굴소스,vip프리미엄굴소스,소스,제조일로부터 12개월,,(주)삼진푸드,199104430292573,20240913,20240920
스테이크소스,스테이크소스,VIPS 스테이크소스,소스,제조일부터 6개월 (냉장보관),,(주)동원홈푸드,201904421493044,20260331,20260409
스테이크소스,스테이크소스,VIPS 스테이크소스,소스,제조일부터 6개월 (냉장보관),,(주)동원홈푸드,2002046107316632,20260331,20260407
고등어,고등어,Visio 고등어크림리조또,즉석조리식품,24개월,,(주)진푸드,20200382755528,20251223,20260201
명태,명태,Visio 명태크림리조또,즉석조리식품,24개월,,(주)진푸드,20200382755535,20260129,20260201
생선,생선,VIVID KITCHEN 생선조림양념,소스,제조일부터 6개월 (냉장보관),,(주)동원홈푸드,20190442149535,20201116,20210529
생선,생선,VIVID KITCHEN 생선조림양념,소스,제조일부터 6개월 (냉장보관),,(주)동원홈푸드,2002046107310876,20201116,20210408
순두부,순두부,VIVID KITCHEN 순두부찌개양념,소스,제조일부터 6개월 (냉장보관),,(주)동원홈푸드,20190442149578,20201116,20210529
순두부,순두부,VIVID KITCHEN 순두부찌개양념,소스,제조일부터 6개월 (냉장보관),,(주)동원홈푸드,2002046107310958,20201116,20210408
쌈장,쌈장,VIVID KITCHEN 쌈장,혼합장,제조일로부터 18개월까지,,(주)참고을 제2공장,20030493175260,20240906,20240912
굴소스,굴소스,VIVID KITCHEN 저당 굴소스(조리용),소스,제조일부터 12개월 (실온보관),,(주)동원홈푸드,2002046107315535,20250217,20260205
굴소스,굴소스,VIVID KITCHEN 저당 굴소스(조리용),소스,제조일부터 12개월 (실온보관),,(주)동원홈푸드,201904421492514,20250217,20260204
돈까스소스,돈까스소스,VIVID KITCHEN 저당 돈까스소스,소스,제조일부터 9개월 (냉장보관),,(주)동원홈푸드,2002046107314381,20240223,20240312
돈까스소스,돈까스소스,VIVID KITCHEN 저당 돈까스소스,소스,제조일부터 9개월 (냉장보관),,(주)동원홈푸드,201904421491870,20240223,20240312
쌈장,쌈장,VIVID KITCHEN 저당 쌈장소스,소스,제조일부터 9개월 (냉장보관),,(주)동원홈푸드,2002046107314972,20240919,20250917
쌈장,쌈장,VIVID KITCHEN 저당 쌈장소스,소스,제조일부터 9개월 (냉장보관),,(주)동원홈푸드,201904421492217,20240919,20250922
쌈장,쌈장,VIVID KITCHEN 저당 양념쌈장소스,소스,제조일부터 12개월 (실온보관),,(주)동원홈푸드,201904421492612,20251111,20251121
쌈장,쌈장,VIVID KITCHEN 저당 양념쌈장소스,소스,제조일부터 12개월 (실온보관),,(주)동원홈푸드,2002046107315765,20251111,20251121
굴소스,굴소스,VIVID KITCHEN 저당굴소스,소스,제조일부터 9개월 (냉장보관),,(주)동원홈푸드,201904421491348,20230131,20230201
굴소스,굴소스,VIVID KITCHEN 저당굴소스,소스,제조일부터 9개월 (냉장보관),,(주)동원홈푸드,2002046107313472,20230131,20230202
멸치,멸치,VIVID KITCHEN 저당멸치볶음양념,소스,제조일부터 12개월 (실온보관),,(주)동원홈푸드,2002046107315577,20250428,20250514
멸치,멸치,VIVID KITCHEN 저당멸치볶음양념,소스,제조일부터 12개월 (실온보관),,(주)동원홈푸드,201904421492536,20250428,20250515
케첩,케첩,VIVID KITCHEN 저칼로리 할라피뇨 케첩,토마토케첩,제조일부터 9개월 (냉장보관),,(주)동원홈푸드,2002046107314450,20240223,20240228
케첩,케첩,VIVID KITCHEN 저칼로리 할라피뇨 케첩,토마토케첩,제조일부터 9개월 (냉장보관),,(주)동원홈푸드,201904421491917,20240223,20240227
케첩,케첩,VIVID KITCHEN 저칼로리토마토케첩,토마토케첩,제조일부터 9개월 (냉장보관),,(주)동원홈푸드,2002046107313212,20240321,20240322
케첩,케첩,VIVID KITCHEN 저칼로리토마토케첩,토마토케첩,제조일부터 9개월 (냉장보관),,(주)동원홈푸드,20190442149462,20200717,20240323
키위,키위,VK 콤부차 키위,고형차,제조일로부터 24개월까지,,(주)다농원,20030445181295,20230824,20230825
전복,전복,W전복죽,즉석조리식품,제조일로부터 6개월 까지,,주식회사 동방푸드마스타,199104450778991,20230704,20230706
스테이크소스,스테이크소스,WAGYU&LAMB 스테이크소스,소스,제조일로부터 10개월까지,,(주)가온푸드,201404432562702,20260423,20260424
스테이크소스,스테이크소스,WAGYU&LAMB스테이크소스,소스,6개월,,주식회사후레쉬서브천안공장,20120449005811,20230306,20230308
수박,수박,Water Melon Flavor ES1 (수박향 ES1),향료,해당사항없음,해당사항없음,주식회사 세림향료,200802750621072,20200109,20220702
대파,대파,WD위벨롭먼트 대파크림치즈소스,소스,제조일로부터 3개월까지,,엠지푸드솔루션 주식회사,200100535802446,20231005,20231009
키위,키위,"WelFruit 3믹스_1 (메론, 키위, 청포도)",신선편의식품,8일,,농업회사법인주식회사푸드팩토리,20150541089210,20200412,20200414
키위,키위,WelFruit 골드 키위,신선편의식품,8일,,농업회사법인주식회사푸드팩토리,20150541089250,20200812,20200814
키위,키위,WelFruit 키위,신선편의식품,제조일로부터 5일,,농업회사법인(주)삼신후르츠,20110344284388,20230308,20260201
키위,키위,WelFruit 키위,신선편의식품,8일,,농업회사법인주식회사푸드팩토리,20150541089241,20200416,20200418
그래놀라,그래놀라,whole grain 저당 그래놀라,곡류가공품,제조일로부터 12개월까지,,(주)엄마사랑,200204150291176,20241011,20260602
굴소스,굴소스,WISELY 저당 굴소스,소스,제조일부터 9개월,,서울향료(주)진천공장,201804502621948,20250527,20250528
귀리,귀리,WISELY 현미귀리 발효곤약밥,즉석조리식품,13개월,,화심영농조합법인,20150461821221,20230310,20250905
생크림,생크림,X-mas 딸기생크림 L,빵류,제조일로부터 냉장7일,,(주)한스제과,20100288523165,20171213,20251223
생크림,생크림,X-mas 딸기생크림 S,빵류,제조일로부터 냉장7일,,(주)한스제과,20100288523166,20171213,20251223
생크림,생크림,X-mas)고구마반생크림반케이크,빵류,제조일로부터 냉동(-18℃이하) 9개월까지,,(주)파리크라상,198802750016979,20241209,20251030
우유,우유,X-mas)우유가득 생크림 케이크 1호,빵류,제조일로부터 냉동(-18℃이하) 9개월까지,,(주)파리크라상,198802750017097,20251028,20251030
우유,우유,X-mas)우유가득 생크림 케이크 2호,빵류,제조일로부터 냉동(-18℃이하) 9개월까지,,(주)파리크라상,198802750017098,20251028,20251030
우유,우유,X-mas)우유퐁당 생크림 케이크 1호,빵류,제조일로부터 냉동(-18℃이하) 9개월까지,,(주)파리크라상,198802750017099,20251014,20251018
우유,우유,X-mas)우유퐁당 생크림 케이크 2호,빵류,제조일로부터 냉동(-18℃) 9개월까지,,(주)파리크라상,198802750017100,20251021,20251024
키위,키위,XR일렉트로라이트 딸기키위,혼합음료,제조일로부터 24개월,,오케이에프음료 주식회사,201005430661063,20221026,20221027
수박,수박,XR일렉트로라이트 수박,혼합음료,제조일로부터 24개월,,오케이에프음료 주식회사,201005430661074,20221102,20221103
키위,키위,XR일렉트로라이트제로슈가 수박키위,혼합음료,제조일로부터 24개월,,오케이에프음료 주식회사,201005430661549,20250514,20250516
시리얼,시리얼,XS 에너지 시리얼 초코 콘플레이크,시리얼류,12개월,,농심켈로그주식회사,19830360016167,20181030,20220323
시리얼,시리얼,XS 에너지 시리얼 허니 오트밀,시리얼류,12개월,,농심켈로그주식회사,1983036001613,20020305,20250618
시리얼,시리얼,XS 에너지 시리얼 허니 콘플레이크,시리얼류,12개월,,농심켈로그주식회사,1983036001623,20020927,20220329
그래놀라,그래놀라,XS 에너지 프로틴 그래놀라 크랜베리 아몬드,곡류가공품,12개월,,농심켈로그주식회사,19830360016178,20200117,20200204
새우젓,새우젓,Y-다움 새우젓,젓갈,24개월,,주식회사 씨사우스앤피,2022074912252,20231030,20231031
계란,계란,YES 노릇한 계란옷 입힌 새우부추완자,기타 수산물가공품,제조일로부터 12개월까지,,(주)네이처앤컬처,20020347127210,20260317,20260319
요구르트,요구르트,Yogurt Flavor ES1 (요구르트향 ES1),향료,해당사항없음,해당사항없음,주식회사 세림향료,200802750621075,20200109,20220702
요구르트,요구르트,Yogurt Flavor Powder ES1 (요구르트향분말 ES1),혼합제제,해당사항없음,해당사항없음,주식회사 세림향료,200802750621076,20200109,20200121
명란,명란,YOPOKKI 명란마요 떡볶이,떡류,제조일로부터 18개월,,농업회사법인(주)영풍,20240249038217,20241129,20241204
다시마,다시마,Yorihada 멸치다시마육수,소스,제조일로부터 12개월까지,,대상푸드플러스주식회사,198804490042076,20190530,20190807
마요네즈,마요네즈,youus 바질마요네즈,마요네즈,제조일로부터 8개월까지,,(주)원일식품,200004430423001,20181023,20181024
수박,수박,youus 수박과즙에이드,과.채음료,제조일로부터 18개월,,(주)바이오포트코리아,20000614238542,20230208,20260416
마요네즈,마요네즈,youus 트러플마요네즈,마요네즈,제조일로부터 8개월까지,,(주)원일식품,200004430423051,20181023,20181024
사탕,사탕,YOYO솜사탕1,캔디류,제조일로부터 1년,,씨씨제과,2020037237018,20230706,20230831
사탕,사탕,YOYO솜사탕2,캔디류,제조일로부터 1년,,씨씨제과,2020037237019,20230706,20230831
사탕,사탕,YOYO솜사탕3,캔디류,제조일로부터 1년,,씨씨제과,2020037237020,20230706,20230831
깻잎,깻잎,YP 깻잎전,기타가공품,제조일로부터 12개월,,농업회사법인(주)영풍,20220233480142,20250827,20250828
우유,우유,YUMILKA MILK YAKGWA (우유 약과),과자,제조일로부터 6개월 까지,,이당푸드,2023050335311,20240525,20250524
튀김가루,튀김가루,Zero-G 글루텐 프리 쌀 튀김가루,곡류가공품,제조일로부터 12개월,,아이삭주식회사,2017020252710,20250507,20250530